date,year,month,AverageTemperatureCelsius
1743-11-01,1743,11,3.43
1743-11-01,1743,11,4.493999999999999
1744-04-01,1744,4,8.934999999999999
1744-04-01,1744,4,8.309000000000001
1744-05-01,1744,5,12.223999999999998
1744-05-01,1744,5,11.037
1744-06-01,1744,6,15.325999999999995
1744-06-01,1744,6,13.725
1744-07-01,1744,7,16.047
1744-09-01,1744,9,13.29
1744-09-01,1744,9,12.717
1744-10-01,1744,10,6.998000000000001
1744-10-01,1744,10,7.813000000000001
1744-11-01,1744,11,2.7720000000000016
1744-11-01,1744,11,3.460000000000001
1744-12-01,1744,12,-2.684999999999999
1744-12-01,1744,12,-1.399
1745-01-01,1745,1,-6.074999999999999
1745-01-01,1745,1,-4.663
1745-02-01,1745,2,-4.867999999999999
1745-02-01,1745,2,-3.329
1745-03-01,1745,3,-0.3580000000000005
1745-03-01,1745,3,0.4650000000000018
1745-04-01,1745,4,6.221999999999998
1745-04-01,1745,4,5.936999999999999
1750-01-01,1750,1,-2.197
1750-01-01,1750,1,-1.515
1750-02-01,1750,2,-0.0320000000000004
1750-02-01,1750,2,1.3870000000000005
1750-03-01,1750,3,3.934999999999999
1750-03-01,1750,3,4.7810000000000015
1750-04-01,1750,4,8.352
1750-04-01,1750,4,7.386999999999999
1750-05-01,1750,5,12.825
1750-05-01,1750,5,11.675
1750-06-01,1750,6,16.788
1750-06-01,1750,6,15.3
1750-07-01,1750,7,19.557
1750-07-01,1750,7,18.142000000000003
1750-08-01,1750,8,18.177
1750-08-01,1750,8,16.625
1750-09-01,1750,9,12.738000000000005
1750-09-01,1750,9,12.398999999999996
1750-10-01,1750,10,4.532999999999999
1750-10-01,1750,10,5.266
1750-12-01,1750,12,-3.6830000000000007
1750-12-01,1750,12,-1.8340000000000007
1751-01-01,1751,1,-4.686999999999999
1751-01-01,1751,1,-3.192
1751-02-01,1751,2,-6.376
1751-02-01,1751,2,-4.439000000000001
1751-03-01,1751,3,3.2180000000000004
1751-03-01,1751,3,3.84
1751-04-01,1751,4,6.790999999999999
1751-04-01,1751,4,5.675000000000002
1751-06-01,1751,6,17.039
1751-06-01,1751,6,16.108999999999998
1751-07-01,1751,7,18.908
1751-07-01,1751,7,17.474999999999998
1751-08-01,1751,8,18.375
1751-08-01,1751,8,17.367
1751-09-01,1751,9,12.532999999999998
1751-09-01,1751,9,12.085
1752-01-01,1752,1,-5.490000000000001
1752-01-01,1752,1,-3.54
1752-03-01,1752,3,2.798
1752-03-01,1752,3,3.1650000000000014
1752-04-01,1752,4,7.608999999999999
1752-04-01,1752,4,6.761000000000001
1752-10-01,1752,10,7.635000000000001
1752-10-01,1752,10,7.901000000000001
1752-11-01,1752,11,3.736999999999999
1752-11-01,1752,11,4.339999999999999
1752-12-01,1752,12,-0.8079999999999998
1752-12-01,1752,12,0.284999999999999
1753-01-01,1753,1,-5.328999999999999
1753-01-01,1753,1,-4.503
1753-02-01,1753,2,-3.956999999999999
1753-02-01,1753,2,-2.5260000000000007
1753-03-01,1753,3,3.2069999999999985
1753-03-01,1753,3,3.5909999999999997
1753-04-01,1753,4,8.399999999999999
1753-04-01,1753,4,7.613999999999998
1753-05-01,1753,5,13.447
1753-05-01,1753,5,12.177
1753-06-01,1753,6,17.114
1753-06-01,1753,6,16.302999999999997
1753-07-01,1753,7,18.546000000000003
1753-07-01,1753,7,17.434
1753-08-01,1753,8,17.159000000000002
1753-08-01,1753,8,15.889
1753-09-01,1753,9,13.773000000000003
1753-09-01,1753,9,13.39
1753-10-01,1753,10,8.529000000000003
1753-10-01,1753,10,8.639999999999999
1753-11-01,1753,11,1.3859999999999988
1753-11-01,1753,11,1.7950000000000008
1753-12-01,1753,12,-6.178999999999999
1753-12-01,1753,12,-3.732000000000001
1754-01-01,1754,1,-5.133
1754-01-01,1754,1,-3.795
1754-02-01,1754,2,-5.354
1754-02-01,1754,2,-3.945
1754-03-01,1754,3,-0.7589999999999996
1754-03-01,1754,3,-0.7139999999999999
1754-04-01,1754,4,8.338999999999999
1754-04-01,1754,4,7.013999999999999
1754-05-01,1754,5,14.165
1754-05-01,1754,5,12.965000000000002
1754-06-01,1754,6,17.458
1754-07-01,1754,7,17.468
1754-07-01,1754,7,16.023
1754-08-01,1754,8,16.863
1754-08-01,1754,8,16.176000000000002
1754-09-01,1754,9,12.598
1754-09-01,1754,9,12.371999999999998
1754-10-01,1754,10,8.477
1754-10-01,1754,10,8.990000000000002
1754-11-01,1754,11,2.4610000000000003
1754-11-01,1754,11,3.4979999999999998
1754-12-01,1754,12,-1.5860000000000003
1754-12-01,1754,12,-0.671999999999999
1755-01-01,1755,1,-8.473
1755-01-01,1755,1,-7.922000000000001
1755-02-01,1755,2,-7.986999999999999
1755-02-01,1755,2,-6.9350000000000005
1755-03-01,1755,3,0.3980000000000001
1755-03-01,1755,3,1.0829999999999984
1755-04-01,1755,4,9.473
1755-04-01,1755,4,9.512999999999998
1755-05-01,1755,5,14.133
1755-05-01,1755,5,12.467999999999998
1755-06-01,1755,6,19.163
1755-06-01,1755,6,17.934
1755-07-01,1755,7,19.262
1755-07-01,1755,7,17.523000000000003
1755-08-01,1755,8,16.537999999999997
1755-08-01,1755,8,15.547
1755-09-01,1755,9,12.586999999999998
1755-09-01,1755,9,12.08
1755-10-01,1755,10,7.491000000000001
1755-10-01,1755,10,7.467000000000002
1755-11-01,1755,11,2.173
1755-11-01,1755,11,2.7180000000000013
1755-12-01,1755,12,-1.7850000000000006
1755-12-01,1755,12,-0.1600000000000001
1756-01-01,1756,1,-1.6250000000000004
1756-01-01,1756,1,-0.0860000000000009
1756-02-01,1756,2,0.3439999999999996
1756-02-01,1756,2,1.1070000000000018
1756-03-01,1756,3,2.295
1756-03-01,1756,3,2.9139999999999984
1756-04-01,1756,4,7.481000000000001
1756-04-01,1756,4,6.597999999999998
1756-05-01,1756,5,13.018999999999998
1756-05-01,1756,5,11.936
1756-06-01,1756,6,19.317
1756-06-01,1756,6,18.199
1756-07-01,1756,7,19.586
1756-07-01,1756,7,18.22
1756-08-01,1756,8,16.432
1756-08-01,1756,8,15.735
1756-09-01,1756,9,14.153
1756-09-01,1756,9,14.181
1756-10-01,1756,10,7.562999999999999
1756-10-01,1756,10,7.896000000000001
1756-11-01,1756,11,0.0890000000000018
1756-11-01,1756,11,0.9659999999999987
1756-12-01,1756,12,-3.0520000000000005
1757-01-01,1757,1,-4.548999999999999
1757-02-01,1757,2,-1.1299999999999994
1757-02-01,1757,2,-0.1569999999999992
1757-03-01,1757,3,1.9170000000000007
1757-03-01,1757,3,2.583
1757-04-01,1757,4,9.251
1757-04-01,1757,4,8.199999999999998
1757-05-01,1757,5,13.375000000000002
1757-05-01,1757,5,12.104
1757-06-01,1757,6,19.675000000000004
1757-06-01,1757,6,18.004
1757-07-01,1757,7,22.421
1757-07-01,1757,7,20.913
1757-08-01,1757,8,18.479000000000003
1757-08-01,1757,8,17.223
1757-09-01,1757,9,13.074
1757-09-01,1757,9,11.936
1757-10-01,1757,10,3.526999999999999
1757-10-01,1757,10,3.867
1757-11-01,1757,11,2.445000000000002
1757-11-01,1757,11,3.171
1757-12-01,1757,12,-4.52
1757-12-01,1757,12,-3.1630000000000003
1758-01-01,1758,1,-8.552
1758-01-01,1758,1,-6.943999999999999
1758-02-01,1758,2,-4.288
1758-02-01,1758,2,-2.525000000000001
1758-03-01,1758,3,0.6670000000000008
1758-03-01,1758,3,1.6469999999999985
1758-04-01,1758,4,6.309000000000001
1758-04-01,1758,4,5.745999999999999
1758-05-01,1758,5,13.668
1758-05-01,1758,5,12.915
1758-06-01,1758,6,17.396
1758-06-01,1758,6,16.419999999999998
1758-07-01,1758,7,17.544
1758-07-01,1758,7,15.806000000000004
1758-08-01,1758,8,17.151
1758-08-01,1758,8,16.392000000000003
1758-09-01,1758,9,11.328
1758-09-01,1758,9,11.094
1758-10-01,1758,10,4.495000000000001
1758-10-01,1758,10,5.381
1758-11-01,1758,11,2.041
1758-11-01,1758,11,2.7749999999999986
1758-12-01,1758,12,-2.672
1758-12-01,1758,12,-0.968
1759-01-01,1759,1,-1.405
1759-01-01,1759,1,-0.1600000000000001
1759-02-01,1759,2,-0.7359999999999999
1759-02-01,1759,2,0.3339999999999992
1759-03-01,1759,3,2.2109999999999985
1759-03-01,1759,3,2.796000000000001
1759-04-01,1759,4,6.929999999999998
1759-04-01,1759,4,6.4750000000000005
1759-05-01,1759,5,11.55
1759-05-01,1759,5,10.738
1759-06-01,1759,6,18.151000000000003
1759-06-01,1759,6,16.731
1759-07-01,1759,7,19.491
1759-07-01,1759,7,18.638
1759-08-01,1759,8,18.664
1759-08-01,1759,8,17.311999999999998
1759-09-01,1759,9,13.139
1759-09-01,1759,9,12.973
1759-10-01,1759,10,7.406000000000002
1759-10-01,1759,10,8.322
1759-11-01,1759,11,-0.614
1759-11-01,1759,11,-0.2109999999999997
1759-12-01,1759,12,-6.808000000000001
1759-12-01,1759,12,-5.143000000000001
1760-01-01,1760,1,-7.936999999999999
1760-01-01,1760,1,-5.066999999999999
1760-02-01,1760,2,-3.786000000000002
1760-02-01,1760,2,-2.8109999999999995
1760-03-01,1760,3,-0.6570000000000005
1760-03-01,1760,3,0.2280000000000015
1760-04-01,1760,4,6.885999999999998
1760-04-01,1760,4,7.0120000000000005
1760-05-01,1760,5,13.345
1760-05-01,1760,5,12.354
1760-06-01,1760,6,17.462000000000003
1760-06-01,1760,6,16.378
1760-07-01,1760,7,18.382
1760-07-01,1760,7,17.206
1760-08-01,1760,8,17.584000000000003
1760-08-01,1760,8,16.693
1760-09-01,1760,9,14.427999999999995
1760-09-01,1760,9,14.078
1760-10-01,1760,10,6.856000000000001
1760-10-01,1760,10,7.8820000000000014
1760-11-01,1760,11,1.7569999999999988
1760-11-01,1760,11,2.733000000000002
1760-12-01,1760,12,-1.4700000000000004
1760-12-01,1760,12,0.8339999999999984
1761-01-01,1761,1,-4.656000000000001
1761-01-01,1761,1,-3.379
1761-02-01,1761,2,-1.9769999999999992
1761-02-01,1761,2,0.0030000000000009
1761-03-01,1761,3,3.9619999999999993
1761-03-01,1761,3,4.441
1761-04-01,1761,4,7.071999999999999
1761-04-01,1761,4,6.382000000000001
1761-05-01,1761,5,14.901000000000002
1761-05-01,1761,5,13.978000000000002
1761-06-01,1761,6,19.589
1761-06-01,1761,6,18.014000000000003
1761-07-01,1761,7,19.43
1761-07-01,1761,7,17.667
1761-08-01,1761,8,19.291
1761-08-01,1761,8,18.254999999999995
1761-09-01,1761,9,15.242
1761-09-01,1761,9,14.998
1761-10-01,1761,10,5.306000000000001
1761-10-01,1761,10,5.787999999999999
1761-11-01,1761,11,1.6109999999999995
1761-11-01,1761,11,2.3710000000000004
1761-12-01,1761,12,-6.124
1761-12-01,1761,12,-4.761
1762-01-01,1762,1,-1.582
1762-01-01,1762,1,-0.7049999999999991
1762-02-01,1762,2,-1.8460000000000003
1762-02-01,1762,2,-1.1749999999999992
1762-03-01,1762,3,-0.9429999999999992
1762-03-01,1762,3,-0.7130000000000002
1762-04-01,1762,4,9.361
1762-04-01,1762,4,9.085
1762-05-01,1762,5,13.577000000000002
1762-05-01,1762,5,12.754
1762-06-01,1762,6,18.364
1762-06-01,1762,6,16.652
1762-07-01,1762,7,18.639000000000003
1762-07-01,1762,7,17.711
1762-08-01,1762,8,16.048000000000002
1762-08-01,1762,8,15.063
1762-09-01,1762,9,12.401000000000002
1762-09-01,1762,9,12.545000000000002
1762-10-01,1762,10,4.452999999999999
1762-10-01,1762,10,5.364000000000001
1762-11-01,1762,11,2.395
1762-11-01,1762,11,2.5400000000000014
1762-12-01,1762,12,-4.329000000000001
1762-12-01,1762,12,-3.765000000000001
1763-01-01,1763,1,-7.473000000000001
1763-01-01,1763,1,-6.654
1763-02-01,1763,2,-1.784000000000001
1763-02-01,1763,2,0.8299999999999998
1763-03-01,1763,3,-0.9010000000000002
1763-03-01,1763,3,0.3529999999999983
1763-04-01,1763,4,6.428
1763-04-01,1763,4,5.877999999999998
1763-05-01,1763,5,11.365999999999998
1763-06-01,1763,6,16.372
1763-06-01,1763,6,15.272
1763-07-01,1763,7,18.106
1763-08-01,1763,8,18.326000000000004
1763-08-01,1763,8,17.606
1763-09-01,1763,9,11.812
1763-09-01,1763,9,11.636999999999995
1763-10-01,1763,10,5.161
1763-10-01,1763,10,5.675000000000002
1763-11-01,1763,11,0.7940000000000009
1763-11-01,1763,11,1.831
1763-12-01,1763,12,-0.5929999999999995
1763-12-01,1763,12,0.9979999999999992
1764-01-01,1764,1,-2.7810000000000006
1764-01-01,1764,1,-0.614
1764-02-01,1764,2,0.906999999999998
1764-02-01,1764,2,2.019
1764-03-01,1764,3,1.3950000000000016
1764-03-01,1764,3,1.224999999999999
1764-04-01,1764,4,7.010000000000002
1764-04-01,1764,4,6.192999999999999
1764-05-01,1764,5,14.433
1764-05-01,1764,5,13.775
1764-06-01,1764,6,15.557
1764-06-01,1764,6,14.497000000000002
1764-07-01,1764,7,19.912
1764-07-01,1764,7,18.431
1764-08-01,1764,8,16.689
1764-08-01,1764,8,15.408
1764-09-01,1764,9,12.056999999999997
1764-09-01,1764,9,11.363999999999995
1764-10-01,1764,10,6.820000000000002
1764-10-01,1764,10,6.773999999999998
1764-11-01,1764,11,1.0959999999999996
1764-11-01,1764,11,1.871999999999999
1764-12-01,1764,12,-2.0010000000000003
1764-12-01,1764,12,-1.0849999999999995
1765-01-01,1765,1,-2.3110000000000004
1765-01-01,1765,1,-0.6589999999999997
1765-02-01,1765,2,-4.513999999999999
1765-02-01,1765,2,-3.923
1765-03-01,1765,3,3.2899999999999983
1765-03-01,1765,3,3.826999999999998
1765-04-01,1765,4,8.449
1765-04-01,1765,4,7.623999999999999
1765-05-01,1765,5,11.652
1765-05-01,1765,5,10.335
1765-06-01,1765,6,16.431
1765-06-01,1765,6,15.434
1765-07-01,1765,7,16.934
1765-07-01,1765,7,15.107
1765-08-01,1765,8,18.163
1765-09-01,1765,9,12.329
1765-09-01,1765,9,12.049
1765-10-01,1765,10,7.617
1765-10-01,1765,10,8.131999999999998
1765-11-01,1765,11,2.6699999999999986
1765-11-01,1765,11,3.0049999999999994
1765-12-01,1765,12,-2.880000000000001
1765-12-01,1765,12,-2.015999999999999
1766-01-01,1766,1,-6.915
1766-01-01,1766,1,-5.546
1766-02-01,1766,2,-3.851999999999999
1766-02-01,1766,2,-2.7389999999999994
1766-03-01,1766,3,2.4579999999999997
1766-03-01,1766,3,2.6450000000000014
1766-04-01,1766,4,9.199
1766-04-01,1766,4,8.499999999999998
1766-05-01,1766,5,14.392
1766-05-01,1766,5,13.148000000000003
1766-06-01,1766,6,17.650000000000002
1766-06-01,1766,6,16.271
1766-07-01,1766,7,18.219
1766-07-01,1766,7,16.596999999999998
1766-08-01,1766,8,17.42
1766-08-01,1766,8,16.307000000000002
1766-09-01,1766,9,13.936
1766-09-01,1766,9,13.465
1766-10-01,1766,10,6.795999999999999
1766-10-01,1766,10,6.903000000000002
1766-11-01,1766,11,3.5160000000000005
1766-11-01,1766,11,3.763000000000001
1766-12-01,1766,12,-3.5500000000000003
1766-12-01,1766,12,-2.4409999999999994
1767-01-01,1767,1,-11.095
1767-01-01,1767,1,-10.043
1767-02-01,1767,2,-2.4739999999999998
1767-02-01,1767,2,-0.022
1767-03-01,1767,3,1.9030000000000016
1767-03-01,1767,3,1.9540000000000013
1767-04-01,1767,4,4.874999999999999
1767-04-01,1767,4,4.466000000000001
1767-05-01,1767,5,12.032000000000002
1767-05-01,1767,5,10.635
1767-06-01,1767,6,16.396
1767-06-01,1767,6,14.729
1767-07-01,1767,7,18.017
1767-07-01,1767,7,16.994
1767-08-01,1767,8,18.58
1767-08-01,1767,8,17.096999999999998
1767-09-01,1767,9,14.300000000000002
1767-09-01,1767,9,13.449
1767-10-01,1767,10,7.816999999999999
1767-10-01,1767,10,8.035
1767-11-01,1767,11,5.041
1767-11-01,1767,11,5.540999999999999
1767-12-01,1767,12,-4.276999999999999
1767-12-01,1767,12,-3.676
1768-01-01,1768,1,-9.244999999999996
1768-01-01,1768,1,-8.09
1768-02-01,1768,2,-5.628000000000001
1768-02-01,1768,2,-3.823
1768-03-01,1768,3,-1.441000000000001
1768-03-01,1768,3,-0.1669999999999996
1768-04-01,1768,4,6.99
1768-04-01,1768,4,6.314000000000001
1768-05-01,1768,5,11.836
1768-05-01,1768,5,11.217999999999998
1768-06-01,1768,6,16.592
1768-06-01,1768,6,15.272
1768-07-01,1768,7,18.732000000000003
1768-07-01,1768,7,17.405
1768-08-01,1768,8,17.343
1768-08-01,1768,8,16.442999999999998
1768-09-01,1768,9,12.201
1768-09-01,1768,9,11.768999999999998
1768-10-01,1768,10,6.211
1768-10-01,1768,10,6.509
1768-11-01,1768,11,2.1250000000000018
1768-11-01,1768,11,2.7150000000000003
1768-12-01,1768,12,-1.0739999999999996
1768-12-01,1768,12,-0.9689999999999996
1769-01-01,1769,1,-2.119
1769-01-01,1769,1,-1.0490000000000006
1769-02-01,1769,2,-2.998
1769-02-01,1769,2,-1.8630000000000004
1769-03-01,1769,3,1.617999999999999
1769-03-01,1769,3,1.7800000000000002
1769-04-01,1769,4,7.754
1769-04-01,1769,4,7.227
1769-05-01,1769,5,12.869
1769-05-01,1769,5,11.224000000000002
1769-06-01,1769,6,17.319
1769-06-01,1769,6,15.347999999999995
1769-07-01,1769,7,18.223
1769-07-01,1769,7,16.954
1769-08-01,1769,8,16.810999999999996
1769-08-01,1769,8,15.52
1769-09-01,1769,9,13.479
1769-09-01,1769,9,13.231000000000002
1769-10-01,1769,10,3.399000000000001
1769-10-01,1769,10,3.6020000000000016
1769-11-01,1769,11,0.8310000000000015
1769-11-01,1769,11,2.4429999999999987
1769-12-01,1769,12,-3.0630000000000006
1769-12-01,1769,12,-1.2239999999999993
1770-01-01,1770,1,-4.961
1770-01-01,1770,1,-3.698000000000001
1770-02-01,1770,2,-2.776
1770-02-01,1770,2,-1.7130000000000003
1770-03-01,1770,3,-3.071
1770-03-01,1770,3,-1.828000000000001
1770-04-01,1770,4,7.2570000000000014
1770-04-01,1770,4,5.604000000000002
1770-05-01,1770,5,12.955000000000002
1770-05-01,1770,5,11.86
1770-06-01,1770,6,15.972
1770-06-01,1770,6,14.675
1770-07-01,1770,7,17.355
1770-07-01,1770,7,16.346
1770-08-01,1770,8,17.328
1770-08-01,1770,8,16.282999999999998
1770-09-01,1770,9,14.244000000000003
1770-09-01,1770,9,13.818
1770-10-01,1770,10,8.836999999999998
1770-10-01,1770,10,8.274000000000001
1770-11-01,1770,11,2.0649999999999995
1770-11-01,1770,11,2.879000000000001
1770-12-01,1770,12,0.2209999999999981
1770-12-01,1770,12,1.1360000000000012
1771-01-01,1771,1,-4.757000000000001
1771-01-01,1771,1,-3.3170000000000006
1771-02-01,1771,2,-5.440000000000001
1771-03-01,1771,3,-3.5720000000000005
1771-03-01,1771,3,-2.4579999999999997
1771-04-01,1771,4,3.833
1771-04-01,1771,4,2.8119999999999994
1771-05-01,1771,5,14.182
1771-05-01,1771,5,14.037
1771-06-01,1771,6,17.759
1771-06-01,1771,6,15.571000000000002
1771-07-01,1771,7,17.773
1771-07-01,1771,7,16.128
1771-08-01,1771,8,16.386
1771-08-01,1771,8,15.236
1771-09-01,1771,9,13.333000000000002
1771-09-01,1771,9,13.021000000000004
1771-10-01,1771,10,8.011000000000003
1771-10-01,1771,10,7.906999999999998
1771-11-01,1771,11,-0.5180000000000007
1771-11-01,1771,11,-0.2630000000000009
1771-12-01,1771,12,-1.4289999999999994
1771-12-01,1771,12,-0.4020000000000006
1772-01-01,1772,1,-4.07
1772-01-01,1772,1,-1.8489999999999995
1772-02-01,1772,2,-3.873
1772-02-01,1772,2,-0.3200000000000003
1772-03-01,1772,3,0.2139999999999986
1772-03-01,1772,3,2.224
1772-04-01,1772,4,6.959999999999999
1772-04-01,1772,4,6.278000000000002
1772-05-01,1772,5,10.847
1772-05-01,1772,5,9.637999999999998
1772-06-01,1772,6,17.161999999999995
1772-06-01,1772,6,16.521
1772-07-01,1772,7,18.718000000000004
1772-07-01,1772,7,17.39
1772-08-01,1772,8,17.864999999999995
1772-08-01,1772,8,16.773999999999997
1772-09-01,1772,9,13.896
1772-09-01,1772,9,13.973
1772-10-01,1772,10,9.019999999999998
1772-10-01,1772,10,8.995000000000001
1772-11-01,1772,11,5.291999999999998
1772-11-01,1772,11,5.523000000000001
1772-12-01,1772,12,-0.1439999999999999
1772-12-01,1772,12,0.2779999999999994
1773-01-01,1773,1,-3.901
1773-01-01,1773,1,-1.2710000000000004
1773-02-01,1773,2,-3.641999999999999
1773-02-01,1773,2,-2.485999999999999
1773-03-01,1773,3,0.7520000000000001
1773-03-01,1773,3,0.9689999999999996
1773-04-01,1773,4,8.572
1773-04-01,1773,4,7.135000000000002
1773-05-01,1773,5,16.001
1773-05-01,1773,5,14.409
1773-06-01,1773,6,16.57
1773-06-01,1773,6,15.039
1773-07-01,1773,7,18.668
1773-07-01,1773,7,16.58
1773-08-01,1773,8,18.056
1773-08-01,1773,8,16.54
1773-09-01,1773,9,14.683999999999996
1773-09-01,1773,9,14.102
1773-10-01,1773,10,9.263999999999998
1773-10-01,1773,10,9.367
1773-11-01,1773,11,2.054000000000001
1773-11-01,1773,11,2.8189999999999986
1773-12-01,1773,12,0.4779999999999991
1773-12-01,1773,12,1.8440000000000007
1774-01-01,1774,1,-6.676
1774-01-01,1774,1,-3.7040000000000006
1774-02-01,1774,2,-1.911000000000001
1774-02-01,1774,2,-0.5680000000000006
1774-03-01,1774,3,2.384000000000002
1774-03-01,1774,3,3.338000000000001
1774-04-01,1774,4,9.488999999999995
1774-04-01,1774,4,9.22
1774-05-01,1774,5,15.428
1774-05-01,1774,5,13.149
1774-06-01,1774,6,19.166000000000004
1774-06-01,1774,6,17.083000000000002
1774-07-01,1774,7,19.62
1774-07-01,1774,7,17.457
1774-08-01,1774,8,17.844000000000005
1774-08-01,1774,8,16.878
1774-09-01,1774,9,12.495
1774-09-01,1774,9,11.992
1774-10-01,1774,10,7.220000000000002
1774-10-01,1774,10,7.678000000000001
1774-11-01,1774,11,-3.7920000000000007
1774-11-01,1774,11,-2.329
1774-12-01,1774,12,-4.249
1774-12-01,1774,12,-2.9740000000000006
1775-01-01,1775,1,-4.375
1775-01-01,1775,1,-2.676
1775-02-01,1775,2,0.1550000000000019
1775-02-01,1775,2,2.1869999999999994
1775-03-01,1775,3,3.5249999999999995
1775-03-01,1775,3,3.916
1775-04-01,1775,4,6.160999999999998
1775-04-01,1775,4,5.1720000000000015
1775-05-01,1775,5,12.53
1775-05-01,1775,5,11.068000000000003
1775-06-01,1775,6,18.937
1775-06-01,1775,6,18.012
1775-07-01,1775,7,20.033
1775-07-01,1775,7,18.345
1775-08-01,1775,8,20.441999999999997
1775-08-01,1775,8,19.116
1775-09-01,1775,9,15.872999999999998
1775-09-01,1775,9,15.142000000000005
1775-10-01,1775,10,9.659
1775-10-01,1775,10,9.288000000000002
1775-11-01,1775,11,1.963
1775-11-01,1775,11,2.8060000000000014
1775-12-01,1775,12,-1.6719999999999997
1775-12-01,1775,12,-0.755000000000001
1776-01-01,1776,1,-10.67
1776-01-01,1776,1,-9.421
1776-02-01,1776,2,-0.1849999999999991
1776-02-01,1776,2,1.0750000000000013
1776-03-01,1776,3,2.181999999999999
1776-03-01,1776,3,3.104000000000001
1776-04-01,1776,4,6.589
1776-04-01,1776,4,6.1800000000000015
1776-05-01,1776,5,11.787
1776-05-01,1776,5,10.081
1776-06-01,1776,6,17.878999999999998
1776-06-01,1776,6,16.008
1776-07-01,1776,7,19.551
1776-07-01,1776,7,17.759
1776-08-01,1776,8,18.410000000000004
1776-08-01,1776,8,17.028
1776-09-01,1776,9,13.095
1776-09-01,1776,9,12.561
1776-10-01,1776,10,6.646999999999999
1776-10-01,1776,10,6.683999999999999
1776-11-01,1776,11,1.6530000000000002
1776-11-01,1776,11,2.222999999999998
1776-12-01,1776,12,-2.164
1776-12-01,1776,12,-1.8850000000000005
1777-01-01,1777,1,-4.771000000000001
1777-01-01,1777,1,-3.832
1777-02-01,1777,2,-4.597
1777-02-01,1777,2,-2.645999999999999
1777-03-01,1777,3,0.7509999999999984
1777-03-01,1777,3,2.091000000000002
1777-04-01,1777,4,4.871999999999998
1777-04-01,1777,4,4.569000000000002
1777-05-01,1777,5,14.368999999999996
1777-05-01,1777,5,12.553
1777-06-01,1777,6,16.702
1777-06-01,1777,6,15.004
1777-07-01,1777,7,17.284
1777-07-01,1777,7,15.789
1777-08-01,1777,8,17.392
1777-08-01,1777,8,16.841
1777-09-01,1777,9,11.78
1777-09-01,1777,9,11.556000000000004
1777-10-01,1777,10,6.392999999999998
1777-10-01,1777,10,7.354000000000001
1777-11-01,1777,11,3.5940000000000003
1777-11-01,1777,11,4.249000000000001
1777-12-01,1777,12,-1.640000000000001
1777-12-01,1777,12,-1.239
1778-01-01,1778,1,-3.862
1778-01-01,1778,1,-1.93
1778-02-01,1778,2,-3.892000000000001
1778-02-01,1778,2,-2.483
1778-03-01,1778,3,1.7599999999999996
1778-03-01,1778,3,2.578
1778-04-01,1778,4,10.017
1778-04-01,1778,4,9.351999999999997
1778-05-01,1778,5,14.466999999999995
1778-05-01,1778,5,13.336999999999998
1778-06-01,1778,6,17.152
1778-06-01,1778,6,15.262
1778-07-01,1778,7,20.282
1778-07-01,1778,7,19.41
1778-08-01,1778,8,18.252
1778-08-01,1778,8,17.462000000000003
1778-09-01,1778,9,12.5
1778-09-01,1778,9,11.380000000000004
1778-10-01,1778,10,5.540999999999999
1778-10-01,1778,10,6.026999999999998
1778-11-01,1778,11,2.3989999999999987
1778-11-01,1778,11,4.141999999999999
1778-12-01,1778,12,1.4090000000000005
1778-12-01,1778,12,3.074999999999998
1779-01-01,1779,1,-5.670999999999999
1779-01-01,1779,1,-4.8100000000000005
1779-02-01,1779,2,1.3709999999999982
1779-02-01,1779,2,2.215999999999999
1779-03-01,1779,3,3.843999999999998
1779-03-01,1779,3,4.112000000000001
1779-04-01,1779,4,9.652000000000005
1779-04-01,1779,4,9.541
1779-05-01,1779,5,15.299000000000005
1779-05-01,1779,5,14.114
1779-06-01,1779,6,15.872000000000002
1779-06-01,1779,6,14.426
1779-07-01,1779,7,17.310000000000002
1779-07-01,1779,7,16.447
1779-08-01,1779,8,18.786
1779-08-01,1779,8,17.474000000000004
1779-09-01,1779,9,14.349000000000002
1779-09-01,1779,9,14.316
1779-10-01,1779,10,9.088
1779-10-01,1779,10,9.425000000000002
1779-11-01,1779,11,3.6879999999999984
1779-11-01,1779,11,3.946999999999999
1779-12-01,1779,12,0.4879999999999995
1779-12-01,1779,12,2.054000000000001
1780-01-01,1780,1,-6.236
1780-01-01,1780,1,-5.0760000000000005
1780-02-01,1780,2,-5.162
1780-02-01,1780,2,-4.17
1780-03-01,1780,3,4.439000000000001
1780-03-01,1780,3,5.086999999999999
1780-04-01,1780,4,6.333
1780-04-01,1780,4,5.760000000000002
1780-05-01,1780,5,13.759
1780-05-01,1780,5,12.495
1780-06-01,1780,6,16.241
1780-06-01,1780,6,14.871999999999998
1780-07-01,1780,7,18.506
1780-07-01,1780,7,16.927999999999997
1780-08-01,1780,8,17.248
1780-08-01,1780,8,16.759
1780-09-01,1780,9,12.237000000000002
1780-09-01,1780,9,11.848
1780-10-01,1780,10,8.926
1780-10-01,1780,10,9.075
1780-11-01,1780,11,2.469999999999999
1780-11-01,1780,11,2.9080000000000004
1780-12-01,1780,12,-4.744000000000001
1780-12-01,1780,12,-2.876
1781-01-01,1781,1,-4.9590000000000005
1781-01-01,1781,1,-3.5000000000000004
1781-02-01,1781,2,-2.697000000000001
1781-02-01,1781,2,-0.9050000000000008
1781-03-01,1781,3,2.8520000000000008
1781-04-01,1781,4,8.728
1781-04-01,1781,4,8.389000000000001
1781-05-01,1781,5,13.457
1781-05-01,1781,5,12.801
1781-06-01,1781,6,18.466
1781-06-01,1781,6,17.572000000000003
1781-07-01,1781,7,19.282
1781-07-01,1781,7,18.234
1781-08-01,1781,8,21.583
1781-08-01,1781,8,20.018
1781-09-01,1781,9,15.784
1781-09-01,1781,9,15.509000000000002
1781-10-01,1781,10,5.936999999999999
1781-10-01,1781,10,6.267
1781-11-01,1781,11,3.85
1781-11-01,1781,11,3.838
1781-12-01,1781,12,-4.198
1781-12-01,1781,12,-2.0450000000000004
1782-01-01,1782,1,-2.6169999999999995
1782-01-01,1782,1,-0.9309999999999994
1782-02-01,1782,2,-6.848
1782-02-01,1782,2,-5.260000000000001
1782-03-01,1782,3,0.5960000000000005
1782-03-01,1782,3,1.3070000000000013
1782-04-01,1782,4,6.876999999999999
1782-04-01,1782,4,6.129000000000001
1782-05-01,1782,5,13.384
1782-05-01,1782,5,12.352
1782-06-01,1782,6,16.983999999999998
1782-06-01,1782,6,16.387
1782-07-01,1782,7,19.355
1782-07-01,1782,7,18.883
1782-08-01,1782,8,17.584000000000003
1782-08-01,1782,8,16.894
1782-09-01,1782,9,13.243000000000002
1782-09-01,1782,9,13.276
1782-10-01,1782,10,6.302999999999999
1782-10-01,1782,10,6.206
1782-11-01,1782,11,0.0779999999999997
1782-11-01,1782,11,-0.0160000000000002
1782-12-01,1782,12,-3.671
1782-12-01,1782,12,-1.6599999999999997
1783-01-01,1783,1,-4.190000000000001
1783-01-01,1783,1,-0.885
1783-02-01,1783,2,0.7130000000000002
1783-02-01,1783,2,2.154999999999999
1783-03-01,1783,3,0.3019999999999988
1783-03-01,1783,3,0.6239999999999983
1783-04-01,1783,4,7.318999999999999
1783-04-01,1783,4,7.122000000000002
1783-05-01,1783,5,15.494000000000003
1783-05-01,1783,5,13.855
1783-06-01,1783,6,19.204
1783-06-01,1783,6,17.387
1783-07-01,1783,7,19.169
1783-07-01,1783,7,18.295
1783-08-01,1783,8,19.21
1783-08-01,1783,8,17.877000000000002
1783-09-01,1783,9,14.810000000000002
1783-09-01,1783,9,14.512999999999998
1783-10-01,1783,10,8.375000000000002
1783-10-01,1783,10,8.809999999999999
1783-11-01,1783,11,0.896
1783-11-01,1783,11,2.3270000000000004
1783-12-01,1783,12,-5.465
1783-12-01,1783,12,-5.045
1784-01-01,1784,1,-8.239
1784-01-01,1784,1,-8.696
1784-02-01,1784,2,-5.239
1784-02-01,1784,2,-4.712
1784-03-01,1784,3,-0.6960000000000003
1784-03-01,1784,3,-0.1059999999999996
1784-04-01,1784,4,6.4460000000000015
1784-04-01,1784,4,4.688000000000001
1784-05-01,1784,5,13.695000000000002
1784-05-01,1784,5,13.626
1784-06-01,1784,6,16.09
1784-07-01,1784,7,18.466
1784-07-01,1784,7,17.000999999999998
1784-08-01,1784,8,19.975
1784-08-01,1784,8,17.343
1784-09-01,1784,9,14.178999999999998
1784-09-01,1784,9,14.420000000000003
1784-10-01,1784,10,5.518000000000001
1784-10-01,1784,10,5.41
1784-11-01,1784,11,3.0820000000000016
1784-11-01,1784,11,3.9589999999999983
1784-12-01,1784,12,-1.992
1784-12-01,1784,12,-1.8230000000000008
1785-01-01,1785,1,-6.0280000000000005
1785-01-01,1785,1,-4.517
1785-02-01,1785,2,-5.505999999999999
1785-02-01,1785,2,-4.288999999999999
1785-03-01,1785,3,-5.538
1785-03-01,1785,3,-5.601000000000001
1785-04-01,1785,4,4.210999999999999
1785-04-01,1785,4,3.4269999999999987
1785-05-01,1785,5,11.587
1785-05-01,1785,5,11.23
1785-06-01,1785,6,15.573
1785-06-01,1785,6,14.542000000000002
1785-07-01,1785,7,17.227999999999998
1785-07-01,1785,7,16.218
1785-08-01,1785,8,17.044
1785-08-01,1785,8,15.958000000000002
1785-09-01,1785,9,14.075
1785-09-01,1785,9,14.659
1785-10-01,1785,10,6.319999999999999
1785-10-01,1785,10,7.0470000000000015
1785-11-01,1785,11,2.9609999999999994
1785-11-01,1785,11,3.3369999999999997
1785-12-01,1785,12,-4.21
1785-12-01,1785,12,-1.991
1786-01-01,1786,1,-4.094999999999999
1786-01-01,1786,1,-3.241
1786-02-01,1786,2,-4.489000000000001
1786-02-01,1786,2,-2.584999999999999
1786-03-01,1786,3,0.1100000000000002
1786-03-01,1786,3,0.4810000000000001
1786-04-01,1786,4,9.166000000000002
1786-05-01,1786,5,11.242
1786-05-01,1786,5,10.477
1786-06-01,1786,6,16.8
1786-06-01,1786,6,15.831
1786-07-01,1786,7,16.967
1786-07-01,1786,7,15.032999999999996
1786-08-01,1786,8,16.402
1786-08-01,1786,8,14.668
1786-09-01,1786,9,12.052
1786-09-01,1786,9,11.265
1786-10-01,1786,10,4.7490000000000006
1786-10-01,1786,10,4.79
1786-11-01,1786,11,-2.337000000000001
1786-11-01,1786,11,-1.4549999999999998
1786-12-01,1786,12,-2.6370000000000005
1786-12-01,1786,12,-1.6999999999999993
1787-01-01,1787,1,-4.7330000000000005
1787-01-01,1787,1,-4.235000000000001
1787-02-01,1787,2,-1.0990000000000006
1787-02-01,1787,2,-0.1559999999999995
1787-03-01,1787,3,1.9070000000000005
1787-03-01,1787,3,2.7380000000000018
1787-04-01,1787,4,6.231000000000001
1787-04-01,1787,4,5.296999999999999
1787-05-01,1787,5,13.543
1787-05-01,1787,5,11.070999999999998
1787-06-01,1787,6,18.432
1787-06-01,1787,6,16.903000000000002
1787-07-01,1787,7,18.204
1787-07-01,1787,7,16.937
1787-08-01,1787,8,17.482
1787-08-01,1787,8,17.025999999999996
1787-09-01,1787,9,12.163
1787-10-01,1787,10,8.682
1787-10-01,1787,10,9.448
1787-11-01,1787,11,2.241
1787-11-01,1787,11,3.4380000000000006
1787-12-01,1787,12,-0.3910000000000006
1787-12-01,1787,12,1.163999999999999
1788-01-01,1788,1,-2.809
1788-01-01,1788,1,-0.9469999999999996
1788-02-01,1788,2,-4.378000000000001
1788-02-01,1788,2,-2.45
1788-03-01,1788,3,-0.0530000000000008
1788-03-01,1788,3,1.0129999999999997
1788-04-01,1788,4,6.593999999999999
1788-04-01,1788,4,6.651999999999998
1788-05-01,1788,5,13.404999999999998
1788-05-01,1788,5,12.415
1788-06-01,1788,6,18.273999999999997
1788-06-01,1788,6,16.964000000000002
1788-07-01,1788,7,21.09
1788-07-01,1788,7,19.816999999999997
1788-08-01,1788,8,17.142999999999997
1788-08-01,1788,8,15.506
1788-09-01,1788,9,15.422
1788-09-01,1788,9,14.332
1788-10-01,1788,10,6.761000000000001
1788-10-01,1788,10,7.220999999999999
1788-11-01,1788,11,0.9110000000000006
1788-11-01,1788,11,1.239000000000002
1788-12-01,1788,12,-11.505
1788-12-01,1788,12,-9.986
1789-01-01,1789,1,-7.614999999999999
1789-01-01,1789,1,-6.753
1789-02-01,1789,2,-1.9790000000000003
1789-02-01,1789,2,0.1200000000000006
1789-03-01,1789,3,-3.967
1789-03-01,1789,3,-2.9740000000000006
1789-04-01,1789,4,7.196999999999999
1789-05-01,1789,5,16.543
1789-05-01,1789,5,15.281999999999998
1789-06-01,1789,6,17.112000000000002
1789-06-01,1789,6,15.415
1789-07-01,1789,7,20.921
1789-07-01,1789,7,18.199
1789-08-01,1789,8,19.294
1789-08-01,1789,8,16.878
1789-09-01,1789,9,15.51
1789-09-01,1789,9,13.961000000000002
1789-10-01,1789,10,9.816
1789-10-01,1789,10,8.868000000000002
1789-11-01,1789,11,4.331
1789-11-01,1789,11,4.001
1789-12-01,1789,12,0.8110000000000007
1789-12-01,1789,12,0.9800000000000016
1790-01-01,1790,1,-2.0460000000000003
1790-01-01,1790,1,-1.2100000000000004
1790-02-01,1790,2,1.0519999999999996
1790-02-01,1790,2,1.705999999999999
1790-03-01,1790,3,2.5540000000000003
1790-03-01,1790,3,2.645999999999999
1790-04-01,1790,4,5.025999999999999
1790-04-01,1790,4,4.676999999999999
1790-05-01,1790,5,13.322
1790-05-01,1790,5,13.313
1790-06-01,1790,6,16.968999999999998
1790-06-01,1790,6,16.243999999999996
1790-07-01,1790,7,16.92
1790-07-01,1790,7,15.697000000000005
1790-08-01,1790,8,16.75
1790-08-01,1790,8,16.209999999999997
1790-09-01,1790,9,12.647
1790-09-01,1790,9,11.907000000000002
1790-10-01,1790,10,6.204999999999998
1790-10-01,1790,10,6.543
1790-11-01,1790,11,1.338
1790-11-01,1790,11,1.7900000000000007
1790-12-01,1790,12,1.255
1790-12-01,1790,12,1.0129999999999997
1791-01-01,1791,1,0.8079999999999998
1791-01-01,1791,1,1.356999999999999
1791-02-01,1791,2,-0.9010000000000002
1791-02-01,1791,2,0.1100000000000002
1791-03-01,1791,3,2.935999999999998
1791-03-01,1791,3,3.4979999999999998
1791-04-01,1791,4,9.948
1791-04-01,1791,4,9.000000000000002
1791-05-01,1791,5,12.217
1791-05-01,1791,5,11.473999999999998
1791-06-01,1791,6,16.072
1791-06-01,1791,6,15.117
1791-07-01,1791,7,18.693
1791-07-01,1791,7,17.691999999999997
1791-08-01,1791,8,19.254
1791-08-01,1791,8,18.467
1791-09-01,1791,9,12.523000000000003
1791-09-01,1791,9,12.284
1791-10-01,1791,10,7.2429999999999986
1791-10-01,1791,10,7.786999999999998
1791-11-01,1791,11,1.7719999999999994
1791-11-01,1791,11,1.5390000000000017
1791-12-01,1791,12,-0.5329999999999993
1791-12-01,1791,12,0.0400000000000015
1792-01-01,1792,1,-3.816
1792-01-01,1792,1,-2.7470000000000008
1792-02-01,1792,2,-4.367000000000001
1792-02-01,1792,2,-2.9659999999999997
1792-03-01,1792,3,0.9879999999999988
1792-03-01,1792,3,2.2329999999999988
1792-04-01,1792,4,7.999000000000001
1792-04-01,1792,4,7.664
1792-05-01,1792,5,12.127
1792-05-01,1792,5,11.090000000000002
1792-06-01,1792,6,17.174999999999997
1792-06-01,1792,6,16.101
1792-07-01,1792,7,19.764
1792-07-01,1792,7,18.339
1792-08-01,1792,8,17.857000000000003
1792-08-01,1792,8,16.951999999999998
1792-09-01,1792,9,13.667
1792-09-01,1792,9,12.244
1792-10-01,1792,10,5.745999999999999
1792-10-01,1792,10,6.34
1792-11-01,1792,11,1.4480000000000004
1792-11-01,1792,11,2.407
1792-12-01,1792,12,-1.3949999999999996
1792-12-01,1792,12,-0.1459999999999992
1793-01-01,1793,1,-5.691999999999999
1793-01-01,1793,1,-4.346
1793-02-01,1793,2,-0.1179999999999993
1793-02-01,1793,2,1.0310000000000012
1793-03-01,1793,3,0.044
1793-03-01,1793,3,1.3210000000000004
1793-04-01,1793,4,5.5550000000000015
1793-04-01,1793,4,4.735000000000002
1793-05-01,1793,5,12.833000000000002
1793-05-01,1793,5,11.121999999999998
1793-06-01,1793,6,17.046
1793-06-01,1793,6,14.472
1793-07-01,1793,7,19.846000000000004
1793-07-01,1793,7,18.633
1793-08-01,1793,8,18.056
1793-08-01,1793,8,17.105
1793-09-01,1793,9,12.130000000000004
1793-09-01,1793,9,12.299
1793-10-01,1793,10,9.034
1793-10-01,1793,10,9.648
1793-11-01,1793,11,3.8290000000000015
1793-11-01,1793,11,3.821
1793-12-01,1793,12,-1.4729999999999994
1793-12-01,1793,12,0.9020000000000018
1794-01-01,1794,1,-2.228
1794-01-01,1794,1,-0.7610000000000008
1794-02-01,1794,2,-0.3790000000000009
1794-02-01,1794,2,1.7630000000000006
1794-03-01,1794,3,4.322999999999999
1794-03-01,1794,3,4.7490000000000006
1794-04-01,1794,4,9.624
1794-04-01,1794,4,9.47
1794-05-01,1794,5,15.130999999999997
1794-05-01,1794,5,13.04
1794-06-01,1794,6,18.277
1794-06-01,1794,6,16.768
1794-07-01,1794,7,20.277
1794-07-01,1794,7,19.642
1794-08-01,1794,8,16.585
1794-08-01,1794,8,15.713
1794-09-01,1794,9,11.155
1794-09-01,1794,9,11.274
1794-10-01,1794,10,7.835000000000002
1794-10-01,1794,10,8.020000000000001
1794-11-01,1794,11,2.601999999999999
1794-11-01,1794,11,3.5319999999999987
1794-12-01,1794,12,-4.906
1794-12-01,1794,12,-1.9070000000000005
1795-01-01,1795,1,-10.518
1795-01-01,1795,1,-9.473
1795-02-01,1795,2,-3.241
1795-02-01,1795,2,-1.881
1795-03-01,1795,3,1.119000000000001
1795-03-01,1795,3,1.4830000000000017
1795-04-01,1795,4,9.984000000000002
1795-04-01,1795,4,9.461999999999998
1795-05-01,1795,5,12.967999999999998
1795-05-01,1795,5,11.527000000000005
1795-06-01,1795,6,18.013
1795-06-01,1795,6,16.497999999999998
1795-07-01,1795,7,16.968999999999998
1795-07-01,1795,7,15.235
1795-08-01,1795,8,17.127
1795-08-01,1795,8,16.617
1795-09-01,1795,9,13.009000000000002
1795-09-01,1795,9,13.172999999999998
1795-10-01,1795,10,9.749999999999998
1795-10-01,1795,10,11.226
1795-11-01,1795,11,0.918
1795-11-01,1795,11,1.4009999999999994
1795-12-01,1795,12,1.3489999999999982
1796-01-01,1796,1,2.459999999999998
1796-01-01,1796,1,3.5500000000000003
1796-02-01,1796,2,-2.210000000000001
1796-03-01,1796,3,-3.1950000000000007
1796-03-01,1796,3,-2.553000000000001
1796-04-01,1796,4,5.276
1796-04-01,1796,4,4.812
1796-05-01,1796,5,13.372000000000002
1796-05-01,1796,5,12.401000000000002
1796-06-01,1796,6,17.648
1796-06-01,1796,6,15.748000000000005
1796-07-01,1796,7,18.744
1796-07-01,1796,7,16.967
1796-08-01,1796,8,18.876
1796-08-01,1796,8,16.831
1796-09-01,1796,9,14.073
1796-09-01,1796,9,13.848
1796-10-01,1796,10,7.256
1796-10-01,1796,10,7.344
1796-11-01,1796,11,0.8199999999999995
1796-11-01,1796,11,1.2179999999999995
1796-12-01,1796,12,-4.154999999999999
1796-12-01,1796,12,-3.546
1797-01-01,1797,1,-1.9400000000000004
1797-01-01,1797,1,-1.4779999999999995
1797-02-01,1797,2,1.0999999999999983
1797-02-01,1797,2,0.7430000000000013
1797-03-01,1797,3,0.6799999999999982
1797-03-01,1797,3,0.5659999999999994
1797-04-01,1797,4,8.900000000000002
1797-04-01,1797,4,8.160999999999998
1797-05-01,1797,5,16.147
1797-05-01,1797,5,14.368000000000002
1797-06-01,1797,6,18.893000000000004
1797-06-01,1797,6,16.304
1797-07-01,1797,7,20.358999999999995
1797-07-01,1797,7,19.142000000000003
1797-08-01,1797,8,19.250999999999998
1797-08-01,1797,8,18.558
1797-09-01,1797,9,15.072000000000005
1797-09-01,1797,9,15.365999999999998
1797-10-01,1797,10,8.975999999999999
1797-10-01,1797,10,9.019
1797-11-01,1797,11,2.164999999999999
1797-11-01,1797,11,4.104
1797-12-01,1797,12,-0.6060000000000009
1798-01-01,1798,1,-3.0080000000000005
1798-01-01,1798,1,-1.6609999999999994
1798-02-01,1798,2,-0.3130000000000008
1798-02-01,1798,2,0.9389999999999984
1798-03-01,1798,3,2.628000000000002
1798-03-01,1798,3,1.9179999999999984
1798-04-01,1798,4,9.136
1798-04-01,1798,4,7.41
1798-05-01,1798,5,15.535
1798-05-01,1798,5,13.586
1798-06-01,1798,6,17.999000000000002
1798-06-01,1798,6,16.967
1798-07-01,1798,7,19.859
1798-07-01,1798,7,17.962999999999997
1798-08-01,1798,8,19.199
1798-08-01,1798,8,17.515
1798-09-01,1798,9,15.391
1798-09-01,1798,9,15.098999999999998
1798-10-01,1798,10,6.767
1798-10-01,1798,10,7.092
1798-11-01,1798,11,0.5910000000000003
1798-11-01,1798,11,1.3319999999999983
1798-12-01,1798,12,-8.011
1798-12-01,1798,12,-7.411
1799-01-01,1799,1,-9.057
1799-01-01,1799,1,-9.341
1799-02-01,1799,2,-9.339999999999998
1799-02-01,1799,2,-6.0
1799-03-01,1799,3,-2.4610000000000003
1799-03-01,1799,3,-0.6319999999999995
1799-04-01,1799,4,6.368999999999999
1799-04-01,1799,4,5.242000000000001
1799-05-01,1799,5,11.905
1799-05-01,1799,5,10.701999999999998
1799-06-01,1799,6,15.559
1799-06-01,1799,6,13.660999999999998
1799-07-01,1799,7,17.325000000000003
1799-07-01,1799,7,15.852
1799-08-01,1799,8,16.451999999999998
1799-09-01,1799,9,12.114
1799-09-01,1799,9,11.759000000000002
1799-10-01,1799,10,7.217
1799-10-01,1799,10,7.330000000000002
1799-11-01,1799,11,3.201999999999998
1799-11-01,1799,11,3.446000000000002
1799-12-01,1799,12,-8.069
1799-12-01,1799,12,-6.657000000000001
1800-01-01,1800,1,-5.946
1800-01-01,1800,1,-4.011999999999999
1800-02-01,1800,2,-3.657
1800-02-01,1800,2,-3.5699999999999994
1800-03-01,1800,3,-3.513
1800-03-01,1800,3,-3.95
1800-04-01,1800,4,11.604
1800-04-01,1800,4,12.92
1800-05-01,1800,5,14.55
1800-05-01,1800,5,14.758
1800-06-01,1800,6,15.052999999999995
1800-06-01,1800,6,13.577000000000002
1800-07-01,1800,7,15.941000000000004
1800-07-01,1800,7,15.311
1800-08-01,1800,8,17.634
1800-08-01,1800,8,17.415999999999997
1800-09-01,1800,9,12.222
1800-09-01,1800,9,13.311
1800-10-01,1800,10,7.777000000000003
1800-10-01,1800,10,7.767000000000002
1800-11-01,1800,11,4.327000000000002
1800-12-01,1800,12,-1.3270000000000002
1800-12-01,1800,12,-0.8359999999999997
1801-01-01,1801,1,-2.638
1801-01-01,1801,1,-1.0440000000000005
1801-02-01,1801,2,-3.363
1801-02-01,1801,2,-2.5129999999999995
1801-03-01,1801,3,4.315999999999999
1801-03-01,1801,3,4.4830000000000005
1801-04-01,1801,4,7.779999999999998
1801-04-01,1801,4,7.164999999999998
1801-05-01,1801,5,18.11
1801-05-01,1801,5,15.49
1801-06-01,1801,6,15.413000000000002
1801-06-01,1801,6,14.156999999999998
1801-07-01,1801,7,19.482
1801-08-01,1801,8,16.32
1801-08-01,1801,8,15.438
1801-09-01,1801,9,14.615999999999998
1801-09-01,1801,9,14.916999999999998
1801-10-01,1801,10,8.434999999999999
1801-10-01,1801,10,9.820999999999998
1801-11-01,1801,11,4.342000000000002
1801-11-01,1801,11,4.649000000000001
1801-12-01,1801,12,-0.8099999999999992
1801-12-01,1801,12,-0.365
1802-01-01,1802,1,-4.518000000000001
1802-01-01,1802,1,-4.357000000000001
1802-02-01,1802,2,-1.4540000000000002
1802-02-01,1802,2,-1.632
1802-03-01,1802,3,4.256000000000001
1802-03-01,1802,3,2.7919999999999985
1802-04-01,1802,4,8.347
1802-04-01,1802,4,7.832
1802-05-01,1802,5,12.29
1802-05-01,1802,5,10.569
1802-06-01,1802,6,16.148999999999997
1802-06-01,1802,6,15.411
1802-07-01,1802,7,19.322000000000003
1802-07-01,1802,7,17.193
1802-08-01,1802,8,19.85100000000001
1802-08-01,1802,8,18.842
1802-09-01,1802,9,12.649
1802-09-01,1802,9,12.791
1802-10-01,1802,10,10.091
1802-10-01,1802,10,10.753000000000002
1802-11-01,1802,11,1.4279999999999995
1802-11-01,1802,11,4.119999999999998
1802-12-01,1802,12,-0.7139999999999999
1802-12-01,1802,12,0.284999999999999
1803-01-01,1803,1,-13.826
1803-01-01,1803,1,-9.852
1803-02-01,1803,2,-6.970999999999999
1803-02-01,1803,2,-4.584
1803-03-01,1803,3,0.7230000000000005
1803-03-01,1803,3,0.943000000000001
1803-04-01,1803,4,10.273
1803-04-01,1803,4,9.972
1803-05-01,1803,5,14.773
1803-05-01,1803,5,11.383000000000004
1803-06-01,1803,6,15.773
1803-06-01,1803,6,14.363
1803-07-01,1803,7,19.483
1803-07-01,1803,7,17.863000000000003
1803-08-01,1803,8,19.29
1803-08-01,1803,8,17.243
1803-09-01,1803,9,11.799
1803-09-01,1803,9,10.442
1803-10-01,1803,10,6.582
1803-10-01,1803,10,7.027000000000001
1803-11-01,1803,11,2.091000000000002
1803-11-01,1803,11,3.055000000000001
1803-12-01,1803,12,-4.135000000000001
1803-12-01,1803,12,-0.7469999999999999
1804-01-01,1804,1,-0.4549999999999994
1804-01-01,1804,1,0.5319999999999996
1804-02-01,1804,2,-4.127
1804-02-01,1804,2,-2.9090000000000003
1804-03-01,1804,3,-2.279
1804-03-01,1804,3,-1.7030000000000003
1804-04-01,1804,4,7.569000000000001
1804-04-01,1804,4,6.036000000000001
1804-05-01,1804,5,13.839000000000002
1804-05-01,1804,5,12.760000000000002
1804-06-01,1804,6,15.915
1804-06-01,1804,6,15.105
1804-07-01,1804,7,19.112
1804-07-01,1804,7,17.608
1804-08-01,1804,8,17.212000000000003
1804-08-01,1804,8,16.152
1804-09-01,1804,9,14.869999999999996
1804-09-01,1804,9,14.25
1804-10-01,1804,10,7.813000000000001
1804-10-01,1804,10,8.228999999999997
1804-11-01,1804,11,-1.4420000000000006
1804-11-01,1804,11,-0.9330000000000006
1804-12-01,1804,12,-7.106000000000001
1804-12-01,1804,12,-5.349
1805-01-01,1805,1,-8.103
1805-01-01,1805,1,-6.929
1805-02-01,1805,2,-4.456
1805-02-01,1805,2,-2.693
1805-03-01,1805,3,0.4169999999999992
1805-03-01,1805,3,0.2990000000000019
1805-04-01,1805,4,5.249
1805-04-01,1805,4,4.38
1805-05-01,1805,5,12.086000000000002
1805-05-01,1805,5,10.215
1805-06-01,1805,6,15.076
1805-06-01,1805,6,13.589
1805-07-01,1805,7,17.715
1805-07-01,1805,7,15.745
1805-08-01,1805,8,16.602
1805-08-01,1805,8,14.789
1805-09-01,1805,9,14.728
1805-09-01,1805,9,13.804
1805-10-01,1805,10,2.5840000000000014
1805-10-01,1805,10,3.618
1805-11-01,1805,11,-1.3310000000000006
1805-11-01,1805,11,-0.4279999999999992
1805-12-01,1805,12,-0.9110000000000006
1805-12-01,1805,12,-0.0839999999999996
1806-01-01,1806,1,-0.2009999999999993
1806-01-01,1806,1,1.090000000000002
1806-02-01,1806,2,-1.0569999999999995
1806-02-01,1806,2,0.931999999999999
1806-03-01,1806,3,1.0389999999999984
1806-03-01,1806,3,2.0699999999999994
1806-04-01,1806,4,6.441000000000001
1806-04-01,1806,4,4.830000000000002
1806-05-01,1806,5,14.955999999999998
1806-05-01,1806,5,14.191
1806-06-01,1806,6,14.547999999999998
1806-06-01,1806,6,13.964
1806-07-01,1806,7,17.078999999999997
1806-07-01,1806,7,16.255000000000003
1806-08-01,1806,8,18.136000000000003
1806-08-01,1806,8,16.398
1806-09-01,1806,9,16.126
1806-09-01,1806,9,14.9
1806-10-01,1806,10,7.496999999999998
1806-10-01,1806,10,7.358
1806-11-01,1806,11,3.011000000000001
1806-11-01,1806,11,3.990000000000001
1806-12-01,1806,12,2.0560000000000005
1806-12-01,1806,12,3.360000000000001
1807-01-01,1807,1,-3.048
1807-01-01,1807,1,-1.5729999999999993
1807-02-01,1807,2,-0.6929999999999994
1807-02-01,1807,2,0.5990000000000014
1807-03-01,1807,3,-0.5649999999999997
1807-03-01,1807,3,-0.4030000000000002
1807-04-01,1807,4,6.204999999999998
1807-04-01,1807,4,5.233999999999999
1807-05-01,1807,5,13.502999999999998
1807-05-01,1807,5,12.966
1807-06-01,1807,6,16.165999999999997
1807-06-01,1807,6,14.723999999999998
1807-07-01,1807,7,19.236
1807-07-01,1807,7,17.934
1807-08-01,1807,8,21.598
1807-08-01,1807,8,21.143
1807-09-01,1807,9,13.009000000000002
1807-09-01,1807,9,12.550000000000002
1807-10-01,1807,10,8.280000000000001
1807-10-01,1807,10,8.695000000000002
1807-11-01,1807,11,4.447000000000002
1807-11-01,1807,11,5.084999999999999
1807-12-01,1807,12,0.0169999999999998
1807-12-01,1807,12,0.1690000000000008
1808-01-01,1808,1,-3.4290000000000003
1808-01-01,1808,1,-2.268
1808-02-01,1808,2,-4.696
1808-02-01,1808,2,-2.815
1808-03-01,1808,3,-5.016000000000001
1808-04-01,1808,4,5.360000000000002
1808-04-01,1808,4,4.724
1808-05-01,1808,5,13.712000000000002
1808-05-01,1808,5,13.222
1808-06-01,1808,6,17.293
1808-06-01,1808,6,15.618000000000002
1808-07-01,1808,7,19.571
1808-07-01,1808,7,18.194000000000003
1808-08-01,1808,8,20.149999999999995
1808-08-01,1808,8,18.556
1808-09-01,1808,9,15.056
1808-09-01,1808,9,14.046
1808-10-01,1808,10,7.867000000000001
1808-10-01,1808,10,6.892
1808-11-01,1808,11,0.9670000000000004
1808-11-01,1808,11,1.700999999999999
1808-12-01,1808,12,-6.638999999999999
1808-12-01,1808,12,-5.504999999999999
1809-01-01,1809,1,-8.934000000000001
1809-01-01,1809,1,-5.662000000000001
1809-02-01,1809,2,-0.5560000000000009
1809-02-01,1809,2,0.9759999999999992
1809-03-01,1809,3,-2.069
1809-03-01,1809,3,-0.3319999999999999
1809-04-01,1809,4,5.045999999999999
1809-04-01,1809,4,3.7929999999999984
1809-05-01,1809,5,13.848
1809-05-01,1809,5,13.255000000000004
1809-06-01,1809,6,16.464
1809-06-01,1809,6,15.271
1809-07-01,1809,7,18.322000000000003
1809-07-01,1809,7,17.002
1809-08-01,1809,8,18.891
1809-08-01,1809,8,17.604
1809-09-01,1809,9,13.921
1809-09-01,1809,9,13.375000000000002
1809-10-01,1809,10,6.190000000000001
1809-10-01,1809,10,6.2700000000000005
1809-11-01,1809,11,1.438
1809-11-01,1809,11,2.491999999999999
1809-12-01,1809,12,0.8230000000000004
1809-12-01,1809,12,1.5379999999999998
1810-01-01,1810,1,-3.6870000000000007
1810-01-01,1810,1,-3.976000000000001
1810-02-01,1810,2,-2.7520000000000007
1810-02-01,1810,2,-2.8999999999999995
1810-03-01,1810,3,0.7779999999999987
1810-03-01,1810,3,1.9769999999999992
1810-04-01,1810,4,4.818999999999999
1810-04-01,1810,4,4.737000000000001
1810-05-01,1810,5,11.794
1810-05-01,1810,5,11.574
1810-06-01,1810,6,13.673000000000002
1810-06-01,1810,6,13.133
1810-07-01,1810,7,18.578
1810-07-01,1810,7,17.34
1810-08-01,1810,8,17.223
1810-08-01,1810,8,16.529000000000003
1810-09-01,1810,9,14.692
1810-10-01,1810,10,6.229000000000002
1810-10-01,1810,10,6.746
1810-11-01,1810,11,2.5729999999999995
1810-12-01,1810,12,-0.5020000000000004
1810-12-01,1810,12,0.5929999999999995
1811-01-01,1811,1,-7.870999999999999
1811-01-01,1811,1,-7.821
1811-02-01,1811,2,-3.964
1811-02-01,1811,2,-2.2909999999999995
1811-03-01,1811,3,3.137
1811-03-01,1811,3,3.736000000000001
1811-04-01,1811,4,6.672
1811-04-01,1811,4,7.237999999999999
1811-05-01,1811,5,16.588000000000005
1811-05-01,1811,5,15.894999999999998
1811-06-01,1811,6,20.899
1811-06-01,1811,6,19.164
1811-07-01,1811,7,21.456000000000003
1811-07-01,1811,7,19.492
1811-08-01,1811,8,19.21
1811-08-01,1811,8,17.627
1811-09-01,1811,9,12.717
1811-09-01,1811,9,12.945
1811-10-01,1811,10,9.404
1811-10-01,1811,10,10.916
1811-11-01,1811,11,2.620999999999998
1811-11-01,1811,11,3.5940000000000003
1811-12-01,1811,12,-0.3279999999999994
1811-12-01,1811,12,-0.033
1812-01-01,1812,1,-8.069
1812-01-01,1812,1,-5.729000000000001
1812-02-01,1812,2,-3.3479999999999994
1812-02-01,1812,2,-1.3540000000000003
1812-03-01,1812,3,1.062
1812-03-01,1812,3,1.6159999999999997
1812-04-01,1812,4,3.718
1812-04-01,1812,4,2.774000000000001
1812-05-01,1812,5,12.437999999999995
1812-05-01,1812,5,12.340000000000002
1812-06-01,1812,6,17.04
1812-06-01,1812,6,15.425
1812-07-01,1812,7,17.959
1812-07-01,1812,7,15.786
1812-08-01,1812,8,17.642999999999997
1812-08-01,1812,8,15.666
1812-09-01,1812,9,11.637999999999998
1812-09-01,1812,9,11.529999999999998
1812-10-01,1812,10,9.803999999999998
1812-10-01,1812,10,9.973
1812-11-01,1812,11,0.2960000000000009
1812-11-01,1812,11,1.1140000000000012
1812-12-01,1812,12,-9.503
1812-12-01,1812,12,-7.611999999999999
1813-01-01,1813,1,-7.821999999999999
1813-01-01,1813,1,-5.477999999999999
1813-02-01,1813,2,0.2520000000000009
1813-02-01,1813,2,1.4430000000000005
1813-03-01,1813,3,0.6899999999999985
1813-03-01,1813,3,0.9450000000000004
1813-04-01,1813,4,8.677999999999997
1813-04-01,1813,4,8.384
1813-05-01,1813,5,12.833000000000002
1813-05-01,1813,5,12.359000000000002
1813-06-01,1813,6,15.119
1813-06-01,1813,6,13.563
1813-07-01,1813,7,18.217
1813-07-01,1813,7,16.226
1813-08-01,1813,8,16.487000000000002
1813-08-01,1813,8,14.944
1813-09-01,1813,9,12.785
1813-09-01,1813,9,11.887
1813-10-01,1813,10,5.637
1813-10-01,1813,10,6.441000000000001
1813-11-01,1813,11,2.7119999999999997
1813-11-01,1813,11,1.9510000000000003
1813-12-01,1813,12,-0.9539999999999992
1813-12-01,1813,12,0.376
1814-01-01,1814,1,-6.106
1814-01-01,1814,1,-4.974999999999999
1814-02-01,1814,2,-9.000999999999998
1814-02-01,1814,2,-8.035
1814-03-01,1814,3,-0.6759999999999996
1814-03-01,1814,3,-0.4520000000000005
1814-04-01,1814,4,8.931000000000001
1814-04-01,1814,4,8.612000000000002
1814-05-01,1814,5,9.983
1814-05-01,1814,5,9.348
1814-06-01,1814,6,15.013999999999998
1814-06-01,1814,6,13.257
1814-07-01,1814,7,19.814
1814-07-01,1814,7,17.887
1814-08-01,1814,8,17.57
1814-08-01,1814,8,16.219
1814-09-01,1814,9,10.727
1814-09-01,1814,9,9.8
1814-10-01,1814,10,6.109000000000001
1814-10-01,1814,10,6.170000000000001
1814-11-01,1814,11,2.1950000000000003
1814-11-01,1814,11,3.1910000000000003
1814-12-01,1814,12,-0.4640000000000002
1814-12-01,1814,12,0.9280000000000004
1815-01-01,1815,1,-8.259999999999998
1815-01-01,1815,1,-5.529000000000001
1815-02-01,1815,2,-1.9819999999999995
1815-02-01,1815,2,0.6069999999999985
1815-03-01,1815,3,1.8619999999999988
1815-03-01,1815,3,3.4500000000000006
1815-04-01,1815,4,7.273
1815-04-01,1815,4,6.8580000000000005
1815-05-01,1815,5,13.326
1815-05-01,1815,5,12.393999999999998
1815-06-01,1815,6,16.809
1815-06-01,1815,6,15.701999999999998
1815-07-01,1815,7,15.844
1815-07-01,1815,7,14.505999999999997
1815-08-01,1815,8,16.935
1815-08-01,1815,8,15.325999999999995
1815-09-01,1815,9,11.243000000000002
1815-09-01,1815,9,10.618000000000002
1815-10-01,1815,10,7.735000000000001
1815-10-01,1815,10,7.827
1815-11-01,1815,11,1.502000000000001
1815-11-01,1815,11,1.5619999999999992
1815-12-01,1815,12,-6.182
1815-12-01,1815,12,-4.073
1816-01-01,1816,1,-2.7080000000000006
1816-01-01,1816,1,-0.8460000000000001
1816-02-01,1816,2,-5.674
1816-02-01,1816,2,-2.948
1816-03-01,1816,3,0.8990000000000009
1816-03-01,1816,3,1.4009999999999994
1816-04-01,1816,4,7.073
1816-04-01,1816,4,6.472
1816-05-01,1816,5,12.129
1816-05-01,1816,5,10.799
1816-06-01,1816,6,16.453999999999997
1816-06-01,1816,6,14.409
1816-07-01,1816,7,17.102
1816-07-01,1816,7,15.608
1816-08-01,1816,8,16.011
1816-08-01,1816,8,14.803999999999998
1816-09-01,1816,9,12.621
1816-09-01,1816,9,11.702999999999998
1816-10-01,1816,10,6.404
1816-10-01,1816,10,6.783999999999999
1816-11-01,1816,11,1.590000000000001
1816-11-01,1816,11,1.892
1816-12-01,1816,12,-3.023000000000001
1816-12-01,1816,12,-1.908
1817-01-01,1817,1,-0.8749999999999996
1817-01-01,1817,1,0.0320000000000004
1817-02-01,1817,2,0.7790000000000004
1817-02-01,1817,2,1.8129999999999984
1817-03-01,1817,3,2.137999999999999
1817-03-01,1817,3,2.002
1817-04-01,1817,4,3.5580000000000016
1817-04-01,1817,4,2.073999999999998
1817-05-01,1817,5,13.586
1817-05-01,1817,5,11.866
1817-06-01,1817,6,17.220999999999997
1817-06-01,1817,6,16.563000000000002
1817-07-01,1817,7,17.740000000000002
1817-07-01,1817,7,16.33
1817-08-01,1817,8,18.123
1817-08-01,1817,8,15.925
1817-09-01,1817,9,12.864999999999998
1817-09-01,1817,9,13.231000000000002
1817-10-01,1817,10,4.017999999999999
1817-10-01,1817,10,4.553
1817-11-01,1817,11,2.9600000000000017
1817-11-01,1817,11,3.6900000000000017
1817-12-01,1817,12,-3.099999999999999
1817-12-01,1817,12,-1.4779999999999995
1818-01-01,1818,1,-2.567
1818-01-01,1818,1,-0.7170000000000007
1818-02-01,1818,2,-1.1660000000000004
1818-02-01,1818,2,-0.4140000000000003
1818-03-01,1818,3,3.3800000000000017
1818-03-01,1818,3,2.9910000000000005
1818-04-01,1818,4,7.651
1818-04-01,1818,4,7.813000000000001
1818-05-01,1818,5,12.532999999999998
1818-05-01,1818,5,11.944
1818-06-01,1818,6,15.295
1818-06-01,1818,6,15.153
1818-07-01,1818,7,18.537000000000003
1818-07-01,1818,7,17.002
1818-08-01,1818,8,16.011999999999997
1818-08-01,1818,8,14.727
1818-09-01,1818,9,13.048000000000002
1818-09-01,1818,9,13.159
1818-10-01,1818,10,6.868
1818-10-01,1818,10,7.293999999999999
1818-11-01,1818,11,2.469999999999999
1818-11-01,1818,11,3.423
1818-12-01,1818,12,-3.2790000000000004
1818-12-01,1818,12,-2.644
1819-01-01,1819,1,-1.6709999999999998
1819-01-01,1819,1,-0.9730000000000002
1819-02-01,1819,2,-0.7589999999999996
1819-02-01,1819,2,0.9079999999999996
1819-03-01,1819,3,2.769000000000001
1819-03-01,1819,3,3.104999999999999
1819-04-01,1819,4,7.677000000000002
1819-04-01,1819,4,7.052000000000002
1819-05-01,1819,5,12.762999999999998
1819-05-01,1819,5,11.339000000000002
1819-06-01,1819,6,18.152
1819-06-01,1819,6,16.424999999999997
1819-07-01,1819,7,18.671
1819-07-01,1819,7,17.51
1819-08-01,1819,8,18.718000000000004
1819-09-01,1819,9,14.329999999999997
1819-09-01,1819,9,12.969
1819-10-01,1819,10,7.716000000000002
1819-10-01,1819,10,7.6960000000000015
1819-11-01,1819,11,1.336000000000001
1819-11-01,1819,11,2.347999999999999
1819-12-01,1819,12,-7.418
1819-12-01,1819,12,-3.76
1820-01-01,1820,1,-8.456
1820-01-01,1820,1,-6.555999999999999
1820-02-01,1820,2,-3.358
1820-02-01,1820,2,-0.816000000000001
1820-03-01,1820,3,0.5990000000000014
1820-03-01,1820,3,0.9260000000000012
1820-04-01,1820,4,8.919000000000002
1820-04-01,1820,4,8.008000000000001
1820-05-01,1820,5,14.629
1820-05-01,1820,5,13.150999999999998
1820-06-01,1820,6,14.830999999999998
1820-06-01,1820,6,12.740999999999998
1820-07-01,1820,7,16.319000000000003
1820-07-01,1820,7,15.021
1820-08-01,1820,8,18.968
1820-08-01,1820,8,18.398
1820-09-01,1820,9,12.807
1820-09-01,1820,9,11.731000000000002
1820-10-01,1820,10,8.011000000000003
1820-10-01,1820,10,7.684999999999999
1820-11-01,1820,11,1.1129999999999995
1820-11-01,1820,11,1.7379999999999995
1820-12-01,1820,12,-6.146999999999999
1820-12-01,1820,12,-3.402
1821-01-01,1821,1,-3.1060000000000008
1821-01-01,1821,1,-1.1529999999999991
1821-02-01,1821,2,-5.379000000000001
1821-02-01,1821,2,-3.946
1821-03-01,1821,3,-1.5769999999999995
1821-03-01,1821,3,-0.0129999999999993
1821-04-01,1821,4,10.715
1821-04-01,1821,4,9.54
1821-05-01,1821,5,13.822000000000005
1821-05-01,1821,5,11.96
1821-06-01,1821,6,13.406
1821-06-01,1821,6,11.946000000000002
1821-07-01,1821,7,16.165999999999997
1821-07-01,1821,7,14.461
1821-08-01,1821,8,15.963000000000005
1821-08-01,1821,8,15.48
1821-09-01,1821,9,14.07
1821-09-01,1821,9,13.739
1821-10-01,1821,10,7.975999999999999
1821-10-01,1821,10,7.943000000000002
1821-11-01,1821,11,4.659999999999999
1821-11-01,1821,11,5.372999999999999
1821-12-01,1821,12,0.6949999999999987
1821-12-01,1821,12,1.6750000000000005
1822-01-01,1822,1,-2.705
1822-01-01,1822,1,-0.5240000000000005
1822-02-01,1822,2,-0.1200000000000006
1822-02-01,1822,2,0.8099999999999992
1822-03-01,1822,3,4.852000000000001
1822-03-01,1822,3,5.311999999999999
1822-04-01,1822,4,9.629
1822-04-01,1822,4,8.342
1822-05-01,1822,5,14.324999999999998
1822-05-01,1822,5,13.592999999999998
1822-06-01,1822,6,16.545
1822-06-01,1822,6,16.636
1822-07-01,1822,7,19.983
1822-07-01,1822,7,18.405999999999995
1822-08-01,1822,8,16.898000000000003
1822-08-01,1822,8,15.755000000000004
1822-09-01,1822,9,12.464000000000002
1822-09-01,1822,9,11.932
1822-10-01,1822,10,9.643
1822-10-01,1822,10,10.347
1822-11-01,1822,11,3.02
1822-11-01,1822,11,3.924999999999999
1822-12-01,1822,12,-3.648000000000001
1822-12-01,1822,12,-2.799
1823-01-01,1823,1,-12.362
1823-01-01,1823,1,-10.317
1823-02-01,1823,2,-4.310999999999999
1823-02-01,1823,2,-1.2930000000000004
1823-03-01,1823,3,1.3369999999999986
1823-03-01,1823,3,2.432999999999998
1823-04-01,1823,4,5.775000000000002
1823-04-01,1823,4,5.198999999999998
1823-05-01,1823,5,13.092999999999998
1823-05-01,1823,5,12.5
1823-06-01,1823,6,17.630999999999997
1823-06-01,1823,6,15.433000000000002
1823-07-01,1823,7,18.378
1823-07-01,1823,7,16.308
1823-08-01,1823,8,19.119
1823-08-01,1823,8,17.737000000000002
1823-09-01,1823,9,13.473999999999998
1823-09-01,1823,9,13.176
1823-10-01,1823,10,9.568
1823-10-01,1823,10,9.761
1823-11-01,1823,11,3.636000000000001
1823-11-01,1823,11,3.5589999999999997
1823-12-01,1823,12,-0.8660000000000009
1823-12-01,1823,12,0.0720000000000019
1824-01-01,1824,1,-2.2969999999999997
1824-01-01,1824,1,-1.6640000000000004
1824-02-01,1824,2,-1.2050000000000003
1824-02-01,1824,2,0.235000000000001
1824-03-01,1824,3,1.9930000000000008
1824-03-01,1824,3,1.7859999999999985
1824-04-01,1824,4,7.282999999999999
1824-04-01,1824,4,6.239000000000002
1824-05-01,1824,5,11.631
1824-05-01,1824,5,10.689
1824-06-01,1824,6,15.633
1824-06-01,1824,6,14.239
1824-07-01,1824,7,17.418
1824-07-01,1824,7,16.374
1824-08-01,1824,8,17.659000000000002
1824-08-01,1824,8,16.756
1824-09-01,1824,9,16.093
1824-09-01,1824,9,14.746
1824-10-01,1824,10,8.42
1824-10-01,1824,10,8.758000000000001
1824-11-01,1824,11,3.2750000000000017
1824-11-01,1824,11,4.017000000000001
1824-12-01,1824,12,1.6560000000000012
1824-12-01,1824,12,2.6679999999999997
1825-01-01,1825,1,-1.537
1825-01-01,1825,1,-0.1210000000000002
1825-02-01,1825,2,-3.5000000000000004
1825-02-01,1825,2,-1.841
1825-03-01,1825,3,-2.411
1825-03-01,1825,3,-1.1990000000000005
1825-04-01,1825,4,6.797000000000001
1825-04-01,1825,4,7.159000000000002
1825-05-01,1825,5,13.073
1825-05-01,1825,5,12.198
1825-06-01,1825,6,16.380000000000003
1825-06-01,1825,6,14.994999999999996
1825-07-01,1825,7,17.291999999999998
1825-07-01,1825,7,16.121
1825-08-01,1825,8,17.239
1825-08-01,1825,8,16.218
1825-09-01,1825,9,13.681
1825-09-01,1825,9,13.774
1825-10-01,1825,10,7.452000000000002
1825-10-01,1825,10,7.305000000000001
1825-11-01,1825,11,4.764000000000001
1825-11-01,1825,11,4.822
1825-12-01,1825,12,1.7939999999999994
1825-12-01,1825,12,3.8129999999999993
1826-01-01,1826,1,-9.002
1826-01-01,1826,1,-8.328
1826-02-01,1826,2,-2.252
1826-02-01,1826,2,-1.9819999999999995
1826-03-01,1826,3,1.7390000000000012
1826-03-01,1826,3,2.406000000000002
1826-04-01,1826,4,6.555
1826-05-01,1826,5,12.836
1826-05-01,1826,5,10.657999999999998
1826-06-01,1826,6,17.761
1826-06-01,1826,6,16.086
1826-07-01,1826,7,21.744000000000003
1826-07-01,1826,7,20.012000000000004
1826-08-01,1826,8,19.82
1826-08-01,1826,8,19.588
1826-09-01,1826,9,13.624000000000002
1826-09-01,1826,9,13.671
1826-10-01,1826,10,9.134000000000002
1826-10-01,1826,10,9.189
1826-11-01,1826,11,2.2619999999999982
1826-11-01,1826,11,2.347999999999999
1826-12-01,1826,12,-0.5800000000000003
1826-12-01,1826,12,0.4770000000000015
1827-01-01,1827,1,-3.324
1827-01-01,1827,1,-3.618
1827-02-01,1827,2,-7.705999999999999
1827-02-01,1827,2,-8.078000000000001
1827-03-01,1827,3,3.270999999999999
1827-04-01,1827,4,10.012
1827-04-01,1827,4,8.972
1827-05-01,1827,5,15.222
1827-05-01,1827,5,14.412999999999998
1827-06-01,1827,6,19.805
1827-06-01,1827,6,18.031
1827-07-01,1827,7,18.947000000000003
1827-07-01,1827,7,18.312
1827-08-01,1827,8,17.518
1827-08-01,1827,8,16.72
1827-09-01,1827,9,13.806
1827-09-01,1827,9,13.548000000000002
1827-10-01,1827,10,8.634000000000002
1827-10-01,1827,10,8.978000000000002
1827-11-01,1827,11,-0.4250000000000003
1827-11-01,1827,11,-0.6020000000000003
1827-12-01,1827,12,0.2779999999999994
1827-12-01,1827,12,0.8870000000000012
1828-01-01,1828,1,-7.665
1828-01-01,1828,1,-4.620999999999999
1828-02-01,1828,2,-5.424
1828-02-01,1828,2,-3.557
1828-03-01,1828,3,2.0059999999999985
1828-03-01,1828,3,2.8119999999999994
1828-04-01,1828,4,8.900000000000002
1828-04-01,1828,4,8.696
1828-05-01,1828,5,12.717
1828-05-01,1828,5,11.988999999999995
1828-06-01,1828,6,17.347
1828-06-01,1828,6,15.871
1828-07-01,1828,7,19.86
1828-07-01,1828,7,18.403
1828-08-01,1828,8,16.963
1828-08-01,1828,8,15.238000000000005
1828-09-01,1828,9,12.471
1828-09-01,1828,9,12.291000000000002
1828-10-01,1828,10,7.037999999999999
1828-10-01,1828,10,6.927999999999999
1828-11-01,1828,11,2.1449999999999982
1828-11-01,1828,11,3.2929999999999997
1828-12-01,1828,12,-2.434
1828-12-01,1828,12,0.245999999999999
1829-01-01,1829,1,-9.6
1829-01-01,1829,1,-6.568
1829-02-01,1829,2,-7.526000000000001
1829-02-01,1829,2,-6.442000000000001
1829-03-01,1829,3,-1.582
1829-03-01,1829,3,-0.4429999999999998
1829-04-01,1829,4,7.357000000000003
1829-04-01,1829,4,7.09
1829-05-01,1829,5,12.213
1829-05-01,1829,5,10.686
1829-06-01,1829,6,16.372
1829-06-01,1829,6,14.282000000000002
1829-07-01,1829,7,18.901
1829-07-01,1829,7,17.894
1829-08-01,1829,8,17.271
1829-08-01,1829,8,15.535999999999998
1829-09-01,1829,9,14.739
1829-09-01,1829,9,13.470000000000002
1829-10-01,1829,10,5.183
1829-10-01,1829,10,5.740999999999998
1829-11-01,1829,11,-2.5899999999999994
1829-11-01,1829,11,-1.9539999999999995
1829-12-01,1829,12,-11.441999999999998
1829-12-01,1829,12,-9.679
1830-01-01,1830,1,-10.734
1830-01-01,1830,1,-9.832
1830-02-01,1830,2,-7.076
1830-02-01,1830,2,-5.569999999999999
1830-03-01,1830,3,0.9410000000000016
1830-03-01,1830,3,1.7510000000000008
1830-04-01,1830,4,8.463000000000001
1830-04-01,1830,4,8.677999999999997
1830-05-01,1830,5,12.928
1830-06-01,1830,6,18.126
1830-06-01,1830,6,16.934
1830-07-01,1830,7,18.061
1830-07-01,1830,7,17.589000000000002
1830-08-01,1830,8,18.667
1830-08-01,1830,8,16.862
1830-09-01,1830,9,13.055
1830-09-01,1830,9,12.461
1830-10-01,1830,10,6.714
1830-10-01,1830,10,6.583000000000002
1830-11-01,1830,11,4.041
1830-11-01,1830,11,4.425999999999999
1830-12-01,1830,12,-0.4769999999999995
1830-12-01,1830,12,-0.4530000000000002
1831-01-01,1831,1,-8.053999999999998
1831-01-01,1831,1,-6.41
1831-02-01,1831,2,-2.279
1831-02-01,1831,2,-1.576
1831-03-01,1831,3,0.284999999999999
1831-03-01,1831,3,1.4859999999999989
1831-04-01,1831,4,10.53
1831-04-01,1831,4,9.722
1831-05-01,1831,5,13.071
1831-05-01,1831,5,11.874
1831-06-01,1831,6,16.231
1831-06-01,1831,6,14.486999999999998
1831-07-01,1831,7,19.072
1831-07-01,1831,7,18.114
1831-08-01,1831,8,17.278000000000002
1831-08-01,1831,8,16.400999999999996
1831-09-01,1831,9,12.135000000000002
1831-09-01,1831,9,11.85
1831-10-01,1831,10,9.483
1831-10-01,1831,10,10.49
1831-11-01,1831,11,1.0970000000000013
1831-11-01,1831,11,1.87
1831-12-01,1831,12,-2.379
1831-12-01,1831,12,-0.8529999999999995
1832-01-01,1832,1,-4.698
1832-01-01,1832,1,-3.627
1832-02-01,1832,2,-3.026
1832-02-01,1832,2,-1.058999999999999
1832-03-01,1832,3,0.3860000000000004
1832-03-01,1832,3,1.658999999999998
1832-04-01,1832,4,6.278000000000002
1832-04-01,1832,4,6.223
1832-05-01,1832,5,11.099
1832-05-01,1832,5,10.073
1832-06-01,1832,6,15.569
1832-06-01,1832,6,14.68
1832-07-01,1832,7,15.037
1832-07-01,1832,7,14.849000000000002
1832-08-01,1832,8,17.534
1832-08-01,1832,8,17.066
1832-09-01,1832,9,11.207
1832-09-01,1832,9,11.422000000000002
1832-10-01,1832,10,7.720999999999997
1832-10-01,1832,10,7.884000000000002
1832-11-01,1832,11,-0.0250000000000009
1832-11-01,1832,11,1.7780000000000011
1832-12-01,1832,12,-4.28
1832-12-01,1832,12,-2.644
1833-01-01,1833,1,-6.481000000000001
1833-01-01,1833,1,-6.305000000000001
1833-02-01,1833,2,0.0479999999999986
1833-02-01,1833,2,1.5870000000000002
1833-03-01,1833,3,1.4750000000000003
1833-03-01,1833,3,2.105000000000001
1833-04-01,1833,4,5.819000000000002
1833-04-01,1833,4,4.998000000000001
1833-05-01,1833,5,15.306999999999997
1833-05-01,1833,5,15.449
1833-06-01,1833,6,18.396
1833-06-01,1833,6,17.455
1833-07-01,1833,7,17.790999999999997
1833-07-01,1833,7,16.026
1833-08-01,1833,8,14.143
1833-08-01,1833,8,13.092000000000002
1833-09-01,1833,9,13.498
1833-09-01,1833,9,12.52
1833-10-01,1833,10,6.568000000000001
1833-10-01,1833,10,7.119
1833-11-01,1833,11,1.878999999999999
1833-11-01,1833,11,2.7949999999999995
1833-12-01,1833,12,1.192000000000001
1833-12-01,1833,12,2.469000000000001
1834-01-01,1834,1,-1.604
1834-01-01,1834,1,1.1079999999999994
1834-02-01,1834,2,-2.058
1834-02-01,1834,2,-1.2270000000000003
1834-03-01,1834,3,0.7949999999999986
1834-03-01,1834,3,1.0349999999999997
1834-04-01,1834,4,6.2940000000000005
1834-04-01,1834,4,5.301999999999999
1834-05-01,1834,5,15.845999999999997
1834-05-01,1834,5,14.752000000000002
1834-06-01,1834,6,17.753
1834-06-01,1834,6,17.103
1834-07-01,1834,7,22.016
1834-07-01,1834,7,21.092
1834-08-01,1834,8,21.046000000000003
1834-08-01,1834,8,19.148
1834-09-01,1834,9,14.634000000000002
1834-09-01,1834,9,14.630000000000004
1834-10-01,1834,10,7.346
1834-10-01,1834,10,7.762999999999999
1834-11-01,1834,11,2.210000000000001
1834-11-01,1834,11,2.374999999999999
1834-12-01,1834,12,-0.6410000000000002
1834-12-01,1834,12,-0.2320000000000001
1835-01-01,1835,1,-1.815
1835-01-01,1835,1,-1.687
1835-02-01,1835,2,0.0999999999999998
1835-03-01,1835,3,1.8290000000000008
1835-03-01,1835,3,1.6830000000000014
1835-04-01,1835,4,5.879
1835-04-01,1835,4,5.450000000000001
1835-05-01,1835,5,12.821000000000002
1835-05-01,1835,5,12.291000000000002
1835-06-01,1835,6,17.612
1835-06-01,1835,6,15.738999999999995
1835-07-01,1835,7,18.963
1835-07-01,1835,7,17.661
1835-08-01,1835,8,15.635
1835-08-01,1835,8,16.047
1835-09-01,1835,9,13.428999999999998
1835-09-01,1835,9,13.455999999999998
1835-10-01,1835,10,7.110000000000001
1835-10-01,1835,10,7.108000000000001
1835-11-01,1835,11,-2.258
1835-11-01,1835,11,-1.6449999999999991
1835-12-01,1835,12,-5.343999999999999
1835-12-01,1835,12,-3.5249999999999995
1836-01-01,1836,1,-5.513000000000001
1836-01-01,1836,1,-4.317000000000001
1836-02-01,1836,2,-1.3030000000000008
1836-02-01,1836,2,-0.719
1836-03-01,1836,3,6.854000000000002
1836-03-01,1836,3,6.404
1836-04-01,1836,4,8.765999999999998
1836-04-01,1836,4,6.98
1836-05-01,1836,5,10.064
1836-05-01,1836,5,8.665000000000001
1836-06-01,1836,6,16.951
1836-06-01,1836,6,15.711999999999998
1836-07-01,1836,7,16.576999999999998
1836-07-01,1836,7,16.099000000000004
1836-08-01,1836,8,15.629
1836-08-01,1836,8,15.384000000000002
1836-09-01,1836,9,13.139
1836-09-01,1836,9,12.148
1836-10-01,1836,10,10.262
1836-10-01,1836,10,9.917
1836-11-01,1836,11,-0.2059999999999995
1836-11-01,1836,11,1.3689999999999989
1836-12-01,1836,12,-0.8510000000000003
1836-12-01,1836,12,0.5940000000000012
1837-01-01,1837,1,-4.558
1837-01-01,1837,1,-2.821
1837-02-01,1837,2,-4.315999999999999
1837-02-01,1837,2,-3.628
1837-03-01,1837,3,-0.802
1837-03-01,1837,3,-1.5449999999999993
1837-04-01,1837,4,7.330999999999999
1837-04-01,1837,4,5.108999999999998
1837-05-01,1837,5,12.391
1837-05-01,1837,5,10.29
1837-06-01,1837,6,15.735
1837-06-01,1837,6,14.732000000000005
1837-07-01,1837,7,16.282999999999998
1837-07-01,1837,7,14.908000000000005
1837-08-01,1837,8,18.467
1837-08-01,1837,8,17.689000000000004
1837-09-01,1837,9,12.288000000000002
1837-09-01,1837,9,11.221
1837-10-01,1837,10,7.381
1837-10-01,1837,10,7.842
1837-11-01,1837,11,3.2920000000000016
1837-11-01,1837,11,3.0350000000000006
1837-12-01,1837,12,-4.833
1837-12-01,1837,12,-2.700999999999999
1838-01-01,1838,1,-13.63
1838-01-01,1838,1,-11.116
1838-02-01,1838,2,-7.633999999999999
1838-02-01,1838,2,-6.943
1838-03-01,1838,3,0.3409999999999987
1838-03-01,1838,3,1.5140000000000005
1838-04-01,1838,4,5.787999999999999
1838-04-01,1838,4,4.886000000000001
1838-05-01,1838,5,13.389
1838-05-01,1838,5,12.178999999999998
1838-06-01,1838,6,16.229
1838-06-01,1838,6,14.738
1838-07-01,1838,7,17.236
1838-07-01,1838,7,15.928
1838-08-01,1838,8,15.386
1838-08-01,1838,8,14.278
1838-09-01,1838,9,14.967000000000004
1838-09-01,1838,9,14.048
1838-10-01,1838,10,5.684000000000001
1838-10-01,1838,10,6.292000000000001
1838-11-01,1838,11,0.6160000000000012
1838-11-01,1838,11,1.0739999999999996
1838-12-01,1838,12,-2.911
1838-12-01,1838,12,-2.2359999999999998
1839-01-01,1839,1,-4.711
1839-01-01,1839,1,-3.1130000000000004
1839-02-01,1839,2,-3.104999999999999
1839-02-01,1839,2,-1.3030000000000008
1839-03-01,1839,3,-3.200000000000001
1839-03-01,1839,3,-1.5250000000000006
1839-04-01,1839,4,3.379
1839-04-01,1839,4,3.087999999999999
1839-05-01,1839,5,14.632
1839-05-01,1839,5,11.736
1839-06-01,1839,6,17.824999999999996
1839-06-01,1839,6,17.099
1839-07-01,1839,7,19.858
1839-07-01,1839,7,18.139
1839-08-01,1839,8,17.733
1839-08-01,1839,8,15.598
1839-09-01,1839,9,15.474000000000002
1839-09-01,1839,9,14.330999999999998
1839-10-01,1839,10,8.038000000000002
1839-10-01,1839,10,8.907000000000002
1839-11-01,1839,11,2.688
1839-11-01,1839,11,4.627999999999998
1839-12-01,1839,12,-5.578000000000001
1839-12-01,1839,12,-1.8269999999999995
1840-01-01,1840,1,-4.584
1840-01-01,1840,1,-3.6309999999999993
1840-02-01,1840,2,-3.804
1840-02-01,1840,2,-2.241
1840-03-01,1840,3,-2.568999999999999
1840-03-01,1840,3,-2.713000000000001
1840-04-01,1840,4,6.277
1840-04-01,1840,4,5.870000000000001
1840-05-01,1840,5,10.970000000000002
1840-05-01,1840,5,10.406
1840-06-01,1840,6,15.994
1840-06-01,1840,6,14.549
1840-07-01,1840,7,18.22
1840-07-01,1840,7,16.343
1840-08-01,1840,8,16.298
1840-08-01,1840,8,15.234
1840-09-01,1840,9,14.224999999999998
1840-09-01,1840,9,12.912
1840-10-01,1840,10,5.245000000000001
1840-10-01,1840,10,5.325999999999998
1840-11-01,1840,11,3.4720000000000004
1840-11-01,1840,11,5.11
1840-12-01,1840,12,-8.932
1840-12-01,1840,12,-8.58
1841-01-01,1841,1,-3.84
1841-02-01,1841,2,-9.830999999999998
1841-02-01,1841,2,-7.212
1841-03-01,1841,3,1.4199999999999986
1841-03-01,1841,3,2.789999999999999
1841-04-01,1841,4,8.848
1841-04-01,1841,4,8.172999999999998
1841-05-01,1841,5,16.239
1841-05-01,1841,5,15.12
1841-06-01,1841,6,17.266000000000002
1841-06-01,1841,6,14.91
1841-07-01,1841,7,16.398
1841-08-01,1841,8,18.448
1841-08-01,1841,8,16.805999999999997
1841-09-01,1841,9,13.938
1841-09-01,1841,9,13.558000000000002
1841-10-01,1841,10,10.286
1841-10-01,1841,10,10.892000000000005
1841-11-01,1841,11,3.0679999999999987
1841-11-01,1841,11,3.8319999999999994
1841-12-01,1841,12,1.134000000000002
1841-12-01,1841,12,1.7460000000000009
1842-01-01,1842,1,-7.986999999999999
1842-01-01,1842,1,-6.407
1842-02-01,1842,2,-3.976000000000001
1842-02-01,1842,2,-3.4940000000000007
1842-03-01,1842,3,1.6499999999999997
1842-03-01,1842,3,2.059000000000001
1842-04-01,1842,4,4.261999999999999
1842-04-01,1842,4,4.227999999999999
1842-05-01,1842,5,14.015
1842-05-01,1842,5,12.874000000000002
1842-06-01,1842,6,15.767999999999995
1842-06-01,1842,6,14.935999999999998
1842-07-01,1842,7,16.646
1842-07-01,1842,7,16.278000000000002
1842-08-01,1842,8,19.898
1842-08-01,1842,8,19.403
1842-09-01,1842,9,13.371
1842-09-01,1842,9,13.259
1842-10-01,1842,10,5.203999999999998
1842-10-01,1842,10,5.511000000000001
1842-11-01,1842,11,-0.9220000000000006
1842-11-01,1842,11,0.1529999999999987
1842-12-01,1842,12,0.9820000000000008
1842-12-01,1842,12,0.8310000000000015
1843-01-01,1843,1,-1.876
1843-01-01,1843,1,-1.6379999999999997
1843-02-01,1843,2,2.584999999999999
1843-02-01,1843,2,2.9219999999999997
1843-03-01,1843,3,0.0379999999999982
1843-03-01,1843,3,0.1470000000000008
1843-04-01,1843,4,7.344999999999999
1843-04-01,1843,4,6.826
1843-05-01,1843,5,10.357999999999995
1843-05-01,1843,5,10.053
1843-06-01,1843,6,16.504
1843-06-01,1843,6,14.199
1843-07-01,1843,7,17.968
1843-07-01,1843,7,16.287999999999997
1843-08-01,1843,8,18.687
1843-08-01,1843,8,17.012999999999998
1843-09-01,1843,9,11.627999999999998
1843-09-01,1843,9,11.026000000000002
1843-10-01,1843,10,7.154999999999998
1843-10-01,1843,10,7.334
1843-11-01,1843,11,2.002
1843-11-01,1843,11,3.048000000000002
1843-12-01,1843,12,1.9780000000000009
1843-12-01,1843,12,2.168
1844-01-01,1844,1,-4.949000000000001
1844-01-01,1844,1,-3.58
1844-02-01,1844,2,-4.934999999999999
1844-02-01,1844,2,-3.451
1844-03-01,1844,3,-1.0479999999999992
1844-03-01,1844,3,-0.0640000000000008
1844-04-01,1844,4,6.561000000000002
1844-04-01,1844,4,6.706
1844-05-01,1844,5,14.156999999999998
1844-05-01,1844,5,12.071000000000002
1844-06-01,1844,6,15.238000000000005
1844-06-01,1844,6,14.985
1844-07-01,1844,7,15.191999999999998
1844-07-01,1844,7,14.242
1844-08-01,1844,8,15.765000000000002
1844-08-01,1844,8,14.385
1844-09-01,1844,9,13.342
1844-09-01,1844,9,12.815
1844-10-01,1844,10,8.079
1844-10-01,1844,10,8.587000000000002
1844-11-01,1844,11,2.3499999999999983
1844-11-01,1844,11,4.261999999999999
1844-12-01,1844,12,-6.4190000000000005
1844-12-01,1844,12,-5.285000000000001
1845-01-01,1845,1,-2.536000000000001
1845-01-01,1845,1,-1.0189999999999997
1845-02-01,1845,2,-10.287
1845-02-01,1845,2,-7.335
1845-03-01,1845,3,-6.222
1845-03-01,1845,3,-4.923
1845-04-01,1845,4,7.110000000000001
1845-04-01,1845,4,7.452999999999999
1845-05-01,1845,5,11.922
1845-05-01,1845,5,10.670000000000002
1845-06-01,1845,6,17.645
1845-06-01,1845,6,17.206
1845-07-01,1845,7,19.895000000000003
1845-07-01,1845,7,18.456
1845-08-01,1845,8,16.899
1845-08-01,1845,8,15.619999999999996
1845-09-01,1845,9,11.958
1845-09-01,1845,9,11.79
1845-10-01,1845,10,7.4540000000000015
1845-10-01,1845,10,8.541000000000002
1845-11-01,1845,11,4.0950000000000015
1845-11-01,1845,11,5.240999999999999
1845-12-01,1845,12,-0.4140000000000003
1845-12-01,1845,12,0.928999999999998
1846-01-01,1846,1,-3.3979999999999992
1846-01-01,1846,1,-1.4059999999999997
1846-02-01,1846,2,-2.0840000000000005
1846-02-01,1846,2,0.5759999999999997
1846-03-01,1846,3,4.783
1846-03-01,1846,3,4.881999999999999
1846-04-01,1846,4,9.037
1846-04-01,1846,4,8.261
1846-05-01,1846,5,11.393999999999998
1846-05-01,1846,5,11.219
1846-06-01,1846,6,16.186999999999998
1846-06-01,1846,6,16.628
1846-07-01,1846,7,19.736
1846-07-01,1846,7,18.764
1846-08-01,1846,8,21.006
1846-08-01,1846,8,19.394
1846-09-01,1846,9,13.821000000000002
1846-09-01,1846,9,13.599999999999998
1846-10-01,1846,10,10.804000000000002
1846-10-01,1846,10,11.341
1846-11-01,1846,11,0.2080000000000007
1846-11-01,1846,11,1.4140000000000006
1846-12-01,1846,12,-4.542999999999999
1846-12-01,1846,12,-4.07
1847-01-01,1847,1,-7.603000000000001
1847-01-01,1847,1,-4.943000000000001
1847-02-01,1847,2,-3.430999999999999
1847-02-01,1847,2,-2.297999999999999
1847-03-01,1847,3,0.6779999999999988
1847-03-01,1847,3,0.5820000000000015
1847-04-01,1847,4,5.653000000000002
1847-04-01,1847,4,4.759999999999999
1847-05-01,1847,5,13.944
1847-05-01,1847,5,13.746000000000002
1847-06-01,1847,6,15.752
1847-06-01,1847,6,13.675000000000002
1847-07-01,1847,7,17.257
1847-07-01,1847,7,16.865
1847-08-01,1847,8,19.367000000000004
1847-08-01,1847,8,17.982999999999997
1847-09-01,1847,9,11.968
1847-09-01,1847,9,10.999000000000002
1847-10-01,1847,10,6.114999999999998
1847-10-01,1847,10,6.421
1847-11-01,1847,11,2.379000000000002
1847-11-01,1847,11,2.8629999999999987
1847-12-01,1847,12,-3.419
1847-12-01,1847,12,-1.1909999999999994
1848-01-01,1848,1,-13.326999999999998
1848-01-01,1848,1,-10.796
1848-02-01,1848,2,-0.5230000000000009
1848-02-01,1848,2,0.9410000000000016
1848-03-01,1848,3,3.884
1848-03-01,1848,3,3.987
1848-04-01,1848,4,10.937
1848-04-01,1848,4,9.837000000000002
1848-05-01,1848,5,13.146
1848-05-01,1848,5,11.812999999999995
1848-06-01,1848,6,18.989
1848-06-01,1848,6,17.477999999999998
1848-07-01,1848,7,18.409
1848-07-01,1848,7,17.226
1848-08-01,1848,8,17.064999999999998
1848-08-01,1848,8,16.206
1848-09-01,1848,9,12.319
1848-09-01,1848,9,11.984
1848-10-01,1848,10,9.214
1848-10-01,1848,10,9.830000000000002
1848-11-01,1848,11,2.256
1848-12-01,1848,12,-0.3999999999999993
1848-12-01,1848,12,-0.8330000000000007
1849-01-01,1849,1,-6.083
1849-01-01,1849,1,-4.54
1849-02-01,1849,2,-0.6840000000000006
1849-02-01,1849,2,0.8630000000000019
1849-03-01,1849,3,-0.3049999999999997
1849-03-01,1849,3,0.5609999999999992
1849-04-01,1849,4,6.070000000000001
1849-04-01,1849,4,6.011
1849-05-01,1849,5,14.000999999999998
1849-05-01,1849,5,12.704
1849-06-01,1849,6,15.889
1849-06-01,1849,6,15.261
1849-07-01,1849,7,16.768
1849-07-01,1849,7,15.501999999999995
1849-08-01,1849,8,16.081
1849-08-01,1849,8,14.744
1849-09-01,1849,9,11.799
1849-09-01,1849,9,11.331
1849-10-01,1849,10,6.917000000000001
1849-10-01,1849,10,7.08
1849-11-01,1849,11,2.276000000000001
1849-11-01,1849,11,2.0460000000000003
1849-12-01,1849,12,-6.4270000000000005
1849-12-01,1849,12,-4.601000000000001
1850-01-01,1850,1,-11.858
1850-01-01,1850,1,-8.972
1850-02-01,1850,2,-1.0689999999999995
1850-02-01,1850,2,1.229999999999999
1850-03-01,1850,3,-1.705999999999999
1850-03-01,1850,3,-1.1299999999999994
1850-04-01,1850,4,7.087
1850-04-01,1850,4,6.927000000000001
1850-05-01,1850,5,14.588
1850-05-01,1850,5,12.461
1850-06-01,1850,6,18.143
1850-06-01,1850,6,16.209
1850-07-01,1850,7,18.563
1850-07-01,1850,7,16.622
1850-08-01,1850,8,18.781
1850-08-01,1850,8,16.689
1850-09-01,1850,9,11.480999999999998
1850-09-01,1850,9,11.066
1850-10-01,1850,10,6.883000000000001
1850-10-01,1850,10,6.8050000000000015
1850-11-01,1850,11,2.523999999999999
1850-11-01,1850,11,3.775000000000001
1850-12-01,1850,12,-0.5939999999999992
1850-12-01,1850,12,-0.3200000000000003
1851-01-01,1851,1,-5.171
1851-01-01,1851,1,-2.164999999999999
1851-02-01,1851,2,-2.8910000000000005
1851-02-01,1851,2,-1.659
1851-03-01,1851,3,1.0299999999999996
1851-03-01,1851,3,2.1089999999999995
1851-04-01,1851,4,9.468999999999998
1851-04-01,1851,4,8.734000000000002
1851-05-01,1851,5,10.804000000000002
1851-05-01,1851,5,9.092
1851-06-01,1851,6,15.508
1851-06-01,1851,6,14.511
1851-07-01,1851,7,17.606
1851-07-01,1851,7,16.138999999999996
1851-08-01,1851,8,17.477999999999998
1851-08-01,1851,8,16.24
1851-09-01,1851,9,12.786
1851-09-01,1851,9,11.207999999999998
1851-10-01,1851,10,10.106000000000002
1851-10-01,1851,10,10.228000000000002
1851-11-01,1851,11,2.942
1851-11-01,1851,11,1.0269999999999986
1851-12-01,1851,12,-0.6500000000000009
1851-12-01,1851,12,-0.7359999999999999
1852-01-01,1852,1,-0.9689999999999996
1852-01-01,1852,1,0.6480000000000017
1852-02-01,1852,2,-2.9250000000000003
1852-02-01,1852,2,-0.4489999999999996
1852-03-01,1852,3,-1.141999999999999
1852-03-01,1852,3,-0.7429999999999993
1852-04-01,1852,4,3.2339999999999987
1852-04-01,1852,4,3.108
1852-05-01,1852,5,13.125
1852-05-01,1852,5,12.586
1852-06-01,1852,6,18.081
1852-06-01,1852,6,16.389
1852-07-01,1852,7,19.076
1852-07-01,1852,7,18.557
1852-08-01,1852,8,18.233
1852-08-01,1852,8,17.27
1852-09-01,1852,9,13.493
1852-10-01,1852,10,6.367
1852-10-01,1852,10,7.027000000000001
1852-11-01,1852,11,2.8729999999999998
1852-11-01,1852,11,4.822999999999998
1852-12-01,1852,12,1.6819999999999995
1852-12-01,1852,12,2.735000000000001
1853-01-01,1853,1,-1.6659999999999997
1853-01-01,1853,1,-0.0650000000000004
1853-02-01,1853,2,-3.866
1853-03-01,1853,3,-3.054
1853-03-01,1853,3,-3.2340000000000004
1853-04-01,1853,4,4.017999999999999
1853-04-01,1853,4,3.338999999999998
1853-05-01,1853,5,12.666
1853-05-01,1853,5,11.04
1853-06-01,1853,6,17.888999999999996
1853-06-01,1853,6,15.794999999999996
1853-07-01,1853,7,18.827
1853-07-01,1853,7,17.701000000000004
1853-08-01,1853,8,17.081000000000003
1853-08-01,1853,8,16.234
1853-09-01,1853,9,12.718000000000002
1853-09-01,1853,9,12.297
1853-10-01,1853,10,8.638
1853-10-01,1853,10,8.375999999999998
1853-11-01,1853,11,0.3409999999999987
1853-11-01,1853,11,1.246999999999999
1853-12-01,1853,12,-5.551
1853-12-01,1853,12,-5.795
1854-01-01,1854,1,-4.290000000000001
1854-01-01,1854,1,-2.6210000000000004
1854-02-01,1854,2,-3.670000000000001
1854-02-01,1854,2,-2.3629999999999995
1854-03-01,1854,3,0.6369999999999997
1854-03-01,1854,3,1.341000000000001
1854-04-01,1854,4,6.195000000000002
1854-04-01,1854,4,5.755999999999999
1854-05-01,1854,5,14.791000000000004
1854-05-01,1854,5,12.847
1854-06-01,1854,6,15.611000000000002
1854-06-01,1854,6,14.182
1854-07-01,1854,7,19.422
1854-07-01,1854,7,17.506999999999998
1854-08-01,1854,8,17.593
1854-08-01,1854,8,15.595
1854-09-01,1854,9,11.822
1854-09-01,1854,9,11.646999999999998
1854-10-01,1854,10,8.237
1854-10-01,1854,10,8.170000000000002
1854-11-01,1854,11,-0.0509999999999995
1854-11-01,1854,11,0.3380000000000017
1854-12-01,1854,12,-0.5240000000000005
1854-12-01,1854,12,0.6790000000000005
1855-01-01,1855,1,-7.149000000000001
1855-01-01,1855,1,-4.7940000000000005
1855-02-01,1855,2,-11.007
1855-02-01,1855,2,-8.693000000000001
1855-03-01,1855,3,0.3479999999999982
1855-03-01,1855,3,0.4019999999999986
1855-04-01,1855,4,5.550999999999998
1855-04-01,1855,4,4.866999999999998
1855-05-01,1855,5,12.277
1855-05-01,1855,5,10.625
1855-06-01,1855,6,18.416
1855-06-01,1855,6,16.412000000000003
1855-07-01,1855,7,19.081
1855-07-01,1855,7,16.971
1855-08-01,1855,8,17.781999999999996
1855-08-01,1855,8,16.799
1855-09-01,1855,9,11.800999999999998
1855-09-01,1855,9,11.598999999999998
1855-10-01,1855,10,10.191999999999998
1855-10-01,1855,10,10.584
1855-11-01,1855,11,0.8679999999999981
1855-11-01,1855,11,2.1089999999999995
1855-12-01,1855,12,-9.321
1855-12-01,1855,12,-7.688999999999999
1856-01-01,1856,1,-2.4299999999999997
1856-01-01,1856,1,-1.6999999999999993
1856-02-01,1856,2,-2.673999999999999
1856-02-01,1856,2,-0.4470000000000003
1856-03-01,1856,3,-1.792
1856-03-01,1856,3,-0.7539999999999993
1856-04-01,1856,4,8.604000000000001
1856-04-01,1856,4,8.375999999999998
1856-05-01,1856,5,12.330999999999998
1856-05-01,1856,5,11.301
1856-06-01,1856,6,17.161
1856-06-01,1856,6,15.928999999999998
1856-07-01,1856,7,16.711
1856-07-01,1856,7,15.052999999999995
1856-08-01,1856,8,15.958000000000002
1856-08-01,1856,8,16.023
1856-09-01,1856,9,12.566
1856-09-01,1856,9,11.878999999999998
1856-10-01,1856,10,8.377
1856-10-01,1856,10,8.924
1856-11-01,1856,11,-1.5109999999999997
1856-11-01,1856,11,-0.7780000000000007
1856-12-01,1856,12,-0.9820000000000008
1856-12-01,1856,12,-0.7840000000000005
1857-01-01,1857,1,-4.319999999999999
1857-01-01,1857,1,-3.64
1857-02-01,1857,2,-5.214
1857-02-01,1857,2,-3.579
1857-03-01,1857,3,0.6010000000000006
1857-03-01,1857,3,1.1169999999999982
1857-04-01,1857,4,7.451
1857-04-01,1857,4,6.916
1857-05-01,1857,5,11.854
1857-05-01,1857,5,11.384
1857-06-01,1857,6,16.695
1857-06-01,1857,6,15.427
1857-07-01,1857,7,18.172
1857-07-01,1857,7,17.371
1857-08-01,1857,8,18.583
1857-08-01,1857,8,17.769
1857-09-01,1857,9,13.496
1857-09-01,1857,9,13.499999999999998
1857-10-01,1857,10,9.954999999999998
1857-10-01,1857,10,10.754
1857-11-01,1857,11,0.8180000000000002
1857-11-01,1857,11,0.7029999999999998
1857-12-01,1857,12,0.8750000000000016
1857-12-01,1857,12,0.8330000000000007
1858-01-01,1858,1,-6.242000000000001
1858-01-01,1858,1,-5.242000000000001
1858-02-01,1858,2,-8.67
1858-02-01,1858,2,-7.854999999999999
1858-03-01,1858,3,-1.1220000000000003
1858-03-01,1858,3,-0.5690000000000003
1858-04-01,1858,4,5.352
1858-04-01,1858,4,5.391000000000001
1858-05-01,1858,5,12.805
1858-05-01,1858,5,10.835
1858-06-01,1858,6,17.384
1858-07-01,1858,7,19.585
1858-07-01,1858,7,17.076000000000004
1858-08-01,1858,8,18.68
1858-08-01,1858,8,16.551000000000002
1858-09-01,1858,9,13.875
1858-09-01,1858,9,14.075
1858-10-01,1858,10,9.227
1858-10-01,1858,10,8.870000000000001
1858-11-01,1858,11,-2.857000000000001
1858-11-01,1858,11,-2.8169999999999997
1858-12-01,1858,12,-3.3209999999999997
1858-12-01,1858,12,-1.5779999999999994
1859-01-01,1859,1,-1.8400000000000007
1859-01-01,1859,1,-1.1150000000000009
1859-02-01,1859,2,0.1699999999999985
1859-02-01,1859,2,0.8339999999999984
1859-03-01,1859,3,3.563000000000001
1859-03-01,1859,3,4.652000000000002
1859-04-01,1859,4,7.181999999999999
1859-04-01,1859,4,6.495000000000001
1859-05-01,1859,5,13.865
1859-05-01,1859,5,12.076999999999998
1859-06-01,1859,6,17.459999999999997
1859-06-01,1859,6,15.705
1859-07-01,1859,7,20.007000000000005
1859-07-01,1859,7,19.686
1859-08-01,1859,8,20.029
1859-08-01,1859,8,18.977999999999994
1859-09-01,1859,9,12.134
1859-09-01,1859,9,11.928
1859-10-01,1859,10,8.311
1859-10-01,1859,10,8.809999999999999
1859-11-01,1859,11,2.2250000000000014
1859-11-01,1859,11,2.207
1859-12-01,1859,12,-4.869999999999999
1859-12-01,1859,12,-4.192
1860-01-01,1860,1,-1.8939999999999992
1860-01-01,1860,1,-0.4269999999999996
1860-02-01,1860,2,-3.915
1860-02-01,1860,2,-3.148
1860-03-01,1860,3,-1.0550000000000006
1860-03-01,1860,3,-0.0770000000000001
1860-04-01,1860,4,7.873
1860-04-01,1860,4,6.651999999999998
1860-05-01,1860,5,13.746000000000002
1860-05-01,1860,5,12.630000000000004
1860-06-01,1860,6,17.697
1860-06-01,1860,6,16.003
1860-07-01,1860,7,17.596
1860-07-01,1860,7,15.185
1860-08-01,1860,8,17.333
1860-08-01,1860,8,16.043
1860-09-01,1860,9,13.794
1860-09-01,1860,9,12.941
1860-10-01,1860,10,5.841000000000002
1860-10-01,1860,10,6.390999999999999
1860-11-01,1860,11,0.4500000000000013
1860-11-01,1860,11,0.4629999999999986
1860-12-01,1860,12,-4.366
1860-12-01,1860,12,-2.9800000000000004
1861-01-01,1861,1,-9.447
1861-01-01,1861,1,-7.370999999999999
1861-02-01,1861,2,0.4999999999999992
1861-02-01,1861,2,1.4830000000000017
1861-03-01,1861,3,3.4940000000000007
1861-03-01,1861,3,3.701
1861-04-01,1861,4,4.896999999999999
1861-04-01,1861,4,4.336
1861-05-01,1861,5,10.413000000000002
1861-05-01,1861,5,9.375
1861-06-01,1861,6,18.943
1861-06-01,1861,6,17.385
1861-07-01,1861,7,20.16
1861-07-01,1861,7,18.146
1861-08-01,1861,8,17.839999999999996
1861-08-01,1861,8,17.630000000000003
1861-09-01,1861,9,12.669000000000002
1861-09-01,1861,9,12.674
1861-10-01,1861,10,7.320000000000001
1861-10-01,1861,10,8.419000000000002
1861-11-01,1861,11,3.306999999999998
1861-11-01,1861,11,3.719999999999999
1861-12-01,1861,12,-2.128000000000001
1861-12-01,1861,12,-1.860999999999999
1862-01-01,1862,1,-7.6789999999999985
1862-01-01,1862,1,-5.023999999999999
1862-02-01,1862,2,-6.266000000000001
1862-02-01,1862,2,-3.302
1862-03-01,1862,3,2.208999999999999
1862-03-01,1862,3,3.945
1862-04-01,1862,4,7.715
1862-04-01,1862,4,8.326999999999998
1862-05-01,1862,5,14.664
1862-05-01,1862,5,13.914
1862-06-01,1862,6,15.006000000000004
1862-07-01,1862,7,17.805000000000003
1862-07-01,1862,7,16.852999999999998
1862-08-01,1862,8,17.314
1862-08-01,1862,8,16.022
1862-09-01,1862,9,13.572
1862-09-01,1862,9,13.311
1862-10-01,1862,10,8.809000000000001
1862-10-01,1862,10,9.904
1862-11-01,1862,11,-0.473000000000001
1862-11-01,1862,11,1.8399999999999987
1862-12-01,1862,12,-6.56
1862-12-01,1862,12,-2.644
1863-01-01,1863,1,0.3339999999999992
1863-01-01,1863,1,1.1929999999999987
1863-02-01,1863,2,0.2500000000000015
1863-02-01,1863,2,0.7709999999999992
1863-03-01,1863,3,3.2700000000000014
1863-03-01,1863,3,3.8390000000000017
1863-04-01,1863,4,6.819
1863-04-01,1863,4,6.497999999999998
1863-05-01,1863,5,13.499999999999998
1863-05-01,1863,5,12.502
1863-06-01,1863,6,17.073
1863-06-01,1863,6,15.587000000000002
1863-07-01,1863,7,16.718
1863-07-01,1863,7,15.688
1863-08-01,1863,8,18.483999999999995
1863-09-01,1863,9,14.555
1863-09-01,1863,9,13.538999999999998
1863-10-01,1863,10,9.637999999999998
1863-10-01,1863,10,10.437
1863-11-01,1863,11,3.716
1863-11-01,1863,11,3.906
1863-12-01,1863,12,-0.6539999999999995
1863-12-01,1863,12,0.6940000000000011
1864-01-01,1864,1,-7.182
1864-01-01,1864,1,-7.935
1864-02-01,1864,2,-2.296
1864-02-01,1864,2,-1.6219999999999994
1864-03-01,1864,3,3.3060000000000005
1864-03-01,1864,3,3.647
1864-04-01,1864,4,5.145000000000001
1864-04-01,1864,4,3.9580000000000006
1864-05-01,1864,5,8.272
1864-05-01,1864,5,8.137
1864-06-01,1864,6,17.498
1864-06-01,1864,6,15.787000000000004
1864-07-01,1864,7,16.456000000000003
1864-07-01,1864,7,15.152
1864-08-01,1864,8,14.261000000000005
1864-09-01,1864,9,12.679000000000002
1864-09-01,1864,9,12.512
1864-10-01,1864,10,6.113
1864-10-01,1864,10,6.593999999999999
1864-11-01,1864,11,-0.1260000000000004
1864-11-01,1864,11,1.2040000000000006
1864-12-01,1864,12,-6.417999999999999
1864-12-01,1864,12,-5.632999999999999
1865-01-01,1865,1,-3.022
1865-01-01,1865,1,-2.002
1865-02-01,1865,2,-9.203
1865-02-01,1865,2,-7.532000000000001
1865-03-01,1865,3,-1.828000000000001
1865-03-01,1865,3,-1.775
1865-04-01,1865,4,7.154999999999998
1865-04-01,1865,4,7.786000000000001
1865-05-01,1865,5,16.008
1865-05-01,1865,5,15.548000000000002
1865-06-01,1865,6,13.765999999999998
1865-06-01,1865,6,12.923000000000002
1865-07-01,1865,7,21.068
1865-07-01,1865,7,20.036999999999995
1865-08-01,1865,8,16.515
1865-08-01,1865,8,16.086
1865-09-01,1865,9,12.579
1865-09-01,1865,9,13.189999999999998
1865-10-01,1865,10,7.326
1865-10-01,1865,10,8.121000000000002
1865-11-01,1865,11,3.6269999999999984
1865-11-01,1865,11,4.436
1865-12-01,1865,12,-1.0349999999999997
1865-12-01,1865,12,-0.7780000000000007
1866-01-01,1866,1,0.1389999999999997
1866-02-01,1866,2,-1.0089999999999992
1866-02-01,1866,2,1.4830000000000017
1866-03-01,1866,3,1.343999999999998
1866-03-01,1866,3,1.4719999999999998
1866-04-01,1866,4,9.076
1866-04-01,1866,4,8.677999999999997
1866-05-01,1866,5,10.892000000000005
1866-05-01,1866,5,9.459
1866-06-01,1866,6,19.775
1866-06-01,1866,6,18.172
1866-07-01,1866,7,17.200999999999997
1866-07-01,1866,7,16.052
1866-08-01,1866,8,16.629
1866-08-01,1866,8,15.368
1866-09-01,1866,9,16.142
1866-09-01,1866,9,15.726000000000004
1866-10-01,1866,10,5.273
1866-10-01,1866,10,5.555999999999999
1866-11-01,1866,11,1.8349999999999984
1866-11-01,1866,11,2.994999999999999
1866-12-01,1866,12,-1.5559999999999994
1866-12-01,1866,12,0.0779999999999997
1867-01-01,1867,1,-3.58
1867-01-01,1867,1,-2.3040000000000007
1867-02-01,1867,2,0.0200000000000007
1867-02-01,1867,2,1.888999999999999
1867-03-01,1867,3,-1.9780000000000009
1867-03-01,1867,3,-0.2750000000000006
1867-04-01,1867,4,6.65
1867-04-01,1867,4,6.799
1867-05-01,1867,5,10.628999999999998
1867-05-01,1867,5,10.703
1867-06-01,1867,6,15.494000000000003
1867-06-01,1867,6,14.952000000000002
1867-07-01,1867,7,17.117
1867-07-01,1867,7,16.021
1867-08-01,1867,8,17.206
1867-08-01,1867,8,16.91
1867-09-01,1867,9,12.597
1867-09-01,1867,9,13.181
1867-10-01,1867,10,7.788
1867-10-01,1867,10,7.762999999999999
1867-11-01,1867,11,0.1330000000000019
1867-11-01,1867,11,1.0650000000000008
1867-12-01,1867,12,-4.971
1867-12-01,1867,12,-3.504000000000001
1868-01-01,1868,1,-5.59
1868-01-01,1868,1,-3.5919999999999987
1868-02-01,1868,2,-0.7120000000000005
1868-02-01,1868,2,1.5310000000000004
1868-03-01,1868,3,1.878999999999999
1868-03-01,1868,3,2.359000000000001
1868-04-01,1868,4,7.611999999999999
1868-04-01,1868,4,6.48
1868-05-01,1868,5,15.195
1868-05-01,1868,5,15.466
1868-06-01,1868,6,18.171000000000006
1868-06-01,1868,6,17.25
1868-07-01,1868,7,19.892
1868-07-01,1868,7,18.318
1868-08-01,1868,8,19.784
1868-08-01,1868,8,18.755000000000003
1868-09-01,1868,9,14.687
1868-09-01,1868,9,15.049
1868-10-01,1868,10,8.354
1868-10-01,1868,10,8.773000000000003
1868-11-01,1868,11,0.4200000000000001
1868-11-01,1868,11,1.3480000000000003
1868-12-01,1868,12,0.5260000000000018
1868-12-01,1868,12,2.313999999999999
1869-01-01,1869,1,-5.025000000000001
1869-01-01,1869,1,-3.928999999999999
1869-02-01,1869,2,1.5619999999999992
1869-02-01,1869,2,3.045000000000001
1869-03-01,1869,3,1.1439999999999984
1869-03-01,1869,3,0.5509999999999988
1869-04-01,1869,4,9.296
1869-04-01,1869,4,9.169
1869-05-01,1869,5,14.556999999999997
1869-05-01,1869,5,13.528
1869-06-01,1869,6,14.673000000000002
1869-06-01,1869,6,13.107
1869-07-01,1869,7,18.584
1869-07-01,1869,7,18.235
1869-08-01,1869,8,17.142000000000003
1869-08-01,1869,8,15.540999999999997
1869-09-01,1869,9,13.746000000000002
1869-09-01,1869,9,13.941
1869-10-01,1869,10,6.590000000000001
1869-11-01,1869,11,1.5800000000000007
1869-11-01,1869,11,2.476000000000001
1869-12-01,1869,12,-1.181000000000001
1869-12-01,1869,12,-0.4319999999999998
1870-01-01,1870,1,-4.275
1870-01-01,1870,1,-2.7520000000000007
1870-02-01,1870,2,-11.25
1870-02-01,1870,2,-8.883000000000001
1870-03-01,1870,3,-1.543
1870-03-01,1870,3,-1.245
1870-04-01,1870,4,6.578000000000001
1870-04-01,1870,4,5.806000000000001
1870-05-01,1870,5,12.874000000000002
1870-05-01,1870,5,12.513000000000002
1870-06-01,1870,6,15.374000000000002
1870-06-01,1870,6,14.449
1870-07-01,1870,7,18.815000000000005
1870-07-01,1870,7,17.785999999999994
1870-08-01,1870,8,16.724999999999998
1870-08-01,1870,8,15.305
1870-09-01,1870,9,11.6
1870-09-01,1870,9,11.091
1870-10-01,1870,10,6.583000000000002
1870-10-01,1870,10,6.993999999999999
1870-11-01,1870,11,3.762
1870-11-01,1870,11,4.002000000000001
1870-12-01,1870,12,-8.311
1870-12-01,1870,12,-6.719
1871-01-01,1871,1,-9.299
1871-01-01,1871,1,-7.973000000000001
1871-02-01,1871,2,-7.528
1871-02-01,1871,2,-4.513000000000001
1871-03-01,1871,3,2.527
1871-03-01,1871,3,3.054
1871-04-01,1871,4,5.313999999999998
1871-04-01,1871,4,5.281999999999998
1871-05-01,1871,5,9.207
1871-05-01,1871,5,8.276
1871-06-01,1871,6,15.276000000000002
1871-06-01,1871,6,13.179999999999998
1871-07-01,1871,7,18.988
1871-07-01,1871,7,17.48
1871-08-01,1871,8,17.471999999999998
1871-08-01,1871,8,16.784
1871-09-01,1871,9,11.778
1871-09-01,1871,9,12.746
1871-10-01,1871,10,3.870999999999998
1871-10-01,1871,10,4.886999999999999
1871-11-01,1871,11,0.9280000000000004
1871-11-01,1871,11,0.8670000000000004
1871-12-01,1871,12,-6.0120000000000005
1871-12-01,1871,12,-6.099
1872-01-01,1872,1,-3.0250000000000004
1872-01-01,1872,1,-2.3930000000000007
1872-02-01,1872,2,-3.839
1872-02-01,1872,2,-1.4870000000000003
1872-03-01,1872,3,2.5429999999999984
1872-03-01,1872,3,3.5550000000000006
1872-04-01,1872,4,9.803
1872-04-01,1872,4,8.836
1872-05-01,1872,5,16.695
1872-05-01,1872,5,14.175
1872-06-01,1872,6,16.892
1872-06-01,1872,6,14.815
1872-07-01,1872,7,18.616
1872-07-01,1872,7,17.516
1872-08-01,1872,8,16.549999999999997
1872-08-01,1872,8,15.401000000000002
1872-09-01,1872,9,14.137999999999998
1872-09-01,1872,9,14.116
1872-10-01,1872,10,10.115
1872-10-01,1872,10,10.32
1872-11-01,1872,11,5.596
1872-11-01,1872,11,6.001
1872-12-01,1872,12,-0.5680000000000006
1872-12-01,1872,12,1.272
1873-01-01,1873,1,-0.3130000000000008
1873-01-01,1873,1,0.5770000000000013
1873-02-01,1873,2,-3.2170000000000005
1873-02-01,1873,2,-2.041
1873-03-01,1873,3,3.304000000000001
1873-03-01,1873,3,3.7689999999999992
1873-04-01,1873,4,5.63
1873-04-01,1873,4,5.532
1873-05-01,1873,5,10.473
1873-05-01,1873,5,8.897
1873-06-01,1873,6,16.773
1873-06-01,1873,6,15.274
1873-07-01,1873,7,19.338000000000005
1873-07-01,1873,7,18.543
1873-08-01,1873,8,18.396
1873-08-01,1873,8,18.049000000000003
1873-09-01,1873,9,12.618000000000002
1873-09-01,1873,9,12.163
1873-10-01,1873,10,8.67
1873-10-01,1873,10,9.578
1873-11-01,1873,11,3.509000000000001
1873-11-01,1873,11,3.9149999999999983
1873-12-01,1873,12,-0.0949999999999996
1873-12-01,1873,12,-0.354
1874-01-01,1874,1,-1.3299999999999992
1874-02-01,1874,2,-2.3660000000000005
1874-02-01,1874,2,-1.6700000000000002
1874-03-01,1874,3,0.5969999999999982
1874-03-01,1874,3,1.3399999999999994
1874-04-01,1874,4,7.942000000000001
1874-04-01,1874,4,7.808000000000001
1874-05-01,1874,5,9.033
1874-05-01,1874,5,8.179999999999998
1874-06-01,1874,6,16.474
1874-06-01,1874,6,15.321000000000002
1874-07-01,1874,7,19.721
1874-07-01,1874,7,19.355
1874-08-01,1874,8,16.514
1874-08-01,1874,8,15.252
1874-09-01,1874,9,15.069
1874-09-01,1874,9,15.172999999999998
1874-10-01,1874,10,9.087
1874-10-01,1874,10,9.015
1874-11-01,1874,11,0.0429999999999984
1874-11-01,1874,11,0.0450000000000017
1874-12-01,1874,12,-2.24
1874-12-01,1874,12,-2.2139999999999995
1875-01-01,1875,1,-4.436999999999999
1875-01-01,1875,1,-1.9340000000000008
1875-02-01,1875,2,-7.946999999999999
1875-02-01,1875,2,-7.465
1875-03-01,1875,3,-2.713000000000001
1875-03-01,1875,3,-2.024
1875-04-01,1875,4,4.812
1875-04-01,1875,4,5.176
1875-05-01,1875,5,12.824
1875-05-01,1875,5,12.076999999999998
1875-06-01,1875,6,19.403
1875-06-01,1875,6,17.934
1875-07-01,1875,7,18.831
1875-07-01,1875,7,17.221999999999998
1875-08-01,1875,8,17.933
1875-09-01,1875,9,11.993000000000002
1875-09-01,1875,9,11.967
1875-10-01,1875,10,4.558
1875-10-01,1875,10,5.443000000000001
1875-11-01,1875,11,-0.4750000000000002
1875-11-01,1875,11,0.9539999999999992
1875-12-01,1875,12,-6.553000000000001
1875-12-01,1875,12,-4.532
1876-01-01,1876,1,-7.687000000000001
1876-01-01,1876,1,-6.256
1876-02-01,1876,2,-1.7360000000000002
1876-02-01,1876,2,-1.1349999999999996
1876-03-01,1876,3,3.152
1876-03-01,1876,3,3.138000000000001
1876-04-01,1876,4,9.428
1876-04-01,1876,4,8.687000000000001
1876-05-01,1876,5,9.066000000000004
1876-05-01,1876,5,7.975999999999999
1876-06-01,1876,6,18.204
1876-06-01,1876,6,16.584
1876-07-01,1876,7,18.457
1876-07-01,1876,7,17.315
1876-08-01,1876,8,17.739
1876-08-01,1876,8,16.971999999999998
1876-09-01,1876,9,12.606000000000002
1876-09-01,1876,9,12.183999999999996
1876-10-01,1876,10,7.850999999999999
1876-10-01,1876,10,9.224999999999998
1876-11-01,1876,11,-2.330999999999999
1876-11-01,1876,11,-0.6749999999999999
1876-12-01,1876,12,-4.855
1876-12-01,1876,12,-0.6819999999999994
1877-01-01,1877,1,-2.136
1877-01-01,1877,1,0.1490000000000001
1877-02-01,1877,2,-1.8549999999999995
1877-02-01,1877,2,0.1559999999999995
1877-03-01,1877,3,-0.4080000000000005
1877-03-01,1877,3,0.5310000000000019
1877-04-01,1877,4,5.205
1877-04-01,1877,4,4.810999999999998
1877-05-01,1877,5,10.818
1877-05-01,1877,5,9.299
1877-06-01,1877,6,17.703
1877-06-01,1877,6,17.305
1877-07-01,1877,7,18.344
1877-07-01,1877,7,17.061
1877-08-01,1877,8,17.897000000000006
1877-08-01,1877,8,17.713
1877-09-01,1877,9,10.105
1877-09-01,1877,9,10.018999999999998
1877-10-01,1877,10,5.726999999999999
1877-10-01,1877,10,6.058000000000002
1877-11-01,1877,11,4.251000000000001
1877-11-01,1877,11,4.919
1877-12-01,1877,12,-2.6069999999999998
1877-12-01,1877,12,-1.3050000000000002
1878-01-01,1878,1,-4.0360000000000005
1878-01-01,1878,1,-2.546
1878-02-01,1878,2,-1.0079999999999996
1878-02-01,1878,2,0.4189999999999985
1878-03-01,1878,3,1.0219999999999985
1878-03-01,1878,3,1.5830000000000015
1878-04-01,1878,4,7.967
1878-05-01,1878,5,12.564
1878-05-01,1878,5,12.124
1878-06-01,1878,6,16.649
1878-06-01,1878,6,15.562999999999995
1878-07-01,1878,7,16.341
1878-07-01,1878,7,15.498
1878-08-01,1878,8,18.005999999999997
1878-08-01,1878,8,17.042
1878-09-01,1878,9,14.785
1878-09-01,1878,9,14.427999999999995
1878-10-01,1878,10,9.439999999999998
1878-10-01,1878,10,9.464000000000002
1878-11-01,1878,11,3.526000000000001
1878-11-01,1878,11,3.24
1878-12-01,1878,12,-2.274
1878-12-01,1878,12,-2.413
1879-01-01,1879,1,-5.510999999999999
1879-01-01,1879,1,-4.085000000000001
1879-02-01,1879,2,-1.543
1879-02-01,1879,2,-0.2650000000000002
1879-03-01,1879,3,-0.9670000000000004
1879-03-01,1879,3,0.0259999999999986
1879-04-01,1879,4,6.549000000000002
1879-04-01,1879,4,5.7940000000000005
1879-05-01,1879,5,12.18
1879-05-01,1879,5,10.395
1879-06-01,1879,6,17.442
1879-06-01,1879,6,16.219
1879-07-01,1879,7,16.424
1879-07-01,1879,7,15.047999999999998
1879-08-01,1879,8,17.311999999999998
1879-08-01,1879,8,16.925
1879-09-01,1879,9,14.59
1879-09-01,1879,9,14.301
1879-10-01,1879,10,6.775
1879-10-01,1879,10,6.986999999999999
1879-11-01,1879,11,-0.2410000000000008
1879-11-01,1879,11,-0.0600000000000003
1879-12-01,1879,12,-8.355
1879-12-01,1879,12,-8.571000000000002
1880-01-01,1880,1,-5.432
1880-01-01,1880,1,-4.032
1880-02-01,1880,2,-2.490999999999999
1880-03-01,1880,3,0.2620000000000012
1880-03-01,1880,3,1.4560000000000015
1880-04-01,1880,4,9.05
1880-04-01,1880,4,8.597000000000001
1880-05-01,1880,5,11.617
1880-05-01,1880,5,10.301
1880-06-01,1880,6,16.754
1880-06-01,1880,6,15.344
1880-07-01,1880,7,19.489999999999995
1880-07-01,1880,7,18.119
1880-08-01,1880,8,17.529
1880-08-01,1880,8,15.908
1880-09-01,1880,9,13.975
1880-09-01,1880,9,13.534
1880-10-01,1880,10,6.043999999999999
1880-10-01,1880,10,7.435999999999999
1880-11-01,1880,11,2.815
1880-11-01,1880,11,3.5770000000000004
1880-12-01,1880,12,-0.5970000000000001
1880-12-01,1880,12,1.8179999999999987
1881-01-01,1881,1,-8.418
1881-01-01,1881,1,-7.108999999999999
1881-02-01,1881,2,-3.907
1881-02-01,1881,2,-2.3189999999999995
1881-03-01,1881,3,-0.4130000000000006
1881-03-01,1881,3,0.8500000000000006
1881-04-01,1881,4,4.542999999999999
1881-04-01,1881,4,3.851000000000001
1881-05-01,1881,5,13.066
1881-05-01,1881,5,11.661
1881-06-01,1881,6,16.177000000000003
1881-06-01,1881,6,14.61
1881-07-01,1881,7,18.655
1881-07-01,1881,7,18.027
1881-08-01,1881,8,16.742
1881-08-01,1881,8,16.159
1881-09-01,1881,9,12.009
1881-09-01,1881,9,11.329
1881-10-01,1881,10,4.28
1881-10-01,1881,10,4.478999999999998
1881-11-01,1881,11,2.220000000000001
1881-11-01,1881,11,3.3160000000000007
1881-12-01,1881,12,-1.7379999999999995
1881-12-01,1881,12,-0.5460000000000006
1882-01-01,1882,1,-0.9950000000000002
1882-01-01,1882,1,-0.6109999999999991
1882-02-01,1882,2,-0.6120000000000007
1882-02-01,1882,2,0.1330000000000019
1882-03-01,1882,3,5.655000000000001
1882-03-01,1882,3,5.957
1882-04-01,1882,4,8.399999999999999
1882-04-01,1882,4,7.056999999999999
1882-05-01,1882,5,12.886999999999995
1882-05-01,1882,5,11.373
1882-06-01,1882,6,15.484
1882-06-01,1882,6,13.493
1882-07-01,1882,7,19.795
1882-07-01,1882,7,17.737000000000002
1882-08-01,1882,8,16.810999999999996
1882-08-01,1882,8,14.802
1882-09-01,1882,9,14.738
1882-09-01,1882,9,13.96
1882-10-01,1882,10,6.248000000000001
1882-10-01,1882,10,7.803000000000001
1882-11-01,1882,11,1.4750000000000003
1882-11-01,1882,11,3.0620000000000007
1882-12-01,1882,12,-2.866999999999999
1882-12-01,1882,12,-0.7840000000000005
1883-01-01,1883,1,-5.192000000000001
1883-01-01,1883,1,-2.927999999999999
1883-02-01,1883,2,-0.3829999999999995
1883-03-01,1883,3,-3.1460000000000004
1883-03-01,1883,3,-2.761
1883-04-01,1883,4,5.120000000000001
1883-04-01,1883,4,4.229999999999999
1883-05-01,1883,5,12.131
1883-05-01,1883,5,11.519
1883-06-01,1883,6,17.412
1883-06-01,1883,6,15.746
1883-07-01,1883,7,18.723000000000003
1883-07-01,1883,7,17.03
1883-08-01,1883,8,16.694
1883-08-01,1883,8,15.537
1883-09-01,1883,9,13.656000000000002
1883-09-01,1883,9,13.099000000000002
1883-10-01,1883,10,7.769000000000001
1883-10-01,1883,10,8.236000000000002
1883-11-01,1883,11,3.101000000000001
1883-11-01,1883,11,3.465000000000001
1883-12-01,1883,12,-1.731
1883-12-01,1883,12,-0.8209999999999992
1884-01-01,1884,1,-1.3860000000000008
1884-01-01,1884,1,0.6799999999999982
1884-02-01,1884,2,0.4799999999999984
1884-02-01,1884,2,0.9940000000000004
1884-03-01,1884,3,1.9050000000000007
1884-03-01,1884,3,2.9139999999999984
1884-04-01,1884,4,4.935000000000001
1884-04-01,1884,4,4.458
1884-05-01,1884,5,12.346
1884-05-01,1884,5,11.990999999999998
1884-06-01,1884,6,16.007
1884-06-01,1884,6,13.077000000000002
1884-07-01,1884,7,18.91
1884-07-01,1884,7,17.655
1884-08-01,1884,8,16.027
1884-08-01,1884,8,15.393
1884-09-01,1884,9,14.156
1884-09-01,1884,9,13.565
1884-10-01,1884,10,6.807
1884-10-01,1884,10,7.029
1884-11-01,1884,11,-0.2119999999999993
1884-11-01,1884,11,0.733000000000001
1884-12-01,1884,12,0.3430000000000019
1884-12-01,1884,12,1.0210000000000008
1885-01-01,1885,1,-5.422999999999998
1885-01-01,1885,1,-4.752
1885-02-01,1885,2,-1.095
1885-02-01,1885,2,0.389999999999999
1885-03-01,1885,3,1.766999999999999
1885-03-01,1885,3,2.164999999999999
1885-04-01,1885,4,8.811
1885-04-01,1885,4,8.756000000000002
1885-05-01,1885,5,11.312000000000005
1885-05-01,1885,5,10.29
1885-06-01,1885,6,17.765
1885-06-01,1885,6,16.815
1885-07-01,1885,7,19.058
1885-07-01,1885,7,17.337000000000003
1885-08-01,1885,8,14.942
1885-08-01,1885,8,14.330999999999998
1885-09-01,1885,9,12.939
1885-09-01,1885,9,12.9
1885-10-01,1885,10,7.913999999999998
1885-10-01,1885,10,7.811999999999999
1885-11-01,1885,11,0.5250000000000001
1885-11-01,1885,11,2.131
1885-12-01,1885,12,-2.826
1885-12-01,1885,12,-1.8240000000000005
1886-01-01,1886,1,-3.839
1886-01-01,1886,1,-2.905
1886-02-01,1886,2,-4.628
1886-03-01,1886,3,-3.209
1886-03-01,1886,3,-1.908
1886-04-01,1886,4,8.931000000000001
1886-04-01,1886,4,8.332
1886-05-01,1886,5,13.380000000000004
1886-05-01,1886,5,12.369999999999996
1886-06-01,1886,6,15.781
1886-06-01,1886,6,14.324
1886-07-01,1886,7,17.521
1886-07-01,1886,7,16.506
1886-08-01,1886,8,17.696
1886-08-01,1886,8,16.723
1886-09-01,1886,9,14.426
1886-09-01,1886,9,14.468999999999998
1886-10-01,1886,10,6.868
1886-10-01,1886,10,8.192
1886-11-01,1886,11,3.773999999999999
1886-11-01,1886,11,4.209
1886-12-01,1886,12,-0.6809999999999997
1886-12-01,1886,12,0.0479999999999986
1887-01-01,1887,1,-4.34
1887-01-01,1887,1,-5.001999999999999
1887-02-01,1887,2,-4.177999999999999
1887-02-01,1887,2,-3.3510000000000004
1887-03-01,1887,3,-0.4130000000000006
1887-03-01,1887,3,0.271
1887-04-01,1887,4,7.173
1887-04-01,1887,4,6.644000000000002
1887-05-01,1887,5,12.199
1887-05-01,1887,5,10.459
1887-06-01,1887,6,14.375
1887-06-01,1887,6,13.926
1887-07-01,1887,7,19.35
1887-08-01,1887,8,16.157
1887-08-01,1887,8,15.523
1887-09-01,1887,9,14.159
1887-09-01,1887,9,13.255000000000004
1887-10-01,1887,10,5.577999999999999
1887-10-01,1887,10,5.557
1887-11-01,1887,11,2.756
1887-11-01,1887,11,3.526999999999999
1887-12-01,1887,12,-2.828999999999999
1887-12-01,1887,12,-2.003
1888-01-01,1888,1,-7.245
1888-01-01,1888,1,-4.849
1888-02-01,1888,2,-6.3420000000000005
1888-02-01,1888,2,-4.351000000000001
1888-03-01,1888,3,-1.8599999999999997
1888-03-01,1888,3,0.105
1888-04-01,1888,4,5.943999999999999
1888-04-01,1888,4,5.547000000000001
1888-05-01,1888,5,12.821000000000002
1888-05-01,1888,5,12.192
1888-06-01,1888,6,15.892999999999995
1888-06-01,1888,6,15.371
1888-07-01,1888,7,16.534000000000002
1888-07-01,1888,7,15.328
1888-08-01,1888,8,16.536999999999995
1888-08-01,1888,8,15.511000000000005
1888-09-01,1888,9,13.023999999999996
1888-09-01,1888,9,12.489
1888-10-01,1888,10,6.925999999999999
1888-10-01,1888,10,6.568000000000001
1888-11-01,1888,11,0.5459999999999986
1888-11-01,1888,11,1.2879999999999985
1888-12-01,1888,12,-0.8199999999999995
1889-01-01,1889,1,-7.162
1889-01-01,1889,1,-5.036000000000001
1889-02-01,1889,2,-4.718
1889-02-01,1889,2,-3.584
1889-03-01,1889,3,-2.9059999999999997
1889-03-01,1889,3,-1.5729999999999993
1889-04-01,1889,4,7.274000000000001
1889-04-01,1889,4,6.690000000000001
1889-05-01,1889,5,17.006999999999998
1889-05-01,1889,5,15.955
1889-06-01,1889,6,19.243
1889-06-01,1889,6,18.265
1889-07-01,1889,7,17.903999999999996
1889-07-01,1889,7,16.587000000000003
1889-08-01,1889,8,16.595999999999997
1889-08-01,1889,8,15.601999999999997
1889-09-01,1889,9,10.486
1889-09-01,1889,9,10.242
1889-10-01,1889,10,9.053999999999998
1889-10-01,1889,10,8.646999999999998
1889-11-01,1889,11,2.630000000000001
1889-11-01,1889,11,2.19
1889-12-01,1889,12,-4.446999999999999
1889-12-01,1889,12,-3.613
1890-01-01,1890,1,-1.2789999999999997
1890-01-01,1890,1,0.0209999999999984
1890-02-01,1890,2,-4.646
1890-02-01,1890,2,-4.288999999999999
1890-03-01,1890,3,3.094999999999999
1890-03-01,1890,3,3.638
1890-04-01,1890,4,9.453
1890-04-01,1890,4,7.1000000000000005
1890-05-01,1890,5,15.262999999999998
1890-05-01,1890,5,13.566
1890-06-01,1890,6,14.84
1890-06-01,1890,6,13.306
1890-07-01,1890,7,18.258
1890-07-01,1890,7,16.266
1890-08-01,1890,8,20.035
1890-08-01,1890,8,18.229000000000003
1890-09-01,1890,9,12.961
1890-09-01,1890,9,12.363
1890-10-01,1890,10,6.173000000000002
1890-10-01,1890,10,6.727999999999999
1890-11-01,1890,11,2.324
1890-11-01,1890,11,2.405
1890-12-01,1890,12,-8.009
1890-12-01,1890,12,-6.969
1891-01-01,1891,1,-6.367
1891-01-01,1891,1,-6.257
1891-02-01,1891,2,-4.1850000000000005
1891-02-01,1891,2,-3.274
1891-03-01,1891,3,1.7789999999999988
1891-03-01,1891,3,2.159000000000001
1891-04-01,1891,4,5.465000000000002
1891-04-01,1891,4,4.331
1891-05-01,1891,5,14.392
1891-05-01,1891,5,13.411
1891-06-01,1891,6,15.448
1891-06-01,1891,6,14.278
1891-07-01,1891,7,18.673
1891-07-01,1891,7,16.439999999999998
1891-08-01,1891,8,16.65
1891-08-01,1891,8,15.43
1891-09-01,1891,9,13.607000000000005
1891-09-01,1891,9,13.344
1891-10-01,1891,10,9.361
1891-10-01,1891,10,9.705999999999998
1891-11-01,1891,11,0.6659999999999991
1891-11-01,1891,11,1.6549999999999996
1891-12-01,1891,12,-0.581
1891-12-01,1891,12,0.2540000000000001
1892-01-01,1892,1,-5.62
1892-01-01,1892,1,-3.580999999999999
1892-02-01,1892,2,-2.8480000000000003
1892-02-01,1892,2,-1.0359999999999994
1892-03-01,1892,3,-0.1119999999999995
1892-03-01,1892,3,-0.3609999999999995
1892-04-01,1892,4,6.470000000000001
1892-04-01,1892,4,6.204000000000001
1892-05-01,1892,5,13.171
1892-05-01,1892,5,11.524
1892-06-01,1892,6,16.781000000000002
1892-06-01,1892,6,15.599999999999998
1892-07-01,1892,7,17.112000000000002
1892-07-01,1892,7,16.094
1892-08-01,1892,8,19.504999999999995
1892-08-01,1892,8,18.981
1892-09-01,1892,9,15.634
1892-09-01,1892,9,14.755
1892-10-01,1892,10,7.166999999999998
1892-10-01,1892,10,7.233999999999999
1892-11-01,1892,11,0.3559999999999992
1892-11-01,1892,11,0.7450000000000006
1892-12-01,1892,12,-4.574
1892-12-01,1892,12,-3.5469999999999997
1893-01-01,1893,1,-13.567
1893-01-01,1893,1,-10.477
1893-02-01,1893,2,-2.8080000000000007
1893-02-01,1893,2,-0.2370000000000003
1893-03-01,1893,3,1.5249999999999986
1893-03-01,1893,3,2.591000000000001
1893-04-01,1893,4,5.233999999999999
1893-04-01,1893,4,6.251000000000001
1893-05-01,1893,5,12.098999999999998
1893-06-01,1893,6,16.573999999999998
1893-06-01,1893,6,15.181999999999997
1893-07-01,1893,7,18.699
1893-07-01,1893,7,17.369000000000003
1893-08-01,1893,8,17.002
1893-08-01,1893,8,16.24
1893-09-01,1893,9,12.378
1893-09-01,1893,9,12.352
1893-10-01,1893,10,9.715
1893-10-01,1893,10,9.845
1893-11-01,1893,11,1.0940000000000003
1893-11-01,1893,11,1.4669999999999996
1893-12-01,1893,12,-0.8130000000000001
1893-12-01,1893,12,-0.6620000000000006
1894-01-01,1894,1,-6.124
1894-01-01,1894,1,-4.574999999999999
1894-02-01,1894,2,-1.4750000000000003
1894-02-01,1894,2,-0.0820000000000003
1894-03-01,1894,3,3.5879999999999987
1894-03-01,1894,3,3.4240000000000017
1894-04-01,1894,4,9.458
1894-04-01,1894,4,8.982
1894-05-01,1894,5,13.531
1894-06-01,1894,6,14.561
1894-06-01,1894,6,13.494
1894-07-01,1894,7,19.649
1894-07-01,1894,7,18.194000000000003
1894-08-01,1894,8,17.088
1894-08-01,1894,8,15.855999999999998
1894-09-01,1894,9,10.351
1894-09-01,1894,9,10.526000000000002
1894-10-01,1894,10,7.081999999999999
1894-10-01,1894,10,7.936999999999999
1894-11-01,1894,11,2.8559999999999994
1894-11-01,1894,11,3.655
1894-12-01,1894,12,-1.7389999999999992
1894-12-01,1894,12,-1.1220000000000003
1895-01-01,1895,1,-4.355
1895-01-01,1895,1,-4.852999999999999
1895-02-01,1895,2,-7.864000000000001
1895-02-01,1895,2,-7.788
1895-03-01,1895,3,-0.4769999999999995
1895-03-01,1895,3,0.0350000000000013
1895-04-01,1895,4,7.828999999999998
1895-04-01,1895,4,7.293
1895-05-01,1895,5,14.334
1895-05-01,1895,5,12.0
1895-06-01,1895,6,17.402
1895-06-01,1895,6,15.705
1895-07-01,1895,7,19.354
1895-07-01,1895,7,18.266
1895-08-01,1895,8,17.658
1895-08-01,1895,8,16.565
1895-09-01,1895,9,13.997999999999998
1895-09-01,1895,9,14.312999999999995
1895-10-01,1895,10,7.506999999999999
1895-10-01,1895,10,7.153
1895-11-01,1895,11,2.473
1895-11-01,1895,11,3.514000000000001
1895-12-01,1895,12,-4.263000000000001
1895-12-01,1895,12,-2.081999999999999
1896-01-01,1896,1,-5.437
1896-01-01,1896,1,-4.541
1896-02-01,1896,2,-2.496
1896-02-01,1896,2,-1.875
1896-03-01,1896,3,3.4480000000000013
1896-03-01,1896,3,3.989
1896-04-01,1896,4,5.498
1896-04-01,1896,4,4.619
1896-05-01,1896,5,12.226
1896-05-01,1896,5,10.185
1896-06-01,1896,6,18.618
1896-06-01,1896,6,16.400999999999996
1896-07-01,1896,7,19.953000000000003
1896-07-01,1896,7,17.493999999999996
1896-08-01,1896,8,17.059
1896-08-01,1896,8,14.91
1896-09-01,1896,9,13.267
1896-09-01,1896,9,12.877000000000002
1896-10-01,1896,10,10.618000000000002
1896-10-01,1896,10,9.69
1896-11-01,1896,11,-0.6130000000000003
1896-11-01,1896,11,0.5910000000000003
1896-12-01,1896,12,-3.5100000000000007
1896-12-01,1896,12,-2.068
1897-01-01,1897,1,-6.14
1897-01-01,1897,1,-4.044999999999999
1897-02-01,1897,2,-3.269
1897-02-01,1897,2,-1.0990000000000006
1897-03-01,1897,3,3.153000000000002
1897-03-01,1897,3,4.217999999999999
1897-04-01,1897,4,7.938000000000001
1897-04-01,1897,4,6.763000000000001
1897-05-01,1897,5,14.178999999999998
1897-05-01,1897,5,10.838
1897-06-01,1897,6,17.743
1897-06-01,1897,6,16.304
1897-07-01,1897,7,18.574
1897-07-01,1897,7,16.583000000000002
1897-08-01,1897,8,19.019
1897-08-01,1897,8,17.235
1897-09-01,1897,9,13.011000000000005
1897-09-01,1897,9,12.572000000000005
1897-10-01,1897,10,6.724999999999998
1897-10-01,1897,10,6.65
1897-11-01,1897,11,0.6459999999999985
1897-11-01,1897,11,1.156000000000002
1897-12-01,1897,12,-2.5349999999999997
1897-12-01,1897,12,-1.206
1898-01-01,1898,1,-1.1930000000000005
1898-01-01,1898,1,-0.1179999999999993
1898-02-01,1898,2,-1.4059999999999997
1898-02-01,1898,2,0.1230000000000015
1898-03-01,1898,3,1.7830000000000013
1898-03-01,1898,3,3.1069999999999984
1898-04-01,1898,4,6.619999999999998
1898-04-01,1898,4,6.998999999999999
1898-05-01,1898,5,14.234999999999998
1898-05-01,1898,5,12.320999999999998
1898-06-01,1898,6,16.316
1898-06-01,1898,6,14.888000000000002
1898-07-01,1898,7,15.921
1898-07-01,1898,7,14.52
1898-08-01,1898,8,18.252
1898-08-01,1898,8,17.564999999999998
1898-09-01,1898,9,12.529
1898-09-01,1898,9,12.696000000000002
1898-10-01,1898,10,6.2730000000000015
1898-10-01,1898,10,7.769000000000001
1898-11-01,1898,11,4.346999999999998
1898-11-01,1898,11,4.937000000000001
1898-12-01,1898,12,1.075999999999999
1898-12-01,1898,12,1.6220000000000014
1899-01-01,1899,1,-0.4939999999999994
1899-01-01,1899,1,0.5430000000000016
1899-02-01,1899,2,-1.333
1899-02-01,1899,2,0.0230000000000016
1899-03-01,1899,3,1.2399999999999995
1899-03-01,1899,3,1.6020000000000008
1899-04-01,1899,4,7.8039999999999985
1899-04-01,1899,4,6.875
1899-05-01,1899,5,12.432
1899-05-01,1899,5,11.009999999999998
1899-06-01,1899,6,14.249000000000002
1899-06-01,1899,6,13.626
1899-07-01,1899,7,18.911
1899-07-01,1899,7,16.926000000000002
1899-08-01,1899,8,16.028000000000002
1899-08-01,1899,8,15.545
1899-09-01,1899,9,13.364
1899-09-01,1899,9,12.672999999999998
1899-10-01,1899,10,7.493000000000001
1899-10-01,1899,10,7.296000000000002
1899-11-01,1899,11,4.651
1899-11-01,1899,11,5.323999999999999
1899-12-01,1899,12,-5.205
1899-12-01,1899,12,-5.175000000000001
1900-01-01,1900,1,-3.716
1900-01-01,1900,1,-1.8350000000000004
1900-02-01,1900,2,-1.51
1900-02-01,1900,2,-0.1870000000000004
1900-03-01,1900,3,-1.1210000000000009
1900-03-01,1900,3,-0.6989999999999993
1900-04-01,1900,4,6.155
1900-04-01,1900,4,5.499000000000001
1900-05-01,1900,5,11.766
1900-05-01,1900,5,10.426000000000002
1900-06-01,1900,6,16.996
1900-06-01,1900,6,15.841
1900-07-01,1900,7,19.508
1900-07-01,1900,7,18.312
1900-08-01,1900,8,18.239
1900-08-01,1900,8,16.797
1900-09-01,1900,9,13.442
1900-09-01,1900,9,13.553
1900-10-01,1900,10,8.229999999999999
1900-10-01,1900,10,8.382000000000001
1900-11-01,1900,11,3.7410000000000014
1900-11-01,1900,11,4.7810000000000015
1900-12-01,1900,12,-0.0499999999999999
1900-12-01,1900,12,0.860000000000001
1901-01-01,1901,1,-6.444999999999999
1901-01-01,1901,1,-6.033
1901-02-01,1901,2,-6.165000000000001
1901-02-01,1901,2,-5.952999999999999
1901-03-01,1901,3,0.9079999999999996
1901-03-01,1901,3,1.0020000000000016
1901-04-01,1901,4,7.415999999999999
1901-04-01,1901,4,6.927999999999999
1901-05-01,1901,5,14.156999999999998
1901-05-01,1901,5,12.776000000000002
1901-06-01,1901,6,17.800000000000004
1901-06-01,1901,6,15.972
1901-07-01,1901,7,19.828
1901-07-01,1901,7,18.278
1901-08-01,1901,8,18.132000000000005
1901-08-01,1901,8,16.412000000000003
1901-09-01,1901,9,13.078
1901-09-01,1901,9,12.4
1901-10-01,1901,10,9.103
1901-10-01,1901,10,9.435
1901-11-01,1901,11,1.8880000000000008
1901-11-01,1901,11,2.124
1901-12-01,1901,12,-0.5340000000000009
1901-12-01,1901,12,0.4309999999999981
1902-01-01,1902,1,0.3629999999999987
1902-01-01,1902,1,1.5989999999999998
1902-02-01,1902,2,-3.8050000000000006
1902-02-01,1902,2,-2.1139999999999994
1902-03-01,1902,3,1.3129999999999993
1902-03-01,1902,3,1.97
1902-04-01,1902,4,4.967000000000002
1902-04-01,1902,4,5.63
1902-05-01,1902,5,10.139
1902-05-01,1902,5,8.606000000000002
1902-06-01,1902,6,15.782000000000002
1902-06-01,1902,6,14.586
1902-07-01,1902,7,16.065
1902-07-01,1902,7,15.211
1902-08-01,1902,8,15.787000000000004
1902-08-01,1902,8,14.944
1902-09-01,1902,9,11.932
1902-09-01,1902,9,11.854
1902-10-01,1902,10,5.902000000000002
1902-10-01,1902,10,6.343999999999998
1902-11-01,1902,11,-1.3289999999999995
1902-11-01,1902,11,-0.3269999999999997
1902-12-01,1902,12,-6.550999999999998
1902-12-01,1902,12,-4.871
1903-01-01,1903,1,-3.403
1903-01-01,1903,1,-2.581000000000001
1903-02-01,1903,2,0.8609999999999987
1903-02-01,1903,2,1.9320000000000013
1903-03-01,1903,3,5.079999999999999
1903-03-01,1903,3,5.041
1903-04-01,1903,4,6.455
1903-04-01,1903,4,4.626
1903-05-01,1903,5,13.557
1903-05-01,1903,5,12.332999999999998
1903-06-01,1903,6,16.592
1903-06-01,1903,6,14.499
1903-07-01,1903,7,17.83
1903-07-01,1903,7,16.439000000000004
1903-08-01,1903,8,16.356
1903-08-01,1903,8,15.848
1903-09-01,1903,9,13.958000000000002
1903-09-01,1903,9,13.033
1903-10-01,1903,10,7.329
1903-10-01,1903,10,8.800000000000002
1903-11-01,1903,11,2.725999999999998
1903-11-01,1903,11,3.9780000000000015
1903-12-01,1903,12,-2.5619999999999994
1903-12-01,1903,12,-1.7860000000000005
1904-01-01,1904,1,-4.456
1904-01-01,1904,1,-2.943
1904-02-01,1904,2,-1.032000000000001
1904-02-01,1904,2,-0.0189999999999991
1904-03-01,1904,3,0.3330000000000016
1904-03-01,1904,3,1.768000000000001
1904-04-01,1904,4,7.114
1904-04-01,1904,4,7.464999999999999
1904-05-01,1904,5,11.148999999999996
1904-05-01,1904,5,11.080999999999998
1904-06-01,1904,6,15.325999999999995
1904-06-01,1904,6,14.962000000000002
1904-07-01,1904,7,18.089
1904-07-01,1904,7,18.327000000000005
1904-08-01,1904,8,16.935
1904-08-01,1904,8,16.726
1904-09-01,1904,9,11.87
1904-09-01,1904,9,11.874
1904-10-01,1904,10,7.232999999999998
1904-10-01,1904,10,7.664999999999998
1904-11-01,1904,11,1.0750000000000013
1904-11-01,1904,11,2.1300000000000017
1904-12-01,1904,12,-0.6219999999999991
1904-12-01,1904,12,0.647
1905-01-01,1905,1,-5.934000000000001
1905-01-01,1905,1,-4.459999999999999
1905-02-01,1905,2,-1.554
1905-02-01,1905,2,-0.3379999999999998
1905-03-01,1905,3,2.205999999999998
1905-03-01,1905,3,3.33
1905-04-01,1905,4,5.345999999999999
1905-04-01,1905,4,4.769000000000002
1905-05-01,1905,5,13.921
1905-05-01,1905,5,11.990999999999998
1905-06-01,1905,6,18.771
1905-06-01,1905,6,16.961
1905-07-01,1905,7,18.602
1905-07-01,1905,7,18.229000000000003
1905-08-01,1905,8,17.961999999999996
1905-08-01,1905,8,16.837000000000003
1905-09-01,1905,9,13.174
1905-09-01,1905,9,12.91
1905-10-01,1905,10,4.468999999999998
1905-10-01,1905,10,4.168000000000001
1905-11-01,1905,11,3.1670000000000007
1905-11-01,1905,11,3.1910000000000003
1905-12-01,1905,12,-1.473999999999999
1905-12-01,1905,12,-0.0339999999999997
1906-01-01,1906,1,-2.7059999999999995
1906-01-01,1906,1,-1.128
1906-02-01,1906,2,-1.8560000000000008
1906-02-01,1906,2,-0.7099999999999993
1906-03-01,1906,3,1.4430000000000005
1906-03-01,1906,3,1.654000000000002
1906-04-01,1906,4,9.226
1906-04-01,1906,4,8.135
1906-05-01,1906,5,15.685
1906-05-01,1906,5,13.195
1906-06-01,1906,6,16.004
1906-06-01,1906,6,14.303999999999998
1906-07-01,1906,7,18.862
1906-07-01,1906,7,17.296000000000003
1906-08-01,1906,8,16.64
1906-08-01,1906,8,15.896
1906-09-01,1906,9,12.220999999999998
1906-09-01,1906,9,11.886
1906-10-01,1906,10,7.127
1906-10-01,1906,10,8.009000000000002
1906-11-01,1906,11,5.23
1906-11-01,1906,11,5.980000000000001
1906-12-01,1906,12,-4.909000000000002
1906-12-01,1906,12,-3.806999999999999
1907-01-01,1907,1,-5.499999999999999
1907-01-01,1907,1,-3.2390000000000008
1907-02-01,1907,2,-5.16
1907-02-01,1907,2,-3.3610000000000007
1907-03-01,1907,3,-0.1509999999999994
1907-03-01,1907,3,0.7589999999999996
1907-04-01,1907,4,5.339
1907-04-01,1907,4,4.798000000000001
1907-05-01,1907,5,14.439999999999998
1907-05-01,1907,5,13.482
1907-06-01,1907,6,15.802
1907-06-01,1907,6,15.18
1907-07-01,1907,7,16.659
1907-07-01,1907,7,14.842999999999998
1907-08-01,1907,8,15.896
1907-08-01,1907,8,15.787999999999998
1907-09-01,1907,9,12.61
1907-09-01,1907,9,12.405
1907-10-01,1907,10,11.910999999999998
1907-10-01,1907,10,12.197
1907-11-01,1907,11,0.5239999999999986
1907-11-01,1907,11,1.5029999999999986
1907-12-01,1907,12,-3.722
1907-12-01,1907,12,-0.7369999999999995
1908-01-01,1908,1,-3.5440000000000005
1908-01-01,1908,1,-3.142
1908-02-01,1908,2,-1.1940000000000002
1908-02-01,1908,2,-0.1470000000000008
1908-03-01,1908,3,1.0500000000000005
1908-03-01,1908,3,1.6460000000000008
1908-04-01,1908,4,5.755000000000001
1908-04-01,1908,4,4.947000000000001
1908-05-01,1908,5,13.482
1908-05-01,1908,5,13.482999999999995
1908-06-01,1908,6,16.863
1908-06-01,1908,6,16.575999999999997
1908-07-01,1908,7,18.641
1908-07-01,1908,7,17.128
1908-08-01,1908,8,15.964
1908-08-01,1908,8,14.517999999999995
1908-09-01,1908,9,11.851999999999997
1908-09-01,1908,9,11.357
1908-10-01,1908,10,6.492999999999999
1908-10-01,1908,10,7.336
1908-11-01,1908,11,-1.3609999999999998
1908-11-01,1908,11,-0.3829999999999995
1908-12-01,1908,12,-4.089
1908-12-01,1908,12,-2.926
1909-01-01,1909,1,-4.995
1909-01-01,1909,1,-3.5760000000000014
1909-02-01,1909,2,-6.981999999999999
1909-02-01,1909,2,-4.944999999999999
1909-03-01,1909,3,0.4870000000000019
1909-03-01,1909,3,0.6670000000000008
1909-04-01,1909,4,5.72
1909-04-01,1909,4,6.379
1909-05-01,1909,5,10.521000000000004
1909-05-01,1909,5,9.927999999999995
1909-06-01,1909,6,15.987000000000002
1909-06-01,1909,6,14.547999999999998
1909-07-01,1909,7,16.899
1909-07-01,1909,7,15.285
1909-08-01,1909,8,17.373
1909-08-01,1909,8,16.500999999999998
1909-09-01,1909,9,14.696000000000002
1909-09-01,1909,9,13.403
1909-10-01,1909,10,10.341
1909-10-01,1909,10,10.098
1909-11-01,1909,11,0.7960000000000002
1909-11-01,1909,11,1.5109999999999997
1909-12-01,1909,12,-0.2310000000000004
1909-12-01,1909,12,0.4260000000000019
1910-01-01,1910,1,-1.4619999999999993
1910-01-01,1910,1,-0.4209999999999997
1910-02-01,1910,2,0.9550000000000006
1910-02-01,1910,2,1.492999999999998
1910-03-01,1910,3,2.430999999999999
1910-03-01,1910,3,2.608000000000001
1910-04-01,1910,4,8.081
1910-04-01,1910,4,6.646000000000001
1910-05-01,1910,5,14.481000000000002
1910-05-01,1910,5,12.315
1910-06-01,1910,6,18.502
1910-06-01,1910,6,16.65
1910-07-01,1910,7,17.229
1910-07-01,1910,7,15.605
1910-08-01,1910,8,16.558999999999997
1910-08-01,1910,8,15.518
1910-09-01,1910,9,12.666
1910-09-01,1910,9,11.531999999999998
1910-10-01,1910,10,6.798000000000002
1910-10-01,1910,10,7.760000000000002
1910-11-01,1910,11,1.3489999999999982
1910-11-01,1910,11,1.8560000000000008
1910-12-01,1910,12,0.5729999999999988
1910-12-01,1910,12,1.514999999999998
1911-01-01,1911,1,-2.45
1911-01-01,1911,1,-2.1610000000000005
1911-02-01,1911,2,-4.303000000000001
1911-02-01,1911,2,-1.589999999999999
1911-03-01,1911,3,2.4000000000000004
1911-03-01,1911,3,3.03
1911-04-01,1911,4,7.354000000000001
1911-04-01,1911,4,6.661999999999999
1911-05-01,1911,5,14.451999999999998
1911-05-01,1911,5,12.511
1911-06-01,1911,6,14.851
1911-07-01,1911,7,18.175
1911-07-01,1911,7,18.44
1911-08-01,1911,8,18.983
1911-08-01,1911,8,18.60100000000001
1911-09-01,1911,9,14.09
1911-09-01,1911,9,13.975
1911-10-01,1911,10,7.801
1911-10-01,1911,10,7.796999999999999
1911-11-01,1911,11,3.927000000000002
1911-11-01,1911,11,4.404
1911-12-01,1911,12,-0.6419999999999999
1911-12-01,1911,12,0.7820000000000012
1912-01-01,1912,1,-8.482000000000001
1912-01-01,1912,1,-5.822000000000001
1912-02-01,1912,2,-2.7030000000000007
1912-02-01,1912,2,-0.0719999999999999
1912-03-01,1912,3,4.400999999999999
1912-03-01,1912,3,4.901000000000002
1912-04-01,1912,4,5.711000000000001
1912-04-01,1912,4,5.194000000000002
1912-05-01,1912,5,11.518
1912-05-01,1912,5,10.815
1912-06-01,1912,6,17.622
1912-06-01,1912,6,15.814999999999998
1912-07-01,1912,7,19.032
1912-07-01,1912,7,17.769999999999996
1912-08-01,1912,8,16.496
1912-08-01,1912,8,14.51
1912-09-01,1912,9,9.573999999999998
1912-09-01,1912,9,8.392000000000003
1912-10-01,1912,10,4.656999999999998
1912-10-01,1912,10,5.416000000000001
1912-11-01,1912,11,1.0489999999999986
1912-11-01,1912,11,1.15
1912-12-01,1912,12,1.1140000000000012
1912-12-01,1912,12,1.7710000000000017
1913-01-01,1913,1,-4.515999999999999
1913-01-01,1913,1,-3.208
1913-02-01,1913,2,-1.648
1913-02-01,1913,2,-0.885
1913-03-01,1913,3,4.532999999999999
1913-03-01,1913,3,4.961
1913-04-01,1913,4,8.171
1913-04-01,1913,4,7.154999999999998
1913-05-01,1913,5,12.401000000000002
1913-05-01,1913,5,11.523
1913-06-01,1913,6,15.172999999999998
1913-06-01,1913,6,14.434
1913-07-01,1913,7,16.606
1913-07-01,1913,7,14.434
1913-08-01,1913,8,16.552
1913-08-01,1913,8,14.625
1913-09-01,1913,9,13.222
1913-09-01,1913,9,12.385
1913-10-01,1913,10,7.630000000000002
1913-10-01,1913,10,8.345999999999997
1913-11-01,1913,11,4.867999999999999
1913-11-01,1913,11,5.484000000000001
1913-12-01,1913,12,0.6239999999999983
1913-12-01,1913,12,1.2009999999999996
1914-01-01,1914,1,-5.115
1914-01-01,1914,1,-5.131
1914-02-01,1914,2,0.4699999999999981
1914-02-01,1914,2,0.364999999999998
1914-03-01,1914,3,3.3219999999999987
1914-03-01,1914,3,3.5900000000000016
1914-04-01,1914,4,8.76
1914-04-01,1914,4,8.565000000000001
1914-05-01,1914,5,13.072
1914-05-01,1914,5,11.307
1914-06-01,1914,6,16.515
1914-06-01,1914,6,14.786
1914-07-01,1914,7,20.167
1914-07-01,1914,7,17.647000000000002
1914-08-01,1914,8,17.268
1914-08-01,1914,8,16.861000000000004
1914-09-01,1914,9,11.844
1914-09-01,1914,9,11.828
1914-10-01,1914,10,6.239999999999999
1914-10-01,1914,10,7.159000000000002
1914-11-01,1914,11,0.4770000000000015
1914-11-01,1914,11,2.4370000000000007
1914-12-01,1914,12,1.1310000000000011
1914-12-01,1914,12,1.553999999999998
1915-01-01,1915,1,-2.6750000000000007
1915-01-01,1915,1,-1.0849999999999995
1915-02-01,1915,2,-1.635000000000001
1915-02-01,1915,2,-0.5539999999999997
1915-03-01,1915,3,-1.6020000000000008
1915-03-01,1915,3,-0.5049999999999994
1915-04-01,1915,4,7.725
1915-04-01,1915,4,6.510000000000002
1915-05-01,1915,5,13.336000000000002
1915-05-01,1915,5,12.581
1915-06-01,1915,6,17.674999999999997
1915-06-01,1915,6,17.034000000000002
1915-07-01,1915,7,18.243
1915-07-01,1915,7,16.392999999999997
1915-08-01,1915,8,16.337
1915-08-01,1915,8,14.723999999999998
1915-09-01,1915,9,11.802
1915-09-01,1915,9,10.994
1915-10-01,1915,10,5.870000000000001
1915-10-01,1915,10,6.038
1915-11-01,1915,11,0.5770000000000013
1915-11-01,1915,11,0.885000000000002
1915-12-01,1915,12,-0.3700000000000002
1915-12-01,1915,12,1.9420000000000015
1916-01-01,1916,1,-0.3439999999999996
1916-01-01,1916,1,1.8000000000000012
1916-02-01,1916,2,-1.6240000000000008
1916-02-01,1916,2,-0.8830000000000007
1916-03-01,1916,3,2.9139999999999984
1916-03-01,1916,3,4.382
1916-04-01,1916,4,8.455
1916-04-01,1916,4,7.410999999999998
1916-05-01,1916,5,12.7
1916-05-01,1916,5,12.439
1916-06-01,1916,6,15.264
1916-06-01,1916,6,13.342
1916-07-01,1916,7,17.948999999999998
1916-07-01,1916,7,16.265
1916-08-01,1916,8,16.39
1916-08-01,1916,8,15.499000000000002
1916-09-01,1916,9,12.125999999999998
1916-09-01,1916,9,11.584
1916-10-01,1916,10,6.925999999999999
1916-10-01,1916,10,7.535999999999998
1916-11-01,1916,11,3.777
1916-11-01,1916,11,4.449000000000002
1916-12-01,1916,12,-0.271
1916-12-01,1916,12,1.719999999999998
1917-01-01,1917,1,-5.842999999999999
1917-02-01,1917,2,-7.429999999999999
1917-02-01,1917,2,-6.124999999999999
1917-03-01,1917,3,-3.121999999999999
1917-03-01,1917,3,-1.5999999999999994
1917-04-01,1917,4,4.856
1917-04-01,1917,4,3.628
1917-05-01,1917,5,13.057
1917-05-01,1917,5,13.166
1917-06-01,1917,6,19.502
1917-06-01,1917,6,18.392
1917-07-01,1917,7,17.959
1917-07-01,1917,7,17.232999999999997
1917-08-01,1917,8,19.119
1917-08-01,1917,8,17.261999999999997
1917-09-01,1917,9,14.15
1917-09-01,1917,9,14.277
1917-10-01,1917,10,8.654
1917-10-01,1917,10,8.11
1917-11-01,1917,11,4.376000000000001
1917-11-01,1917,11,4.368
1917-12-01,1917,12,-3.3610000000000007
1917-12-01,1917,12,-2.7509999999999994
1918-01-01,1918,1,-2.2880000000000007
1918-01-01,1918,1,-0.682999999999999
1918-02-01,1918,2,-2.098999999999999
1918-02-01,1918,2,-0.4049999999999996
1918-03-01,1918,3,1.7980000000000018
1918-03-01,1918,3,2.803999999999998
1918-04-01,1918,4,12.216
1918-04-01,1918,4,10.247999999999998
1918-05-01,1918,5,13.118000000000002
1918-05-01,1918,5,12.615
1918-06-01,1918,6,13.996
1918-06-01,1918,6,12.873
1918-07-01,1918,7,17.988
1918-07-01,1918,7,16.258
1918-08-01,1918,8,16.844
1918-08-01,1918,8,15.777
1918-09-01,1918,9,13.953
1918-09-01,1918,9,13.683
1918-10-01,1918,10,9.346
1918-10-01,1918,10,8.507000000000001
1918-11-01,1918,11,1.7050000000000014
1918-11-01,1918,11,2.102
1918-12-01,1918,12,-1.6599999999999997
1918-12-01,1918,12,1.2310000000000008
1919-01-01,1919,1,-2.5540000000000003
1919-01-01,1919,1,-0.5329999999999993
1919-02-01,1919,2,-2.7
1919-02-01,1919,2,-1.726
1919-03-01,1919,3,1.3610000000000018
1919-03-01,1919,3,2.212
1919-04-01,1919,4,6.885999999999998
1919-04-01,1919,4,5.220000000000001
1919-05-01,1919,5,10.574
1919-05-01,1919,5,9.082
1919-06-01,1919,6,15.649
1919-06-01,1919,6,14.448
1919-07-01,1919,7,16.864
1919-07-01,1919,7,14.654000000000003
1919-08-01,1919,8,15.828
1919-08-01,1919,8,15.582999999999998
1919-09-01,1919,9,15.516
1919-09-01,1919,9,14.874000000000002
1919-10-01,1919,10,6.544000000000001
1919-10-01,1919,10,6.289
1919-11-01,1919,11,-2.777
1919-11-01,1919,11,-0.7309999999999997
1919-12-01,1919,12,-2.778999999999999
1919-12-01,1919,12,-1.0660000000000005
1920-01-01,1920,1,-3.02
1920-01-01,1920,1,-0.1389999999999997
1920-02-01,1920,2,-0.5279999999999991
1920-02-01,1920,2,0.906999999999998
1920-03-01,1920,3,4.498000000000001
1920-03-01,1920,3,5.006000000000002
1920-04-01,1920,4,11.998
1920-04-01,1920,4,10.143999999999998
1920-05-01,1920,5,15.078
1920-05-01,1920,5,13.733
1920-06-01,1920,6,15.044000000000002
1920-06-01,1920,6,13.736
1920-07-01,1920,7,20.211
1920-07-01,1920,7,18.053000000000004
1920-08-01,1920,8,17.528000000000002
1920-08-01,1920,8,15.728999999999996
1920-09-01,1920,9,13.559
1920-09-01,1920,9,13.039
1920-10-01,1920,10,4.390000000000001
1920-10-01,1920,10,5.111999999999999
1920-11-01,1920,11,-0.0430000000000004
1920-11-01,1920,11,0.0039999999999985
1920-12-01,1920,12,-3.270999999999999
1920-12-01,1920,12,-1.0749999999999993
1921-01-01,1921,1,0.8350000000000001
1921-01-01,1921,1,2.884000000000001
1921-02-01,1921,2,-3.224
1921-02-01,1921,2,-0.9309999999999994
1921-03-01,1921,3,5.372000000000002
1921-03-01,1921,3,5.068
1921-04-01,1921,4,8.721
1921-04-01,1921,4,6.900999999999999
1921-05-01,1921,5,15.411
1921-05-01,1921,5,13.631
1921-06-01,1921,6,15.647
1921-06-01,1921,6,13.85
1921-07-01,1921,7,18.950000000000003
1921-07-01,1921,7,18.003
1921-08-01,1921,8,18.489999999999995
1921-08-01,1921,8,17.516
1921-09-01,1921,9,12.552
1921-09-01,1921,9,12.635
1921-10-01,1921,10,8.592999999999998
1921-10-01,1921,10,9.432
1921-11-01,1921,11,-1.4729999999999994
1921-11-01,1921,11,-0.3339999999999992
1921-12-01,1921,12,-3.388000000000001
1921-12-01,1921,12,-1.5130000000000008
1922-01-01,1922,1,-7.505
1922-01-01,1922,1,-5.520999999999999
1922-02-01,1922,2,-5.1190000000000015
1922-02-01,1922,2,-3.856
1922-03-01,1922,3,2.2180000000000017
1922-03-01,1922,3,2.798
1922-04-01,1922,4,6.438
1922-04-01,1922,4,5.516000000000002
1922-05-01,1922,5,13.389
1922-05-01,1922,5,12.476999999999997
1922-06-01,1922,6,16.381999999999998
1922-06-01,1922,6,15.441
1922-07-01,1922,7,18.048
1922-07-01,1922,7,16.271
1922-08-01,1922,8,16.54
1922-08-01,1922,8,15.333000000000002
1922-09-01,1922,9,11.484
1922-09-01,1922,9,10.728000000000002
1922-10-01,1922,10,4.382
1922-10-01,1922,10,4.510000000000002
1922-11-01,1922,11,0.5010000000000008
1922-11-01,1922,11,1.507000000000001
1922-12-01,1922,12,-0.5869999999999997
1922-12-01,1922,12,0.4640000000000002
1923-01-01,1923,1,-1.340999999999999
1923-01-01,1923,1,-0.2750000000000006
1923-02-01,1923,2,-4.236000000000001
1923-02-01,1923,2,-1.576
1923-03-01,1923,3,2.635000000000001
1923-03-01,1923,3,3.33
1923-04-01,1923,4,5.767
1923-04-01,1923,4,5.418999999999999
1923-05-01,1923,5,13.344
1923-05-01,1923,5,12.437
1923-06-01,1923,6,12.750999999999998
1923-06-01,1923,6,11.293
1923-07-01,1923,7,18.334
1923-07-01,1923,7,17.652
1923-08-01,1923,8,15.802
1923-08-01,1923,8,15.525
1923-09-01,1923,9,13.743000000000002
1923-09-01,1923,9,13.223
1923-10-01,1923,10,9.844
1923-10-01,1923,10,10.220999999999997
1923-11-01,1923,11,3.3720000000000008
1923-11-01,1923,11,3.050000000000001
1923-12-01,1923,12,-2.958
1923-12-01,1923,12,-2.850999999999999
1924-01-01,1924,1,-7.872
1924-01-01,1924,1,-5.314000000000001
1924-02-01,1924,2,-6.207
1924-02-01,1924,2,-5.167999999999999
1924-03-01,1924,3,-0.9189999999999996
1924-03-01,1924,3,0.2949999999999993
1924-04-01,1924,4,5.318999999999999
1924-04-01,1924,4,5.354
1924-05-01,1924,5,14.659
1924-05-01,1924,5,13.466
1924-06-01,1924,6,16.855
1924-06-01,1924,6,15.015999999999998
1924-07-01,1924,7,17.259
1924-07-01,1924,7,16.400999999999996
1924-08-01,1924,8,16.904
1924-08-01,1924,8,15.153
1924-09-01,1924,9,14.830000000000004
1924-09-01,1924,9,14.067
1924-10-01,1924,10,8.394999999999998
1924-10-01,1924,10,8.616000000000001
1924-11-01,1924,11,1.582
1924-11-01,1924,11,1.7689999999999984
1924-12-01,1924,12,-2.116000000000001
1924-12-01,1924,12,-0.924
1925-01-01,1925,1,0.0710000000000003
1925-01-01,1925,1,0.6940000000000011
1925-02-01,1925,2,2.391999999999999
1925-02-01,1925,2,2.862000000000001
1925-03-01,1925,3,0.9469999999999996
1925-03-01,1925,3,0.6650000000000015
1925-04-01,1925,4,8.234
1925-04-01,1925,4,7.359000000000001
1925-05-01,1925,5,15.308
1925-05-01,1925,5,13.768
1925-06-01,1925,6,14.375
1925-06-01,1925,6,13.671
1925-07-01,1925,7,18.793
1925-07-01,1925,7,17.166
1925-08-01,1925,8,17.087
1925-08-01,1925,8,16.052
1925-09-01,1925,9,11.978000000000002
1925-09-01,1925,9,11.302
1925-10-01,1925,10,6.792
1925-10-01,1925,10,7.701999999999998
1925-11-01,1925,11,1.7730000000000008
1925-11-01,1925,11,2.2170000000000005
1925-12-01,1925,12,-2.455
1925-12-01,1925,12,-1.4920000000000004
1926-01-01,1926,1,-3.7640000000000007
1926-01-01,1926,1,-2.446
1926-02-01,1926,2,-0.437
1926-02-01,1926,2,2.112
1926-03-01,1926,3,1.2839999999999998
1926-03-01,1926,3,2.4270000000000005
1926-04-01,1926,4,8.953
1926-04-01,1926,4,8.504
1926-05-01,1926,5,12.933000000000002
1926-05-01,1926,5,11.115
1926-06-01,1926,6,16.036
1926-06-01,1926,6,13.782000000000002
1926-07-01,1926,7,19.074
1926-07-01,1926,7,17.309
1926-08-01,1926,8,15.762
1926-08-01,1926,8,15.123000000000005
1926-09-01,1926,9,13.531
1926-09-01,1926,9,13.906
1926-10-01,1926,10,6.704
1926-10-01,1926,10,7.691999999999997
1926-11-01,1926,11,7.004
1926-11-01,1926,11,7.142999999999999
1926-12-01,1926,12,-2.326000000000001
1926-12-01,1926,12,-0.6340000000000008
1927-01-01,1927,1,-3.2620000000000005
1927-01-01,1927,1,-0.0710000000000003
1927-02-01,1927,2,-3.268
1927-02-01,1927,2,-1.5399999999999991
1927-03-01,1927,3,4.807
1927-03-01,1927,3,5.267000000000001
1927-04-01,1927,4,6.555
1927-04-01,1927,4,6.316
1927-05-01,1927,5,10.42
1927-05-01,1927,5,9.988
1927-06-01,1927,6,16.052
1927-06-01,1927,6,14.744
1927-07-01,1927,7,19.613
1927-07-01,1927,7,17.605
1927-08-01,1927,8,18.263
1927-08-01,1927,8,16.668999999999997
1927-09-01,1927,9,14.153
1927-09-01,1927,9,13.590000000000002
1927-10-01,1927,10,7.793
1927-10-01,1927,10,7.830999999999999
1927-11-01,1927,11,1.1979999999999988
1927-11-01,1927,11,2.135000000000002
1927-12-01,1927,12,-6.661
1927-12-01,1927,12,-5.0600000000000005
1928-01-01,1928,1,-2.296
1928-01-01,1928,1,-0.578000000000001
1928-02-01,1928,2,-2.4320000000000004
1928-02-01,1928,2,-0.0140000000000009
1928-03-01,1928,3,-0.221
1928-03-01,1928,3,0.7600000000000011
1928-04-01,1928,4,7.141000000000001
1928-04-01,1928,4,6.881000000000002
1928-05-01,1928,5,11.495
1928-05-01,1928,5,9.648
1928-06-01,1928,6,14.015
1928-06-01,1928,6,13.678999999999998
1928-07-01,1928,7,18.802
1928-07-01,1928,7,18.653
1928-08-01,1928,8,16.426000000000002
1928-08-01,1928,8,16.192
1928-09-01,1928,9,13.191
1928-09-01,1928,9,12.698999999999998
1928-10-01,1928,10,7.949
1928-10-01,1928,10,8.152
1928-11-01,1928,11,5.701999999999998
1928-11-01,1928,11,6.182
1928-12-01,1928,12,-3.346
1928-12-01,1928,12,-2.08
1929-01-01,1929,1,-8.18
1929-01-01,1929,1,-7.281
1929-02-01,1929,2,-14.0
1929-02-01,1929,2,-12.685
1929-03-01,1929,3,-1.7690000000000003
1929-04-01,1929,4,2.6910000000000007
1929-04-01,1929,4,3.1099999999999994
1929-05-01,1929,5,14.718000000000002
1929-05-01,1929,5,13.026000000000002
1929-06-01,1929,6,14.615999999999998
1929-06-01,1929,6,14.121
1929-07-01,1929,7,17.356
1929-08-01,1929,8,18.271
1929-08-01,1929,8,17.009
1929-09-01,1929,9,13.433
1929-09-01,1929,9,14.063
1929-10-01,1929,10,10.152
1929-10-01,1929,10,9.842999999999998
1929-11-01,1929,11,4.176000000000002
1929-11-01,1929,11,4.461000000000001
1929-12-01,1929,12,0.743999999999999
1929-12-01,1929,12,1.7780000000000011
1930-01-01,1930,1,-0.8799999999999998
1930-01-01,1930,1,-0.3839999999999992
1930-02-01,1930,2,-2.0900000000000003
1930-02-01,1930,2,-1.8010000000000008
1930-03-01,1930,3,2.652000000000001
1930-03-01,1930,3,3.353000000000001
1930-04-01,1930,4,8.983
1930-04-01,1930,4,8.036999999999999
1930-05-01,1930,5,12.959
1930-05-01,1930,5,11.466
1930-06-01,1930,6,18.311
1930-06-01,1930,6,17.743
1930-07-01,1930,7,17.838000000000005
1930-07-01,1930,7,16.614999999999995
1930-08-01,1930,8,16.832
1930-08-01,1930,8,15.546
1930-09-01,1930,9,13.003
1930-09-01,1930,9,13.127
1930-10-01,1930,10,8.613
1930-10-01,1930,10,8.316
1930-11-01,1930,11,4.414
1930-11-01,1930,11,5.291
1930-12-01,1930,12,-3.193999999999999
1930-12-01,1930,12,-1.3760000000000003
1931-01-01,1931,1,-3.140000000000001
1931-01-01,1931,1,-1.7429999999999997
1931-02-01,1931,2,-4.2410000000000005
1931-02-01,1931,2,-2.595999999999999
1931-03-01,1931,3,-1.4789999999999992
1931-03-01,1931,3,-1.1710000000000005
1931-04-01,1931,4,5.130999999999999
1931-04-01,1931,4,4.3950000000000005
1931-05-01,1931,5,16.654000000000003
1931-05-01,1931,5,15.341
1931-06-01,1931,6,16.399
1931-06-01,1931,6,15.938
1931-07-01,1931,7,18.792
1931-07-01,1931,7,17.393
1931-08-01,1931,8,17.035
1931-08-01,1931,8,15.589000000000002
1931-09-01,1931,9,10.797000000000002
1931-09-01,1931,9,9.991
1931-10-01,1931,10,6.512999999999999
1931-10-01,1931,10,6.57
1931-11-01,1931,11,1.5689999999999986
1931-11-01,1931,11,2.730000000000001
1931-12-01,1931,12,-1.3129999999999993
1931-12-01,1931,12,-0.8979999999999992
1932-01-01,1932,1,-1.4499999999999995
1932-01-01,1932,1,-0.5889999999999991
1932-02-01,1932,2,-6.434999999999999
1932-02-01,1932,2,-4.779
1932-03-01,1932,3,-2.4160000000000004
1932-03-01,1932,3,-1.3949999999999996
1932-04-01,1932,4,7.449999999999998
1932-04-01,1932,4,6.866000000000001
1932-05-01,1932,5,15.004
1932-05-01,1932,5,13.02
1932-06-01,1932,6,15.176
1932-06-01,1932,6,13.752
1932-07-01,1932,7,20.867
1932-07-01,1932,7,18.692
1932-08-01,1932,8,18.905
1932-08-01,1932,8,18.016
1932-09-01,1932,9,15.665
1932-09-01,1932,9,15.591
1932-10-01,1932,10,8.770000000000001
1932-10-01,1932,10,8.848999999999998
1932-11-01,1932,11,2.8420000000000005
1932-11-01,1932,11,3.4609999999999985
1932-12-01,1932,12,-0.2800000000000007
1932-12-01,1932,12,-0.7840000000000005
1933-01-01,1933,1,-7.756
1933-01-01,1933,1,-5.979
1933-02-01,1933,2,-2.651
1933-02-01,1933,2,-1.401999999999999
1933-03-01,1933,3,3.193
1933-04-01,1933,4,4.857000000000002
1933-04-01,1933,4,4.820000000000001
1933-05-01,1933,5,11.67
1933-05-01,1933,5,11.049
1933-06-01,1933,6,13.771
1933-07-01,1933,7,19.035999999999994
1933-07-01,1933,7,17.708999999999996
1933-08-01,1933,8,16.872
1933-08-01,1933,8,16.469
1933-09-01,1933,9,12.795
1933-09-01,1933,9,12.640000000000002
1933-10-01,1933,10,8.017
1933-10-01,1933,10,8.377999999999998
1933-11-01,1933,11,1.1730000000000018
1933-11-01,1933,11,1.9120000000000008
1933-12-01,1933,12,-6.884
1933-12-01,1933,12,-5.815
1934-01-01,1934,1,-3.088999999999999
1934-01-01,1934,1,-1.549
1934-02-01,1934,2,-0.5620000000000007
1934-02-01,1934,2,-0.2889999999999995
1934-03-01,1934,3,4.188999999999999
1934-03-01,1934,3,4.410000000000001
1934-04-01,1934,4,10.42
1934-04-01,1934,4,9.781
1934-05-01,1934,5,14.891
1934-05-01,1934,5,13.573
1934-06-01,1934,6,16.594
1934-06-01,1934,6,15.921
1934-07-01,1934,7,18.312
1934-07-01,1934,7,17.951000000000004
1934-08-01,1934,8,18.359
1934-08-01,1934,8,16.78
1934-09-01,1934,9,15.550000000000002
1934-09-01,1934,9,14.895
1934-10-01,1934,10,9.654999999999998
1934-10-01,1934,10,9.207
1934-11-01,1934,11,4.996999999999999
1934-11-01,1934,11,4.483999999999998
1934-12-01,1934,12,-0.7960000000000002
1934-12-01,1934,12,3.1439999999999992
1935-01-01,1935,1,-6.172000000000001
1935-01-01,1935,1,-3.655
1935-02-01,1935,2,-1.2920000000000007
1935-02-01,1935,2,-0.1449999999999995
1935-03-01,1935,3,0.8630000000000019
1935-03-01,1935,3,0.4969999999999983
1935-04-01,1935,4,7.506999999999999
1935-04-01,1935,4,6.734000000000001
1935-05-01,1935,5,10.91
1935-05-01,1935,5,9.921
1935-06-01,1935,6,18.381000000000004
1935-06-01,1935,6,17.429
1935-07-01,1935,7,16.927999999999997
1935-08-01,1935,8,17.508
1935-08-01,1935,8,16.689
1935-09-01,1935,9,13.896
1935-09-01,1935,9,13.675999999999998
1935-10-01,1935,10,9.53
1935-10-01,1935,10,8.961999999999998
1935-11-01,1935,11,2.6370000000000005
1935-11-01,1935,11,4.1880000000000015
1935-12-01,1935,12,-0.744000000000001
1935-12-01,1935,12,-0.5560000000000009
1936-01-01,1936,1,0.669
1936-01-01,1936,1,1.4480000000000004
1936-02-01,1936,2,-3.91
1936-02-01,1936,2,-1.6829999999999994
1936-03-01,1936,3,4.024999999999999
1936-03-01,1936,3,4.266000000000002
1936-04-01,1936,4,7.406000000000002
1936-04-01,1936,4,6.383000000000002
1936-05-01,1936,5,15.0
1936-05-01,1936,5,12.823
1936-06-01,1936,6,17.346
1936-06-01,1936,6,15.584
1936-07-01,1936,7,20.520000000000003
1936-07-01,1936,7,17.88
1936-08-01,1936,8,16.768
1936-08-01,1936,8,15.538000000000002
1936-09-01,1936,9,12.59
1936-09-01,1936,9,12.423000000000002
1936-10-01,1936,10,4.974999999999999
1936-10-01,1936,10,5.181000000000001
1936-11-01,1936,11,3.403
1936-11-01,1936,11,3.159
1936-12-01,1936,12,0.0030000000000009
1936-12-01,1936,12,0.6110000000000011
1937-01-01,1937,1,-7.27
1937-01-01,1937,1,-4.84
1937-02-01,1937,2,-1.5339999999999994
1937-02-01,1937,2,0.0969999999999989
1937-03-01,1937,3,2.5599999999999983
1937-03-01,1937,3,2.866
1937-04-01,1937,4,8.209999999999999
1937-04-01,1937,4,6.907
1937-05-01,1937,5,16.838
1937-05-01,1937,5,15.154
1937-06-01,1937,6,18.304
1937-06-01,1937,6,16.726
1937-07-01,1937,7,18.637
1937-07-01,1937,7,17.317
1937-08-01,1937,8,18.916
1937-08-01,1937,8,16.914
1937-09-01,1937,9,15.196000000000002
1937-09-01,1937,9,13.607000000000005
1937-10-01,1937,10,8.714999999999998
1937-10-01,1937,10,9.268999999999998
1937-11-01,1937,11,2.6740000000000013
1937-11-01,1937,11,2.805
1937-12-01,1937,12,-2.0969999999999995
1937-12-01,1937,12,-1.4389999999999996
1938-01-01,1938,1,-2.866999999999999
1938-01-01,1938,1,-0.8290000000000002
1938-02-01,1938,2,-1.1239999999999997
1938-02-01,1938,2,-0.2140000000000006
1938-03-01,1938,3,5.476
1938-03-01,1938,3,5.987000000000001
1938-04-01,1938,4,5.150000000000002
1938-04-01,1938,4,4.031000000000001
1938-05-01,1938,5,12.405
1938-05-01,1938,5,10.806999999999997
1938-06-01,1938,6,17.308000000000003
1938-06-01,1938,6,15.783
1938-07-01,1938,7,19.251999999999995
1938-07-01,1938,7,17.185
1938-08-01,1938,8,19.67
1938-08-01,1938,8,17.747
1938-09-01,1938,9,14.051
1938-09-01,1938,9,13.33
1938-10-01,1938,10,9.202000000000002
1938-10-01,1938,10,8.985000000000001
1938-11-01,1938,11,5.318000000000001
1938-11-01,1938,11,6.141000000000002
1938-12-01,1938,12,-4.7620000000000005
1938-12-01,1938,12,-2.938
1939-01-01,1939,1,-0.5020000000000004
1939-01-01,1939,1,0.8840000000000003
1939-02-01,1939,2,1.253999999999999
1939-02-01,1939,2,1.809
1939-03-01,1939,3,0.669
1939-03-01,1939,3,0.2640000000000005
1939-04-01,1939,4,9.601
1939-04-01,1939,4,8.961000000000002
1939-05-01,1939,5,12.161
1939-05-01,1939,5,10.151
1939-06-01,1939,6,18.239999999999995
1939-06-01,1939,6,16.227999999999998
1939-07-01,1939,7,20.153
1939-07-01,1939,7,17.647000000000002
1939-08-01,1939,8,20.694000000000003
1939-08-01,1939,8,18.133
1939-09-01,1939,9,13.693
1939-09-01,1939,9,13.121000000000002
1939-10-01,1939,10,5.591
1939-10-01,1939,10,5.914999999999999
1939-11-01,1939,11,3.3310000000000013
1939-11-01,1939,11,4.368
1939-12-01,1939,12,-3.4110000000000005
1939-12-01,1939,12,-2.633
1940-01-01,1940,1,-12.501
1940-01-01,1940,1,-11.194
1940-02-01,1940,2,-11.636
1940-02-01,1940,2,-8.711
1940-03-01,1940,3,-1.7130000000000003
1940-03-01,1940,3,0.1289999999999993
1940-04-01,1940,4,7.058
1940-04-01,1940,4,7.095000000000001
1940-05-01,1940,5,13.301
1940-05-01,1940,5,11.055
1940-06-01,1940,6,18.604
1940-06-01,1940,6,16.72
1940-07-01,1940,7,18.721
1940-07-01,1940,7,16.659
1940-08-01,1940,8,15.54
1940-08-01,1940,8,14.114999999999998
1940-09-01,1940,9,12.743
1940-09-01,1940,9,12.537
1940-10-01,1940,10,5.979
1940-10-01,1940,10,7.174000000000002
1940-11-01,1940,11,4.591000000000002
1940-11-01,1940,11,4.888000000000001
1940-12-01,1940,12,-5.2860000000000005
1940-12-01,1940,12,-5.093
1941-01-01,1941,1,-9.993000000000002
1941-01-01,1941,1,-7.589
1941-02-01,1941,2,-2.832
1941-02-01,1941,2,-1.4129999999999991
1941-03-01,1941,3,0.799000000000001
1941-03-01,1941,3,1.7299999999999984
1941-04-01,1941,4,4.642999999999999
1941-04-01,1941,4,4.527000000000001
1941-05-01,1941,5,10.089000000000002
1941-05-01,1941,5,8.929000000000002
1941-06-01,1941,6,16.290000000000003
1941-06-01,1941,6,15.279000000000003
1941-07-01,1941,7,19.228
1941-07-01,1941,7,17.427999999999997
1941-08-01,1941,8,16.639
1941-08-01,1941,8,15.508
1941-09-01,1941,9,11.072
1941-09-01,1941,9,11.019000000000002
1941-10-01,1941,10,5.693
1941-10-01,1941,10,6.841
1941-11-01,1941,11,-1.9230000000000007
1941-11-01,1941,11,0.2659999999999998
1941-12-01,1941,12,-1.2079999999999993
1941-12-01,1941,12,-0.0889999999999998
1942-01-01,1942,1,-11.977
1942-01-01,1942,1,-10.693
1942-02-01,1942,2,-7.321999999999999
1942-02-01,1942,2,-6.353000000000001
1942-03-01,1942,3,-4.117
1942-03-01,1942,3,-1.383
1942-04-01,1942,4,6.128
1942-04-01,1942,4,5.743000000000001
1942-05-01,1942,5,12.549
1942-05-01,1942,5,12.098
1942-06-01,1942,6,15.266
1942-06-01,1942,6,13.911
1942-07-01,1942,7,17.357999999999997
1942-07-01,1942,7,15.996
1942-08-01,1942,8,19.663
1942-08-01,1942,8,17.924999999999997
1942-09-01,1942,9,16.018
1942-09-01,1942,9,16.176000000000002
1942-10-01,1942,10,9.322
1942-10-01,1942,10,10.191
1942-11-01,1942,11,1.1330000000000002
1942-11-01,1942,11,2.381000000000001
1942-12-01,1942,12,0.3430000000000019
1942-12-01,1942,12,0.6700000000000017
1943-01-01,1943,1,-6.553000000000001
1943-01-01,1943,1,-3.734
1943-02-01,1943,2,1.2929999999999984
1943-02-01,1943,2,1.7599999999999996
1943-03-01,1943,3,3.668999999999999
1943-03-01,1943,3,4.585
1943-04-01,1943,4,8.988000000000003
1943-04-01,1943,4,8.360000000000001
1943-05-01,1943,5,12.032000000000002
1943-05-01,1943,5,11.380999999999998
1943-06-01,1943,6,15.970999999999997
1943-06-01,1943,6,14.153
1943-07-01,1943,7,17.566
1943-07-01,1943,7,17.041
1943-08-01,1943,8,19.191000000000003
1943-08-01,1943,8,18.634
1943-09-01,1943,9,14.363
1943-09-01,1943,9,14.219
1943-10-01,1943,10,8.987000000000002
1943-10-01,1943,10,9.658
1943-11-01,1943,11,2.141
1943-11-01,1943,11,2.5379999999999985
1943-12-01,1943,12,-1.6360000000000003
1943-12-01,1943,12,-2.147
1944-01-01,1944,1,0.1640000000000007
1944-01-01,1944,1,1.632000000000002
1944-02-01,1944,2,-1.974
1944-02-01,1944,2,-2.096
1944-03-01,1944,3,0.1829999999999998
1944-03-01,1944,3,-0.4149999999999999
1944-04-01,1944,4,6.611
1944-04-01,1944,4,6.749999999999999
1944-05-01,1944,5,12.374000000000002
1944-05-01,1944,5,10.884
1944-06-01,1944,6,15.779
1944-06-01,1944,6,14.246
1944-07-01,1944,7,19.576000000000004
1944-07-01,1944,7,17.362000000000002
1944-08-01,1944,8,20.004
1944-08-01,1944,8,19.108999999999995
1944-09-01,1944,9,13.599
1944-09-01,1944,9,12.95
1944-10-01,1944,10,8.786999999999999
1944-10-01,1944,10,8.948
1944-11-01,1944,11,2.6779999999999995
1944-11-01,1944,11,3.482000000000001
1944-12-01,1944,12,-2.612
1944-12-01,1944,12,-2.271000000000001
1945-01-01,1945,1,-5.986999999999999
1945-01-01,1945,1,-5.582
1945-02-01,1945,2,-0.4429999999999998
1945-02-01,1945,2,1.6220000000000014
1945-03-01,1945,3,2.893
1945-03-01,1945,3,4.382
1945-04-01,1945,4,7.681999999999998
1945-04-01,1945,4,7.58
1945-05-01,1945,5,12.941
1945-05-01,1945,5,12.909
1945-06-01,1945,6,16.265
1945-06-01,1945,6,15.915
1945-07-01,1945,7,18.651
1945-07-01,1945,7,17.715
1945-08-01,1945,8,18.053000000000004
1945-08-01,1945,8,16.490000000000002
1945-09-01,1945,9,13.524
1945-09-01,1945,9,13.084
1945-10-01,1945,10,7.649000000000001
1945-10-01,1945,10,8.411000000000001
1945-11-01,1945,11,2.391999999999999
1945-11-01,1945,11,3.2310000000000016
1945-12-01,1945,12,-2.1479999999999992
1945-12-01,1945,12,-0.1480000000000004
1946-01-01,1946,1,-4.321999999999999
1946-01-01,1946,1,-4.109
1946-02-01,1946,2,-1.6659999999999997
1946-02-01,1946,2,0.603
1946-03-01,1946,3,1.941
1946-03-01,1946,3,2.9309999999999983
1946-04-01,1946,4,9.6
1946-04-01,1946,4,9.194
1946-05-01,1946,5,15.111000000000002
1946-05-01,1946,5,14.418
1946-06-01,1946,6,17.278000000000002
1946-06-01,1946,6,15.683
1946-07-01,1946,7,19.862
1946-07-01,1946,7,18.519
1946-08-01,1946,8,18.296
1946-08-01,1946,8,16.863
1946-09-01,1946,9,14.414
1946-09-01,1946,9,13.996
1946-10-01,1946,10,4.398999999999999
1946-10-01,1946,10,4.984000000000002
1946-11-01,1946,11,0.9670000000000004
1946-11-01,1946,11,2.4679999999999995
1946-12-01,1946,12,-4.569999999999999
1946-12-01,1946,12,-4.068
1947-01-01,1947,1,-8.585
1947-01-01,1947,1,-7.448000000000001
1947-02-01,1947,2,-10.749
1947-02-01,1947,2,-9.256
1947-03-01,1947,3,0.3609999999999995
1947-03-01,1947,3,1.5669999999999993
1947-04-01,1947,4,8.488
1947-04-01,1947,4,8.648000000000001
1947-05-01,1947,5,14.764
1947-05-01,1947,5,13.799
1947-06-01,1947,6,18.322000000000003
1947-06-01,1947,6,17.017999999999997
1947-07-01,1947,7,19.704
1947-07-01,1947,7,18.376
1947-08-01,1947,8,17.410999999999998
1947-08-01,1947,8,16.771
1947-09-01,1947,9,15.92
1947-09-01,1947,9,16.619999999999997
1947-10-01,1947,10,5.816000000000001
1947-10-01,1947,10,6.267
1947-11-01,1947,11,3.325
1947-11-01,1947,11,4.552000000000002
1947-12-01,1947,12,-0.2779999999999994
1947-12-01,1947,12,0.2409999999999988
1948-01-01,1948,1,-0.3690000000000005
1948-01-01,1948,1,1.162
1948-02-01,1948,2,-3.5629999999999997
1948-02-01,1948,2,-1.9539999999999995
1948-03-01,1948,3,2.442000000000001
1948-03-01,1948,3,3.579
1948-04-01,1948,4,10.240999999999998
1948-04-01,1948,4,9.613000000000005
1948-05-01,1948,5,14.823
1948-05-01,1948,5,13.375000000000002
1948-06-01,1948,6,16.480999999999998
1948-06-01,1948,6,15.091
1948-07-01,1948,7,17.719
1948-07-01,1948,7,16.063000000000002
1948-08-01,1948,8,17.936000000000003
1948-08-01,1948,8,16.662
1948-09-01,1948,9,14.554000000000002
1948-09-01,1948,9,14.405
1948-10-01,1948,10,7.889999999999999
1948-10-01,1948,10,8.289
1948-11-01,1948,11,2.3379999999999987
1948-11-01,1948,11,3.2790000000000004
1948-12-01,1948,12,-1.9350000000000005
1948-12-01,1948,12,-1.401999999999999
1949-01-01,1949,1,-1.1390000000000002
1949-01-01,1949,1,-0.5659999999999994
1949-02-01,1949,2,-0.647
1949-02-01,1949,2,0.2359999999999986
1949-03-01,1949,3,-0.2779999999999994
1949-03-01,1949,3,0.2409999999999988
1949-04-01,1949,4,9.189
1949-04-01,1949,4,9.017000000000005
1949-05-01,1949,5,15.201000000000002
1949-05-01,1949,5,12.98
1949-06-01,1949,6,15.311
1949-06-01,1949,6,13.481
1949-07-01,1949,7,18.269000000000005
1949-07-01,1949,7,16.868999999999996
1949-08-01,1949,8,16.947999999999997
1949-08-01,1949,8,16.444000000000003
1949-09-01,1949,9,15.164
1949-09-01,1949,9,15.043
1949-10-01,1949,10,8.859
1949-10-01,1949,10,9.627
1949-11-01,1949,11,4.124999999999998
1949-11-01,1949,11,3.855
1949-12-01,1949,12,1.4809999999999983
1949-12-01,1949,12,2.0780000000000007
1950-01-01,1950,1,-8.192
1950-01-01,1950,1,-4.609999999999999
1950-02-01,1950,2,0.0230000000000016
1950-02-01,1950,2,0.8990000000000009
1950-03-01,1950,3,2.9659999999999997
1950-03-01,1950,3,3.762
1950-04-01,1950,4,9.683
1950-04-01,1950,4,7.287
1950-05-01,1950,5,15.1
1950-05-01,1950,5,13.865
1950-06-01,1950,6,17.229
1950-06-01,1950,6,16.893
1950-07-01,1950,7,17.927000000000003
1950-07-01,1950,7,18.005000000000003
1950-08-01,1950,8,18.091
1950-08-01,1950,8,17.592
1950-09-01,1950,9,13.714000000000002
1950-09-01,1950,9,13.275000000000002
1950-10-01,1950,10,7.042999999999999
1950-10-01,1950,10,7.000000000000001
1950-11-01,1950,11,3.252
1950-11-01,1950,11,3.726999999999999
1950-12-01,1950,12,-0.5989999999999994
1950-12-01,1950,12,-1.600999999999999
1951-01-01,1951,1,-3.2780000000000005
1951-01-01,1951,1,-1.1949999999999998
1951-02-01,1951,2,-1.5729999999999993
1951-02-01,1951,2,0.708
1951-03-01,1951,3,0.4629999999999986
1951-03-01,1951,3,0.935
1951-04-01,1951,4,9.172
1951-04-01,1951,4,7.613999999999998
1951-05-01,1951,5,12.043
1951-05-01,1951,5,10.970000000000002
1951-06-01,1951,6,17.161999999999995
1951-06-01,1951,6,15.335
1951-07-01,1951,7,18.705
1951-07-01,1951,7,16.976000000000003
1951-08-01,1951,8,19.71400000000001
1951-08-01,1951,8,17.89
1951-09-01,1951,9,15.506
1951-09-01,1951,9,14.534
1951-10-01,1951,10,5.544
1951-10-01,1951,10,6.524000000000001
1951-11-01,1951,11,5.635000000000001
1951-11-01,1951,11,6.671000000000002
1951-12-01,1951,12,1.4279999999999995
1951-12-01,1951,12,1.6530000000000002
1952-01-01,1952,1,-1.1930000000000005
1952-01-01,1952,1,-1.073
1952-02-01,1952,2,-3.464999999999999
1952-02-01,1952,2,-2.4239999999999995
1952-03-01,1952,3,-4.216999999999999
1952-03-01,1952,3,-1.4540000000000002
1952-04-01,1952,4,9.883
1952-04-01,1952,4,8.978000000000002
1952-05-01,1952,5,11.738
1952-05-01,1952,5,10.791
1952-06-01,1952,6,15.754
1952-06-01,1952,6,14.869000000000003
1952-07-01,1952,7,18.902
1952-07-01,1952,7,17.933
1952-08-01,1952,8,19.303000000000004
1952-08-01,1952,8,18.529
1952-09-01,1952,9,12.664
1952-09-01,1952,9,10.797999999999998
1952-10-01,1952,10,7.452999999999999
1952-10-01,1952,10,7.085
1952-11-01,1952,11,0.8020000000000019
1952-11-01,1952,11,1.297000000000001
1952-12-01,1952,12,-2.401
1952-12-01,1952,12,-2.86
1953-01-01,1953,1,-3.501
1953-01-01,1953,1,-2.459000000000001
1953-02-01,1953,2,-3.2769999999999992
1953-02-01,1953,2,-2.495
1953-03-01,1953,3,2.081999999999999
1953-03-01,1953,3,2.0699999999999994
1953-04-01,1953,4,8.192
1953-04-01,1953,4,8.082
1953-05-01,1953,5,13.168
1953-05-01,1953,5,12.238
1953-06-01,1953,6,18.134
1953-06-01,1953,6,16.057000000000002
1953-07-01,1953,7,20.062
1953-07-01,1953,7,18.652
1953-08-01,1953,8,17.197
1953-08-01,1953,8,16.138999999999996
1953-09-01,1953,9,13.839000000000002
1953-09-01,1953,9,13.993
1953-10-01,1953,10,9.031
1953-10-01,1953,10,10.218000000000002
1953-11-01,1953,11,1.1789999999999996
1953-11-01,1953,11,3.1679999999999984
1953-12-01,1953,12,-0.9909999999999995
1953-12-01,1953,12,1.2619999999999996
1954-01-01,1954,1,-9.419
1954-01-01,1954,1,-7.995999999999999
1954-02-01,1954,2,-10.232
1954-02-01,1954,2,-8.08
1954-03-01,1954,3,3.381
1954-03-01,1954,3,4.127999999999999
1954-04-01,1954,4,5.350000000000001
1954-04-01,1954,4,4.2410000000000005
1954-05-01,1954,5,13.98
1954-05-01,1954,5,11.399
1954-06-01,1954,6,18.832
1954-06-01,1954,6,17.253
1954-07-01,1954,7,17.310999999999996
1954-07-01,1954,7,14.732000000000005
1954-08-01,1954,8,18.29
1954-08-01,1954,8,16.859
1954-09-01,1954,9,15.181000000000004
1954-09-01,1954,9,14.405
1954-10-01,1954,10,7.957999999999998
1954-10-01,1954,10,8.809999999999999
1954-11-01,1954,11,2.088000000000001
1954-11-01,1954,11,1.9259999999999995
1954-12-01,1954,12,1.6780000000000013
1954-12-01,1954,12,2.359000000000001
1955-01-01,1955,1,-3.325999999999999
1955-01-01,1955,1,-3.647
1955-02-01,1955,2,-3.721000000000001
1955-02-01,1955,2,-3.4940000000000007
1955-03-01,1955,3,-1.3289999999999995
1955-03-01,1955,3,0.0640000000000008
1955-04-01,1955,4,6.714
1955-04-01,1955,4,6.351999999999999
1955-05-01,1955,5,12.054000000000002
1955-05-01,1955,5,11.052
1955-06-01,1955,6,15.933999999999996
1955-06-01,1955,6,14.539
1955-07-01,1955,7,18.914
1955-07-01,1955,7,17.277
1955-08-01,1955,8,19.318
1955-08-01,1955,8,16.787
1955-09-01,1955,9,14.879
1955-09-01,1955,9,13.536
1955-10-01,1955,10,8.309000000000001
1955-10-01,1955,10,7.838999999999999
1955-11-01,1955,11,2.6810000000000005
1955-12-01,1955,12,-0.8350000000000001
1955-12-01,1955,12,0.411999999999999
1956-01-01,1956,1,-4.673
1956-01-01,1956,1,-3.012000000000001
1956-02-01,1956,2,-12.496000000000002
1956-02-01,1956,2,-11.98
1956-03-01,1956,3,-0.9579999999999996
1956-03-01,1956,3,0.896
1956-04-01,1956,4,7.276000000000001
1956-04-01,1956,4,5.262999999999999
1956-05-01,1956,5,13.693
1956-05-01,1956,5,12.668
1956-06-01,1956,6,18.109
1956-06-01,1956,6,14.856000000000002
1956-07-01,1956,7,17.21
1956-07-01,1956,7,16.763999999999996
1956-08-01,1956,8,15.803
1956-08-01,1956,8,14.871999999999998
1956-09-01,1956,9,12.916000000000002
1956-09-01,1956,9,14.045
1956-10-01,1956,10,7.9940000000000015
1956-10-01,1956,10,8.201
1956-11-01,1956,11,-1.7510000000000008
1956-11-01,1956,11,-0.5659999999999994
1956-12-01,1956,12,-1.5229999999999992
1956-12-01,1956,12,-0.0710000000000003
1957-01-01,1957,1,-2.782
1957-01-01,1957,1,-2.509000000000001
1957-02-01,1957,2,2.4409999999999994
1957-02-01,1957,2,2.307
1957-03-01,1957,3,2.630000000000001
1957-03-01,1957,3,3.797999999999999
1957-04-01,1957,4,8.873000000000001
1957-04-01,1957,4,7.541
1957-05-01,1957,5,11.683000000000002
1957-05-01,1957,5,10.213
1957-06-01,1957,6,17.849999999999998
1957-06-01,1957,6,17.035
1957-07-01,1957,7,19.818
1957-07-01,1957,7,18.984
1957-08-01,1957,8,16.762
1957-08-01,1957,8,15.125
1957-09-01,1957,9,12.752
1957-09-01,1957,9,12.075
1957-10-01,1957,10,8.629999999999999
1957-10-01,1957,10,8.489
1957-11-01,1957,11,3.770999999999999
1957-11-01,1957,11,3.697000000000001
1957-12-01,1957,12,-2.7870000000000004
1957-12-01,1957,12,-1.5229999999999992
1958-01-01,1958,1,-4.166999999999999
1958-01-01,1958,1,-2.979000000000001
1958-02-01,1958,2,-1.206
1958-02-01,1958,2,1.1900000000000015
1958-03-01,1958,3,-3.6870000000000007
1958-03-01,1958,3,-2.827
1958-04-01,1958,4,4.556999999999999
1958-04-01,1958,4,3.782000000000001
1958-05-01,1958,5,15.541999999999998
1958-05-01,1958,5,13.897
1958-06-01,1958,6,14.666
1958-06-01,1958,6,13.873
1958-07-01,1958,7,19.217
1958-07-01,1958,7,17.436999999999998
1958-08-01,1958,8,17.244999999999997
1958-08-01,1958,8,16.604
1958-09-01,1958,9,13.585
1958-09-01,1958,9,13.97
1958-10-01,1958,10,9.558
1958-10-01,1958,10,9.091
1958-11-01,1958,11,3.604000000000001
1958-11-01,1958,11,4.041
1958-12-01,1958,12,0.516999999999999
1958-12-01,1958,12,0.7870000000000014
1959-01-01,1959,1,-1.8439999999999992
1959-01-01,1959,1,-1.134
1959-02-01,1959,2,-1.8549999999999995
1959-02-01,1959,2,-1.943999999999999
1959-03-01,1959,3,5.377999999999999
1959-03-01,1959,3,5.626999999999999
1959-04-01,1959,4,8.509999999999998
1959-04-01,1959,4,8.036999999999999
1959-05-01,1959,5,12.851
1959-05-01,1959,5,11.787
1959-06-01,1959,6,16.895
1959-06-01,1959,6,15.342
1959-07-01,1959,7,21.816
1959-07-01,1959,7,19.541
1959-08-01,1959,8,18.37
1959-08-01,1959,8,16.292
1959-09-01,1959,9,11.733
1959-09-01,1959,9,11.431
1959-10-01,1959,10,7.041
1959-10-01,1959,10,7.564999999999998
1959-11-01,1959,11,1.593000000000002
1959-11-01,1959,11,3.353999999999999
1959-12-01,1959,12,-2.395
1959-12-01,1959,12,0.8729999999999983
1960-01-01,1960,1,-4.368
1960-01-01,1960,1,-3.2890000000000006
1960-02-01,1960,2,-4.537999999999999
1960-02-01,1960,2,-2.897
1960-03-01,1960,3,1.3619999999999994
1960-03-01,1960,3,2.9110000000000014
1960-04-01,1960,4,7.217
1960-04-01,1960,4,6.316
1960-05-01,1960,5,13.166
1960-05-01,1960,5,11.871000000000002
1960-06-01,1960,6,17.630000000000003
1960-06-01,1960,6,15.880000000000004
1960-07-01,1960,7,17.337000000000003
1960-07-01,1960,7,15.569
1960-08-01,1960,8,17.182
1960-08-01,1960,8,16.904
1960-09-01,1960,9,12.259000000000002
1960-09-01,1960,9,11.971
1960-10-01,1960,10,9.233
1960-10-01,1960,10,9.282
1960-11-01,1960,11,5.4060000000000015
1960-11-01,1960,11,5.537
1960-12-01,1960,12,2.725999999999998
1960-12-01,1960,12,2.0449999999999986
1961-01-01,1961,1,-4.724999999999999
1961-01-01,1961,1,-3.623
1961-02-01,1961,2,1.9059999999999988
1961-02-01,1961,2,2.406000000000002
1961-03-01,1961,3,5.731999999999999
1961-03-01,1961,3,5.427
1961-04-01,1961,4,9.775
1961-04-01,1961,4,10.106000000000002
1961-05-01,1961,5,12.496000000000002
1961-05-01,1961,5,10.747
1961-06-01,1961,6,18.5
1961-06-01,1961,6,16.497999999999998
1961-07-01,1961,7,17.45
1961-07-01,1961,7,15.679999999999998
1961-08-01,1961,8,17.266000000000002
1961-08-01,1961,8,16.105
1961-09-01,1961,9,14.39
1961-09-01,1961,9,15.135
1961-10-01,1961,10,10.44
1961-10-01,1961,10,10.266
1961-11-01,1961,11,3.104000000000001
1961-11-01,1961,11,3.352
1961-12-01,1961,12,-4.0920000000000005
1961-12-01,1961,12,-3.447999999999999
1962-01-01,1962,1,-2.1830000000000007
1962-01-01,1962,1,-0.8110000000000007
1962-02-01,1962,2,-3.685999999999999
1962-02-01,1962,2,-2.341999999999999
1962-03-01,1962,3,-2.212
1962-03-01,1962,3,-0.4819999999999997
1962-04-01,1962,4,11.178999999999998
1962-04-01,1962,4,9.505999999999998
1962-05-01,1962,5,10.64
1962-05-01,1962,5,9.748
1962-06-01,1962,6,15.505
1962-06-01,1962,6,14.288000000000002
1962-07-01,1962,7,16.828
1962-07-01,1962,7,15.564
1962-08-01,1962,8,17.418
1962-08-01,1962,8,16.772
1962-09-01,1962,9,13.208
1962-09-01,1962,9,12.665
1962-10-01,1962,10,7.891000000000001
1962-10-01,1962,10,8.222
1962-11-01,1962,11,4.393999999999999
1962-11-01,1962,11,4.039999999999999
1962-12-01,1962,12,-6.2170000000000005
1962-12-01,1962,12,-5.114000000000001
1963-01-01,1963,1,-12.865
1963-01-01,1963,1,-9.595
1963-02-01,1963,2,-9.602
1963-02-01,1963,2,-7.739999999999999
1963-03-01,1963,3,-2.97
1963-03-01,1963,3,-0.2750000000000006
1963-04-01,1963,4,7.991999999999998
1963-04-01,1963,4,7.866
1963-05-01,1963,5,15.796
1963-05-01,1963,5,12.44
1963-06-01,1963,6,17.322
1963-06-01,1963,6,16.279
1963-07-01,1963,7,20.821
1963-07-01,1963,7,18.515
1963-08-01,1963,8,19.904000000000003
1963-08-01,1963,8,17.512
1963-09-01,1963,9,15.303999999999998
1963-09-01,1963,9,14.24
1963-10-01,1963,10,8.0
1963-10-01,1963,10,8.131999999999998
1963-11-01,1963,11,5.697000000000002
1963-11-01,1963,11,6.946000000000001
1963-12-01,1963,12,-6.635000000000001
1963-12-01,1963,12,-4.883
1964-01-01,1964,1,-5.334
1964-01-01,1964,1,-4.574999999999999
1964-02-01,1964,2,-6.432
1964-02-01,1964,2,-2.620000000000001
1964-03-01,1964,3,-2.048999999999999
1964-04-01,1964,4,8.492999999999999
1964-04-01,1964,4,8.133000000000001
1964-05-01,1964,5,13.247
1964-05-01,1964,5,12.906
1964-06-01,1964,6,20.058
1964-06-01,1964,6,17.703
1964-07-01,1964,7,18.656
1964-07-01,1964,7,17.505000000000003
1964-08-01,1964,8,16.777
1964-08-01,1964,8,15.457999999999998
1964-09-01,1964,9,14.149
1964-09-01,1964,9,13.084
1964-10-01,1964,10,8.084999999999999
1964-10-01,1964,10,7.705
1964-11-01,1964,11,3.2790000000000004
1964-11-01,1964,11,4.027000000000002
1964-12-01,1964,12,-1.1139999999999992
1964-12-01,1964,12,-0.6479999999999997
1965-01-01,1965,1,-3.273000000000001
1965-01-01,1965,1,-0.3570000000000008
1965-02-01,1965,2,-7.66
1965-02-01,1965,2,-5.050000000000001
1965-03-01,1965,3,-1.2930000000000004
1965-03-01,1965,3,0.3409999999999987
1965-04-01,1965,4,5.858000000000001
1965-04-01,1965,4,6.021000000000001
1965-05-01,1965,5,10.076999999999998
1965-05-01,1965,5,10.223999999999998
1965-06-01,1965,6,17.049999999999997
1965-06-01,1965,6,15.918
1965-07-01,1965,7,17.144999999999996
1965-07-01,1965,7,15.935
1965-08-01,1965,8,16.419
1965-08-01,1965,8,15.416999999999998
1965-09-01,1965,9,14.856000000000002
1965-09-01,1965,9,13.608
1965-10-01,1965,10,7.271999999999998
1965-10-01,1965,10,7.293
1965-11-01,1965,11,-2.4430000000000005
1965-11-01,1965,11,0.0300000000000011
1965-12-01,1965,12,-1.886
1965-12-01,1965,12,0.943000000000001
1966-01-01,1966,1,-4.566000000000001
1966-01-01,1966,1,-4.833
1966-02-01,1966,2,-0.671999999999999
1966-02-01,1966,2,2.496999999999999
1966-03-01,1966,3,2.161999999999998
1966-03-01,1966,3,2.1130000000000018
1966-04-01,1966,4,8.831000000000001
1966-04-01,1966,4,8.383
1966-05-01,1966,5,14.273999999999996
1966-05-01,1966,5,12.643999999999998
1966-06-01,1966,6,16.707
1966-06-01,1966,6,15.883
1966-07-01,1966,7,18.891
1966-07-01,1966,7,16.352
1966-08-01,1966,8,17.059
1966-08-01,1966,8,16.450000000000003
1966-09-01,1966,9,12.314
1966-09-01,1966,9,12.839
1966-10-01,1966,10,10.643
1966-10-01,1966,10,11.135
1966-11-01,1966,11,3.240999999999998
1966-11-01,1966,11,3.2960000000000003
1966-12-01,1966,12,-0.6630000000000003
1966-12-01,1966,12,0.5219999999999992
1967-01-01,1967,1,-6.124
1967-01-01,1967,1,-2.3359999999999994
1967-02-01,1967,2,-1.0799999999999994
1967-02-01,1967,2,0.9160000000000008
1967-03-01,1967,3,5.640999999999998
1967-03-01,1967,3,5.291999999999998
1967-04-01,1967,4,8.282000000000002
1967-04-01,1967,4,6.8580000000000005
1967-05-01,1967,5,14.698
1967-05-01,1967,5,12.543
1967-06-01,1967,6,17.06
1967-06-01,1967,6,15.466
1967-07-01,1967,7,19.258
1967-07-01,1967,7,18.318
1967-08-01,1967,8,17.842
1967-08-01,1967,8,16.906
1967-09-01,1967,9,16.6
1967-09-01,1967,9,14.825
1967-10-01,1967,10,10.674
1967-10-01,1967,10,10.923
1967-11-01,1967,11,3.258000000000002
1967-11-01,1967,11,3.5770000000000004
1967-12-01,1967,12,-3.0860000000000003
1967-12-01,1967,12,-1.3640000000000008
1968-01-01,1968,1,-6.122
1968-01-01,1968,1,-3.53
1968-02-01,1968,2,-2.2780000000000005
1968-03-01,1968,3,3.8199999999999994
1968-03-01,1968,3,4.293000000000002
1968-04-01,1968,4,10.254
1968-04-01,1968,4,9.014
1968-05-01,1968,5,13.153
1968-05-01,1968,5,11.67
1968-06-01,1968,6,19.209
1968-06-01,1968,6,16.975
1968-07-01,1968,7,17.937000000000005
1968-07-01,1968,7,16.56
1968-08-01,1968,8,17.659000000000002
1968-08-01,1968,8,15.705
1968-09-01,1968,9,14.019999999999998
1968-09-01,1968,9,12.954
1968-10-01,1968,10,7.572000000000003
1968-10-01,1968,10,8.645000000000001
1968-11-01,1968,11,4.15
1968-11-01,1968,11,4.490999999999998
1968-12-01,1968,12,-5.115
1968-12-01,1968,12,-3.711
1969-01-01,1969,1,-7.111000000000001
1969-01-01,1969,1,-3.0929999999999995
1969-02-01,1969,2,-6.314000000000001
1969-02-01,1969,2,-3.064
1969-03-01,1969,3,-3.004
1969-03-01,1969,3,-1.2310000000000008
1969-04-01,1969,4,7.9060000000000015
1969-04-01,1969,4,6.99
1969-05-01,1969,5,15.369
1969-05-01,1969,5,14.26
1969-06-01,1969,6,16.934
1969-06-01,1969,6,15.127
1969-07-01,1969,7,18.923
1969-07-01,1969,7,17.876
1969-08-01,1969,8,17.709999999999997
1969-08-01,1969,8,16.119999999999997
1969-09-01,1969,9,13.488
1969-09-01,1969,9,13.139
1969-10-01,1969,10,8.765
1969-10-01,1969,10,9.293
1969-11-01,1969,11,4.149000000000002
1969-11-01,1969,11,4.348
1969-12-01,1969,12,-9.981000000000002
1969-12-01,1969,12,-7.146999999999999
1970-01-01,1970,1,-7.562999999999999
1970-01-01,1970,1,-4.337999999999999
1970-02-01,1970,2,-7.843
1970-02-01,1970,2,-4.114000000000001
1970-03-01,1970,3,-0.1339999999999995
1970-03-01,1970,3,-0.1229999999999995
1970-04-01,1970,4,7.481000000000001
1970-04-01,1970,4,5.899000000000001
1970-05-01,1970,5,12.728000000000002
1970-05-01,1970,5,10.894
1970-06-01,1970,6,17.225
1970-06-01,1970,6,16.317
1970-07-01,1970,7,18.214
1970-07-01,1970,7,16.706
1970-08-01,1970,8,17.094
1970-08-01,1970,8,16.147
1970-09-01,1970,9,12.499
1970-09-01,1970,9,12.207
1970-10-01,1970,10,7.532000000000001
1970-10-01,1970,10,8.187000000000003
1970-11-01,1970,11,4.1560000000000015
1970-11-01,1970,11,5.201999999999999
1970-12-01,1970,12,-0.5699999999999998
1970-12-01,1970,12,-0.7020000000000002
1971-01-01,1971,1,-4.612
1971-01-01,1971,1,-3.931000000000001
1971-02-01,1971,2,-1.1760000000000008
1971-02-01,1971,2,0.1089999999999986
1971-03-01,1971,3,-0.719
1971-03-01,1971,3,-0.7269999999999991
1971-04-01,1971,4,7.735000000000001
1971-04-01,1971,4,7.615999999999998
1971-05-01,1971,5,14.881
1971-05-01,1971,5,13.546
1971-06-01,1971,6,16.336
1971-06-01,1971,6,14.441
1971-07-01,1971,7,18.864
1971-07-01,1971,7,17.255
1971-08-01,1971,8,19.101
1971-08-01,1971,8,18.105
1971-09-01,1971,9,11.421
1971-09-01,1971,9,11.447
1971-10-01,1971,10,7.8039999999999985
1971-10-01,1971,10,8.094999999999999
1971-11-01,1971,11,2.058
1971-11-01,1971,11,2.4570000000000016
1971-12-01,1971,12,2.640999999999999
1971-12-01,1971,12,2.683
1972-01-01,1972,1,-8.815000000000001
1972-01-01,1972,1,-4.601000000000001
1972-02-01,1972,2,-1.1110000000000002
1972-02-01,1972,2,1.4290000000000012
1972-03-01,1972,3,3.104999999999999
1972-04-01,1972,4,7.819999999999999
1972-04-01,1972,4,6.365
1972-05-01,1972,5,14.181
1972-05-01,1972,5,12.012
1972-06-01,1972,6,17.861
1972-06-01,1972,6,15.455000000000004
1972-07-01,1972,7,20.701
1972-07-01,1972,7,17.83
1972-08-01,1972,8,17.669999999999998
1972-08-01,1972,8,16.246
1972-09-01,1972,9,12.596
1972-09-01,1972,9,11.079
1972-10-01,1972,10,5.896
1972-10-01,1972,10,5.860999999999999
1972-11-01,1972,11,3.7310000000000008
1972-11-01,1972,11,4.332000000000002
1972-12-01,1972,12,-0.6740000000000003
1972-12-01,1972,12,-0.2130000000000009
1973-01-01,1973,1,-2.986
1973-01-01,1973,1,-1.0029999999999992
1973-02-01,1973,2,0.8410000000000019
1973-02-01,1973,2,0.4740000000000006
1973-03-01,1973,3,4.715999999999998
1973-03-01,1973,3,3.8099999999999983
1973-04-01,1973,4,7.41
1973-04-01,1973,4,5.174999999999999
1973-05-01,1973,5,13.139
1973-05-01,1973,5,12.211
1973-06-01,1973,6,17.064999999999998
1973-06-01,1973,6,15.422
1973-07-01,1973,7,18.474000000000004
1973-07-01,1973,7,16.662
1973-08-01,1973,8,17.545
1973-08-01,1973,8,16.987
1973-09-01,1973,9,13.316999999999998
1973-09-01,1973,9,14.074
1973-10-01,1973,10,6.817999999999999
1973-10-01,1973,10,6.776999999999999
1973-11-01,1973,11,0.6579999999999981
1973-11-01,1973,11,1.632000000000002
1973-12-01,1973,12,-2.7399999999999998
1973-12-01,1973,12,-1.2920000000000007
1974-01-01,1974,1,-1.787
1974-01-01,1974,1,1.4249999999999987
1974-02-01,1974,2,2.766
1974-02-01,1974,2,2.942
1974-03-01,1974,3,5.787999999999999
1974-03-01,1974,3,5.904000000000001
1974-04-01,1974,4,7.424
1974-04-01,1974,4,6.920000000000002
1974-05-01,1974,5,11.832
1974-05-01,1974,5,10.631000000000002
1974-06-01,1974,6,15.107
1974-06-01,1974,6,13.515
1974-07-01,1974,7,16.624000000000002
1974-07-01,1974,7,15.244
1974-08-01,1974,8,18.815999999999995
1974-08-01,1974,8,18.037
1974-09-01,1974,9,13.763000000000002
1974-09-01,1974,9,13.094
1974-10-01,1974,10,6.397999999999999
1974-10-01,1974,10,5.045999999999999
1974-11-01,1974,11,3.843
1974-11-01,1974,11,3.863999999999999
1974-12-01,1974,12,1.990999999999998
1974-12-01,1974,12,2.8359999999999985
1975-01-01,1975,1,2.208000000000001
1975-01-01,1975,1,2.7119999999999997
1975-02-01,1975,2,-1.1150000000000009
1975-02-01,1975,2,-0.6529999999999999
1975-03-01,1975,3,5.337
1975-03-01,1975,3,3.8809999999999993
1975-04-01,1975,4,7.848999999999999
1975-04-01,1975,4,6.794
1975-05-01,1975,5,15.175
1975-05-01,1975,5,12.796
1975-06-01,1975,6,16.594
1975-06-01,1975,6,14.665
1975-07-01,1975,7,19.491
1975-07-01,1975,7,17.666
1975-08-01,1975,8,18.244000000000003
1975-08-01,1975,8,17.505000000000003
1975-09-01,1975,9,16.033
1975-09-01,1975,9,16.433
1975-10-01,1975,10,8.450999999999999
1975-10-01,1975,10,7.843000000000002
1975-11-01,1975,11,0.3929999999999999
1975-11-01,1975,11,1.6329999999999996
1975-12-01,1975,12,-0.9359999999999996
1975-12-01,1975,12,-0.1619999999999994
1976-01-01,1976,1,-3.85
1976-01-01,1976,1,-1.4509999999999994
1976-02-01,1976,2,-3.971000000000001
1976-02-01,1976,2,-0.7570000000000002
1976-03-01,1976,3,-0.4379999999999996
1976-03-01,1976,3,-0.1559999999999995
1976-04-01,1976,4,7.864999999999998
1976-04-01,1976,4,6.758
1976-05-01,1976,5,12.023
1976-05-01,1976,5,12.18
1976-06-01,1976,6,15.764
1976-06-01,1976,6,15.649
1976-07-01,1976,7,18.448
1976-07-01,1976,7,18.134
1976-08-01,1976,8,15.842
1976-08-01,1976,8,14.720999999999997
1976-09-01,1976,9,13.236000000000002
1976-09-01,1976,9,12.279000000000003
1976-10-01,1976,10,7.358
1976-10-01,1976,10,9.477
1976-11-01,1976,11,4.090000000000001
1976-11-01,1976,11,4.837000000000001
1976-12-01,1976,12,-2.098999999999999
1976-12-01,1976,12,-2.048
1977-01-01,1977,1,-2.822999999999999
1977-01-01,1977,1,-0.8649999999999992
1977-02-01,1977,2,0.0050000000000001
1977-02-01,1977,2,0.7369999999999995
1977-03-01,1977,3,5.330999999999999
1977-03-01,1977,3,5.782000000000001
1977-04-01,1977,4,7.667000000000002
1977-04-01,1977,4,5.469
1977-05-01,1977,5,13.667
1977-05-01,1977,5,11.943
1977-06-01,1977,6,16.776
1977-06-01,1977,6,15.812
1977-07-01,1977,7,16.834
1977-07-01,1977,7,15.875999999999998
1977-08-01,1977,8,16.407
1977-08-01,1977,8,15.787999999999998
1977-09-01,1977,9,11.546
1977-09-01,1977,9,11.28
1977-10-01,1977,10,9.025
1977-10-01,1977,10,9.621
1977-11-01,1977,11,5.250000000000002
1977-11-01,1977,11,4.881999999999999
1977-12-01,1977,12,-1.3650000000000004
1977-12-01,1977,12,-0.2899999999999991
1978-01-01,1978,1,-2.546
1978-01-01,1978,1,-0.5460000000000006
1978-02-01,1978,2,-5.131
1978-02-01,1978,2,-1.7290000000000008
1978-03-01,1978,3,4.385999999999998
1978-03-01,1978,3,4.392
1978-04-01,1978,4,6.402999999999999
1978-04-01,1978,4,5.687999999999999
1978-05-01,1978,5,11.924
1978-05-01,1978,5,10.872000000000002
1978-06-01,1978,6,15.544
1978-06-01,1978,6,14.332999999999998
1978-07-01,1978,7,16.596999999999998
1978-07-01,1978,7,15.145
1978-08-01,1978,8,16.601
1978-08-01,1978,8,15.124
1978-09-01,1978,9,11.148999999999996
1978-09-01,1978,9,11.694
1978-10-01,1978,10,8.527
1978-10-01,1978,10,9.07
1978-11-01,1978,11,4.8690000000000015
1978-11-01,1978,11,3.352
1978-12-01,1978,12,-5.795
1978-12-01,1978,12,-1.2210000000000003
1979-01-01,1979,1,-7.979000000000001
1979-01-01,1979,1,-5.827000000000002
1979-02-01,1979,2,-6.349
1979-02-01,1979,2,-2.749
1979-03-01,1979,3,1.6050000000000015
1979-03-01,1979,3,3.294000000000001
1979-04-01,1979,4,6.6530000000000005
1979-04-01,1979,4,5.882999999999999
1979-05-01,1979,5,15.032999999999996
1979-05-01,1979,5,13.169
1979-06-01,1979,6,19.373
1979-06-01,1979,6,17.927000000000003
1979-07-01,1979,7,15.344
1979-07-01,1979,7,14.27
1979-08-01,1979,8,17.368000000000002
1979-08-01,1979,8,16.075000000000003
1979-09-01,1979,9,13.915
1979-09-01,1979,9,13.168
1979-10-01,1979,10,6.727000000000001
1979-10-01,1979,10,7.278000000000001
1979-11-01,1979,11,1.5610000000000015
1979-11-01,1979,11,3.2929999999999997
1979-12-01,1979,12,0.2160000000000018
1979-12-01,1979,12,2.9650000000000016
1980-01-01,1980,1,-6.389999999999999
1980-01-01,1980,1,-5.029
1980-02-01,1980,2,-1.6750000000000005
1980-02-01,1980,2,0.8079999999999998
1980-03-01,1980,3,-0.7900000000000004
1980-03-01,1980,3,1.6340000000000012
1980-04-01,1980,4,6.577
1980-04-01,1980,4,5.050000000000002
1980-05-01,1980,5,10.250000000000002
1980-05-01,1980,5,9.378999999999998
1980-06-01,1980,6,16.345
1980-06-01,1980,6,14.69
1980-07-01,1980,7,16.906
1980-07-01,1980,7,14.841
1980-08-01,1980,8,16.374
1980-08-01,1980,8,16.019000000000002
1980-09-01,1980,9,13.081
1980-09-01,1980,9,12.7
1980-10-01,1980,10,8.371
1980-10-01,1980,10,7.925000000000001
1980-11-01,1980,11,1.5120000000000011
1980-11-01,1980,11,2.102
1980-12-01,1980,12,-2.196
1980-12-01,1980,12,-0.94
1981-01-01,1981,1,-4.1370000000000005
1981-01-01,1981,1,-3.5280000000000005
1981-02-01,1981,2,-1.2559999999999998
1981-02-01,1981,2,-0.8309999999999995
1981-03-01,1981,3,4.295000000000001
1981-03-01,1981,3,5.843999999999999
1981-04-01,1981,4,6.011999999999998
1981-04-01,1981,4,6.248000000000001
1981-05-01,1981,5,13.787
1981-05-01,1981,5,12.817
1981-06-01,1981,6,17.907
1981-06-01,1981,6,16.448999999999998
1981-07-01,1981,7,18.467
1981-07-01,1981,7,16.427000000000003
1981-08-01,1981,8,17.115000000000002
1981-08-01,1981,8,16.429000000000002
1981-09-01,1981,9,13.765
1981-09-01,1981,9,13.791
1981-10-01,1981,10,9.017000000000005
1981-10-01,1981,10,8.577000000000002
1981-11-01,1981,11,3.253000000000002
1981-11-01,1981,11,3.53
1981-12-01,1981,12,-4.996
1981-12-01,1981,12,-3.196
1982-01-01,1982,1,-4.209
1982-01-01,1982,1,-3.9779999999999993
1982-02-01,1982,2,-3.098
1982-02-01,1982,2,-1.340999999999999
1982-03-01,1982,3,4.532999999999999
1982-03-01,1982,3,4.359999999999999
1982-04-01,1982,4,6.172000000000001
1982-04-01,1982,4,5.194000000000002
1982-05-01,1982,5,13.973999999999998
1982-05-01,1982,5,12.414
1982-06-01,1982,6,15.823
1982-06-01,1982,6,16.159
1982-07-01,1982,7,18.87400000000001
1982-07-01,1982,7,18.032
1982-08-01,1982,8,18.872
1982-08-01,1982,8,17.571
1982-09-01,1982,9,15.153
1982-09-01,1982,9,15.758
1982-10-01,1982,10,8.297999999999998
1982-10-01,1982,10,9.478000000000002
1982-11-01,1982,11,3.868000000000001
1982-11-01,1982,11,4.876000000000001
1982-12-01,1982,12,1.1219999999999983
1982-12-01,1982,12,1.1600000000000006
1983-01-01,1983,1,3.103
1983-01-01,1983,1,2.949
1983-02-01,1983,2,-3.7310000000000008
1983-02-01,1983,2,-3.225
1983-03-01,1983,3,3.85
1983-03-01,1983,3,3.7340000000000018
1983-04-01,1983,4,9.89
1983-04-01,1983,4,8.922000000000002
1983-05-01,1983,5,16.241
1983-05-01,1983,5,13.31
1983-06-01,1983,6,16.614
1983-06-01,1983,6,15.775999999999998
1983-07-01,1983,7,19.165000000000003
1983-07-01,1983,7,19.723
1983-08-01,1983,8,18.102
1983-08-01,1983,8,17.814999999999998
1983-09-01,1983,9,14.978
1983-09-01,1983,9,13.915
1983-10-01,1983,10,8.82
1983-10-01,1983,10,8.736999999999998
1983-11-01,1983,11,1.4780000000000015
1983-11-01,1983,11,2.3300000000000014
1983-12-01,1983,12,-1.6910000000000005
1983-12-01,1983,12,-1.0060000000000002
1984-01-01,1984,1,-0.2590000000000003
1984-01-01,1984,1,-0.2760000000000002
1984-02-01,1984,2,-2.5660000000000003
1984-02-01,1984,2,-1.4920000000000004
1984-03-01,1984,3,1.3210000000000004
1984-03-01,1984,3,1.531999999999998
1984-04-01,1984,4,8.628
1984-04-01,1984,4,6.648
1984-05-01,1984,5,13.68
1984-05-01,1984,5,11.631
1984-06-01,1984,6,14.622999999999998
1984-06-01,1984,6,13.753999999999998
1984-07-01,1984,7,16.827
1984-07-01,1984,7,15.347999999999995
1984-08-01,1984,8,17.669999999999998
1984-08-01,1984,8,16.838
1984-09-01,1984,9,14.112000000000002
1984-09-01,1984,9,12.640999999999998
1984-10-01,1984,10,10.494000000000002
1984-10-01,1984,10,9.873
1984-11-01,1984,11,2.2989999999999986
1984-11-01,1984,11,4.3020000000000005
1984-12-01,1984,12,-1.775
1984-12-01,1984,12,-0.6620000000000006
1985-01-01,1985,1,-9.526
1985-01-01,1985,1,-8.045
1985-02-01,1985,2,-10.124
1985-02-01,1985,2,-6.067
1985-03-01,1985,3,1.683999999999999
1985-03-01,1985,3,2.601999999999999
1985-04-01,1985,4,8.219999999999999
1985-04-01,1985,4,7.315999999999999
1985-05-01,1985,5,14.8
1985-05-01,1985,5,13.655
1985-06-01,1985,6,15.457
1985-06-01,1985,6,13.352
1985-07-01,1985,7,17.654
1985-07-01,1985,7,17.129
1985-08-01,1985,8,18.921
1985-08-01,1985,8,17.051000000000002
1985-09-01,1985,9,12.303
1985-09-01,1985,9,12.707
1985-10-01,1985,10,8.918
1985-10-01,1985,10,8.479000000000001
1985-11-01,1985,11,0.8149999999999993
1985-11-01,1985,11,0.2829999999999997
1985-12-01,1985,12,0.7010000000000005
1985-12-01,1985,12,2.3830000000000005
1986-01-01,1986,1,-2.420000000000001
1986-01-01,1986,1,-1.6599999999999997
1986-02-01,1986,2,-10.486
1986-02-01,1986,2,-7.932999999999999
1986-03-01,1986,3,0.7960000000000002
1986-03-01,1986,3,2.098999999999999
1986-04-01,1986,4,8.929000000000002
1986-04-01,1986,4,7.808000000000001
1986-05-01,1986,5,14.825
1986-05-01,1986,5,14.426
1986-06-01,1986,6,17.132
1986-06-01,1986,6,15.341
1986-07-01,1986,7,18.428
1986-07-01,1986,7,16.627000000000002
1986-08-01,1986,8,17.721999999999998
1986-08-01,1986,8,16.633
1986-09-01,1986,9,10.855
1986-09-01,1986,9,11.282999999999998
1986-10-01,1986,10,8.287
1986-10-01,1986,10,8.931999999999997
1986-11-01,1986,11,4.424
1986-11-01,1986,11,4.715000000000001
1986-12-01,1986,12,-0.8369999999999993
1986-12-01,1986,12,-0.1470000000000008
1987-01-01,1987,1,-13.356000000000002
1987-01-01,1987,1,-8.899999999999999
1987-02-01,1987,2,-2.203999999999999
1987-02-01,1987,2,-1.6080000000000003
1987-03-01,1987,3,-3.308
1987-03-01,1987,3,-2.086
1987-04-01,1987,4,7.669000000000001
1987-04-01,1987,4,7.682999999999999
1987-05-01,1987,5,12.449
1987-05-01,1987,5,10.566
1987-06-01,1987,6,16.111
1987-06-01,1987,6,14.998
1987-07-01,1987,7,18.328
1987-07-01,1987,7,17.366
1987-08-01,1987,8,15.969
1987-08-01,1987,8,14.916999999999998
1987-09-01,1987,9,12.726
1987-09-01,1987,9,14.433
1987-10-01,1987,10,8.211999999999998
1987-10-01,1987,10,8.905000000000001
1987-11-01,1987,11,3.355000000000001
1987-11-01,1987,11,4.382
1987-12-01,1987,12,-0.0609999999999999
1987-12-01,1987,12,0.5339999999999989
1988-01-01,1988,1,0.6899999999999985
1988-01-01,1988,1,2.325000000000001
1988-02-01,1988,2,-0.1949999999999995
1988-02-01,1988,2,1.4140000000000006
1988-03-01,1988,3,0.7339999999999987
1988-03-01,1988,3,1.162
1988-04-01,1988,4,7.208000000000002
1988-04-01,1988,4,7.148
1988-05-01,1988,5,14.944
1988-05-01,1988,5,13.564
1988-06-01,1988,6,16.907999999999998
1988-06-01,1988,6,15.321000000000002
1988-07-01,1988,7,19.735
1988-07-01,1988,7,18.141
1988-08-01,1988,8,17.861
1988-08-01,1988,8,17.067999999999998
1988-09-01,1988,9,13.816
1988-10-01,1988,10,6.876000000000001
1988-10-01,1988,10,8.57
1988-11-01,1988,11,-1.0569999999999995
1988-11-01,1988,11,0.1110000000000018
1988-12-01,1988,12,-0.8830000000000007
1988-12-01,1988,12,1.0419999999999991
1989-01-01,1989,1,1.902
1989-01-01,1989,1,1.0269999999999986
1989-02-01,1989,2,4.26
1989-02-01,1989,2,3.218999999999998
1989-03-01,1989,3,5.804999999999999
1989-03-01,1989,3,5.836000000000002
1989-04-01,1989,4,9.044000000000002
1989-04-01,1989,4,7.760999999999999
1989-05-01,1989,5,13.821000000000002
1989-05-01,1989,5,12.595
1989-06-01,1989,6,15.743000000000002
1989-06-01,1989,6,14.537999999999998
1989-07-01,1989,7,18.886
1989-07-01,1989,7,17.374000000000002
1989-08-01,1989,8,18.516
1989-08-01,1989,8,17.365
1989-09-01,1989,9,14.484
1989-09-01,1989,9,14.336
1989-10-01,1989,10,10.250999999999998
1989-10-01,1989,10,10.07
1989-11-01,1989,11,0.3749999999999984
1989-11-01,1989,11,1.6379999999999997
1989-12-01,1989,12,0.0699999999999987
1989-12-01,1989,12,0.9759999999999992
1990-01-01,1990,1,1.5839999999999992
1990-01-01,1990,1,1.145
1990-02-01,1990,2,4.849999999999998
1990-02-01,1990,2,4.642000000000001
1990-03-01,1990,3,6.453999999999998
1990-03-01,1990,3,6.538
1990-04-01,1990,4,8.387999999999998
1990-04-01,1990,4,6.675000000000001
1990-05-01,1990,5,13.658
1990-05-01,1990,5,13.223
1990-06-01,1990,6,16.971
1990-06-01,1990,6,15.418
1990-07-01,1990,7,17.111
1990-08-01,1990,8,17.753
1990-08-01,1990,8,17.878000000000004
1990-09-01,1990,9,11.318
1990-09-01,1990,9,11.177999999999995
1990-10-01,1990,10,8.928
1990-10-01,1990,10,9.490999999999998
1990-11-01,1990,11,4.259000000000002
1990-11-01,1990,11,4.297000000000001
1990-12-01,1990,12,-0.8409999999999999
1990-12-01,1990,12,-0.5699999999999998
1991-01-01,1991,1,-0.5479999999999998
1991-01-01,1991,1,0.1930000000000002
1991-02-01,1991,2,-4.352
1991-02-01,1991,2,-4.122
1991-03-01,1991,3,3.904
1991-03-01,1991,3,5.21
1991-04-01,1991,4,7.467000000000002
1991-04-01,1991,4,6.470999999999998
1991-05-01,1991,5,10.79
1991-05-01,1991,5,8.709999999999999
1991-06-01,1991,6,15.718999999999998
1991-06-01,1991,6,14.133
1991-07-01,1991,7,19.054
1991-07-01,1991,7,18.45
1991-08-01,1991,8,18.373
1991-08-01,1991,8,17.248
1991-09-01,1991,9,14.552
1991-09-01,1991,9,14.351
1991-10-01,1991,10,7.782999999999999
1991-10-01,1991,10,7.525999999999998
1991-11-01,1991,11,3.862
1991-11-01,1991,11,3.2920000000000016
1991-12-01,1991,12,-1.8599999999999997
1992-01-01,1992,1,-1.5300000000000007
1992-01-01,1992,1,0.0159999999999982
1992-02-01,1992,2,0.7180000000000004
1992-02-01,1992,2,1.7630000000000006
1992-03-01,1992,3,3.545
1992-03-01,1992,3,3.5280000000000005
1992-04-01,1992,4,7.220000000000002
1992-04-01,1992,4,7.227999999999999
1992-05-01,1992,5,13.602
1992-05-01,1992,5,13.171
1992-06-01,1992,6,18.217
1992-06-01,1992,6,17.498
1992-07-01,1992,7,19.949
1992-07-01,1992,7,19.081
1992-08-01,1992,8,21.351
1992-08-01,1992,8,20.991
1992-09-01,1992,9,12.857999999999995
1992-09-01,1992,9,13.515
1992-10-01,1992,10,5.689999999999999
1992-10-01,1992,10,6.336000000000001
1992-11-01,1992,11,3.3280000000000007
1992-11-01,1992,11,3.887000000000001
1992-12-01,1992,12,-1.1480000000000008
1992-12-01,1992,12,-0.8199999999999995
1993-01-01,1993,1,-0.5209999999999996
1993-01-01,1993,1,0.2860000000000006
1993-02-01,1993,2,-1.5300000000000007
1993-02-01,1993,2,-1.654
1993-03-01,1993,3,0.7389999999999988
1993-03-01,1993,3,1.5549999999999995
1993-04-01,1993,4,8.703
1993-04-01,1993,4,8.685000000000002
1993-05-01,1993,5,16.5
1993-05-01,1993,5,15.149
1993-06-01,1993,6,15.675000000000002
1993-06-01,1993,6,15.213
1993-07-01,1993,7,16.954
1993-07-01,1993,7,15.955999999999998
1993-08-01,1993,8,16.739
1993-09-01,1993,9,12.207
1993-09-01,1993,9,12.464000000000002
1993-10-01,1993,10,7.960000000000002
1993-10-01,1993,10,8.245000000000001
1993-11-01,1993,11,-2.744
1993-11-01,1993,11,-0.0150000000000005
1993-12-01,1993,12,1.399
1993-12-01,1993,12,1.781000000000002
1994-01-01,1994,1,1.546000000000001
1994-01-01,1994,1,2.105000000000001
1994-02-01,1994,2,-3.053
1994-02-01,1994,2,-1.427
1994-03-01,1994,3,3.6460000000000017
1994-03-01,1994,3,5.030000000000001
1994-04-01,1994,4,9.113
1994-04-01,1994,4,7.593999999999998
1994-05-01,1994,5,12.698999999999998
1994-05-01,1994,5,12.08
1994-06-01,1994,6,16.118000000000002
1994-06-01,1994,6,15.752
1994-07-01,1994,7,21.632
1994-07-01,1994,7,21.006
1994-08-01,1994,8,18.696
1994-08-01,1994,8,18.076
1994-09-01,1994,9,15.076999999999998
1994-09-01,1994,9,14.143
1994-10-01,1994,10,6.575999999999998
1994-10-01,1994,10,6.715000000000002
1994-11-01,1994,11,3.238999999999999
1994-11-01,1994,11,5.103999999999998
1994-12-01,1994,12,0.079999999999999
1994-12-01,1994,12,1.5399999999999991
1995-01-01,1995,1,-2.252
1995-01-01,1995,1,-1.4520000000000008
1995-02-01,1995,2,2.8629999999999987
1995-02-01,1995,2,3.3759999999999994
1995-03-01,1995,3,2.8690000000000007
1995-04-01,1995,4,7.925000000000001
1995-04-01,1995,4,7.493999999999998
1995-05-01,1995,5,12.874000000000002
1995-05-01,1995,5,11.927
1995-06-01,1995,6,17.52
1995-06-01,1995,6,14.863
1995-07-01,1995,7,20.251
1995-07-01,1995,7,19.97
1995-08-01,1995,8,18.574
1995-08-01,1995,8,17.652
1995-09-01,1995,9,13.498
1995-09-01,1995,9,12.562000000000005
1995-10-01,1995,10,9.963
1995-10-01,1995,10,10.851
1995-11-01,1995,11,-0.2609999999999996
1995-11-01,1995,11,1.0990000000000006
1995-12-01,1995,12,-5.883
1995-12-01,1995,12,-3.176
1996-01-01,1996,1,-6.578999999999999
1996-01-01,1996,1,-4.633
1996-02-01,1996,2,-6.194999999999999
1996-02-01,1996,2,-4.505000000000001
1996-03-01,1996,3,-1.953
1996-03-01,1996,3,-0.9220000000000006
1996-04-01,1996,4,8.049
1996-04-01,1996,4,7.252000000000002
1996-05-01,1996,5,15.396999999999998
1996-05-01,1996,5,12.508
1996-06-01,1996,6,16.922
1996-06-01,1996,6,15.875999999999998
1996-07-01,1996,7,16.575000000000003
1996-07-01,1996,7,15.577000000000002
1996-08-01,1996,8,18.702
1996-08-01,1996,8,16.905
1996-09-01,1996,9,10.732
1996-09-01,1996,9,9.925999999999998
1996-10-01,1996,10,9.13
1996-10-01,1996,10,9.485
1996-11-01,1996,11,5.677999999999999
1996-11-01,1996,11,5.279000000000001
1996-12-01,1996,12,-5.922000000000001
1996-12-01,1996,12,-4.747999999999999
1997-01-01,1997,1,-5.068
1997-01-01,1997,1,-4.142
1997-02-01,1997,2,1.3129999999999993
1997-02-01,1997,2,1.9590000000000016
1997-03-01,1997,3,2.8200000000000003
1997-03-01,1997,3,3.5720000000000005
1997-04-01,1997,4,5.0790000000000015
1997-04-01,1997,4,4.524
1997-05-01,1997,5,13.729
1997-05-01,1997,5,12.838
1997-06-01,1997,6,17.059
1997-06-01,1997,6,16.093
1997-07-01,1997,7,16.627000000000002
1997-08-01,1997,8,19.223
1997-08-01,1997,8,18.476
1997-09-01,1997,9,13.33
1997-09-01,1997,9,13.443999999999996
1997-10-01,1997,10,6.092000000000001
1997-10-01,1997,10,6.483000000000001
1997-11-01,1997,11,2.7829999999999995
1997-11-01,1997,11,3.338999999999998
1997-12-01,1997,12,-0.9160000000000008
1997-12-01,1997,12,1.026000000000001
1998-01-01,1998,1,0.140999999999999
1998-01-01,1998,1,0.9199999999999994
1998-02-01,1998,2,2.9300000000000006
1998-02-01,1998,2,3.647
1998-03-01,1998,3,1.7399999999999989
1998-03-01,1998,3,2.578
1998-04-01,1998,4,10.008
1998-04-01,1998,4,9.285999999999998
1998-05-01,1998,5,14.669000000000002
1998-05-01,1998,5,13.439
1998-06-01,1998,6,17.981999999999996
1998-06-01,1998,6,16.804
1998-07-01,1998,7,18.058000000000003
1998-07-01,1998,7,17.12
1998-08-01,1998,8,16.652
1998-08-01,1998,8,16.689
1998-09-01,1998,9,13.516
1998-09-01,1998,9,13.043
1998-10-01,1998,10,7.601999999999999
1998-10-01,1998,10,8.250999999999998
1998-11-01,1998,11,-2.163
1998-11-01,1998,11,0.4420000000000001
1998-12-01,1998,12,-3.08
1998-12-01,1998,12,-1.2380000000000004
1999-01-01,1999,1,-0.5709999999999995
1999-01-01,1999,1,0.5389999999999991
1999-02-01,1999,2,-1.6690000000000005
1999-02-01,1999,2,-1.1380000000000006
1999-03-01,1999,3,4.547999999999999
1999-03-01,1999,3,4.691999999999999
1999-04-01,1999,4,9.834
1999-04-01,1999,4,8.638
1999-05-01,1999,5,12.664
1999-05-01,1999,5,13.113
1999-06-01,1999,6,18.455
1999-06-01,1999,6,15.411
1999-07-01,1999,7,20.846000000000004
1999-07-01,1999,7,18.837
1999-08-01,1999,8,17.988
1999-08-01,1999,8,16.99
1999-09-01,1999,9,15.832
1999-09-01,1999,9,16.432
1999-10-01,1999,10,8.116000000000001
1999-10-01,1999,10,8.521
1999-11-01,1999,11,1.4170000000000016
1999-11-01,1999,11,2.418999999999999
1999-12-01,1999,12,0.0930000000000003
1999-12-01,1999,12,0.4600000000000016
2000-01-01,2000,1,-1.943999999999999
2000-01-01,2000,1,-1.6549999999999996
2000-02-01,2000,2,1.988000000000001
2000-02-01,2000,2,2.6030000000000006
2000-03-01,2000,3,3.4069999999999983
2000-03-01,2000,3,3.843999999999998
2000-04-01,2000,4,12.196000000000002
2000-04-01,2000,4,10.947
2000-05-01,2000,5,15.348999999999998
2000-05-01,2000,5,14.672
2000-06-01,2000,6,17.730999999999998
2000-06-01,2000,6,17.027
2000-07-01,2000,7,16.977
2000-07-01,2000,7,15.513999999999998
2000-08-01,2000,8,18.336
2000-08-01,2000,8,18.289
2000-09-01,2000,9,11.981000000000002
2000-09-01,2000,9,12.813
2000-10-01,2000,10,11.392999999999995
2000-10-01,2000,10,11.832999999999998
2000-11-01,2000,11,6.160999999999998
2000-11-01,2000,11,6.622999999999999
2000-12-01,2000,12,1.1079999999999994
2000-12-01,2000,12,1.5159999999999998
2001-01-01,2001,1,-1.0170000000000003
2001-01-01,2001,1,-0.5329999999999993
2001-02-01,2001,2,0.5369999999999998
2001-03-01,2001,3,2.329
2001-03-01,2001,3,2.9600000000000017
2001-04-01,2001,4,8.394999999999998
2001-04-01,2001,4,6.781000000000002
2001-05-01,2001,5,14.400000000000002
2001-05-01,2001,5,13.904
2001-06-01,2001,6,15.238000000000005
2001-06-01,2001,6,13.985
2001-07-01,2001,7,20.985
2001-07-01,2001,7,18.219
2001-08-01,2001,8,19.342
2001-08-01,2001,8,18.384
2001-09-01,2001,9,12.425000000000002
2001-09-01,2001,9,11.619999999999996
2001-10-01,2001,10,10.746
2001-10-01,2001,10,11.972
2001-11-01,2001,11,2.1000000000000005
2001-11-01,2001,11,2.320999999999999
2001-12-01,2001,12,-4.942000000000001
2001-12-01,2001,12,-2.971
2002-01-01,2002,1,-1.3449999999999998
2002-01-01,2002,1,-0.6070000000000005
2002-02-01,2002,2,3.3999999999999986
2002-02-01,2002,2,3.946000000000001
2002-03-01,2002,3,4.485
2002-03-01,2002,3,4.458
2002-04-01,2002,4,8.812999999999999
2002-04-01,2002,4,7.399999999999999
2002-05-01,2002,5,17.384
2002-05-01,2002,5,15.73
2002-06-01,2002,6,17.537999999999997
2002-06-01,2002,6,17.142999999999997
2002-07-01,2002,7,21.046000000000003
2002-07-01,2002,7,18.964
2002-08-01,2002,8,20.68
2002-08-01,2002,8,19.406
2002-09-01,2002,9,12.513000000000002
2002-10-01,2002,10,7.047999999999999
2002-10-01,2002,10,7.296000000000002
2002-11-01,2002,11,4.012000000000001
2002-11-01,2002,11,5.061
2002-12-01,2002,12,-6.889
2002-12-01,2002,12,-3.3149999999999995
2003-01-01,2003,1,-3.4770000000000008
2003-01-01,2003,1,-2.191
2003-02-01,2003,2,-5.321999999999999
2003-02-01,2003,2,-3.7310000000000008
2003-03-01,2003,3,1.9989999999999992
2003-03-01,2003,3,3.308
2003-04-01,2003,4,7.212
2003-04-01,2003,4,6.8980000000000015
2003-05-01,2003,5,15.857
2003-05-01,2003,5,14.952000000000002
2003-06-01,2003,6,17.934
2003-06-01,2003,6,18.748
2003-07-01,2003,7,20.355
2003-07-01,2003,7,18.457
2003-08-01,2003,8,19.082
2003-08-01,2003,8,19.693
2003-09-01,2003,9,14.055
2003-09-01,2003,9,13.782000000000002
2003-10-01,2003,10,5.332
2003-10-01,2003,10,5.277000000000002
2003-11-01,2003,11,4.995
2003-11-01,2003,11,5.633000000000001
2003-12-01,2003,12,0.6339999999999988
2003-12-01,2003,12,0.5860000000000001
2004-01-01,2004,1,-5.578000000000001
2004-01-01,2004,1,-3.78
2004-02-01,2004,2,-0.328999999999999
2004-02-01,2004,2,0.8330000000000007
2004-03-01,2004,3,3.3890000000000007
2004-03-01,2004,3,3.3169999999999984
2004-04-01,2004,4,8.553
2004-04-01,2004,4,8.624000000000002
2004-05-01,2004,5,12.298000000000002
2004-05-01,2004,5,11.441
2004-06-01,2004,6,16.141000000000002
2004-06-01,2004,6,15.396000000000004
2004-07-01,2004,7,18.064
2004-07-01,2004,7,17.122999999999998
2004-08-01,2004,8,19.306
2004-08-01,2004,8,18.39
2004-09-01,2004,9,13.746000000000002
2004-09-01,2004,9,13.394999999999998
2004-10-01,2004,10,9.840000000000002
2004-10-01,2004,10,9.928999999999998
2004-11-01,2004,11,3.3219999999999987
2004-11-01,2004,11,3.902000000000001
2004-12-01,2004,12,1.2079999999999993
2004-12-01,2004,12,0.5139999999999981
2005-01-01,2005,1,0.3670000000000012
2005-01-01,2005,1,0.4200000000000001
2005-02-01,2005,2,-3.4060000000000006
2005-02-01,2005,2,-2.776
2005-03-01,2005,3,-0.2310000000000004
2005-03-01,2005,3,1.119000000000001
2005-04-01,2005,4,8.956000000000001
2005-04-01,2005,4,8.675000000000002
2005-05-01,2005,5,13.703
2005-05-01,2005,5,13.009000000000002
2005-06-01,2005,6,16.374
2005-06-01,2005,6,15.687000000000005
2005-07-01,2005,7,20.452
2005-07-01,2005,7,18.379
2005-08-01,2005,8,17.891000000000002
2005-08-01,2005,8,16.33
2005-09-01,2005,9,15.841
2005-09-01,2005,9,14.771999999999998
2005-10-01,2005,10,9.315
2005-10-01,2005,10,9.852
2005-11-01,2005,11,2.999000000000001
2005-11-01,2005,11,2.7810000000000006
2005-12-01,2005,12,-1.1090000000000009
2005-12-01,2005,12,-0.6520000000000002
2006-01-01,2006,1,-8.504
2006-01-01,2006,1,-5.776
2006-02-01,2006,2,-3.790999999999999
2006-02-01,2006,2,-2.412
2006-03-01,2006,3,-1.080999999999999
2006-03-01,2006,3,0.1720000000000018
2006-04-01,2006,4,8.789
2006-04-01,2006,4,8.25
2006-05-01,2006,5,14.048
2006-05-01,2006,5,12.768
2006-06-01,2006,6,17.833000000000002
2006-06-01,2006,6,17.044999999999998
2006-07-01,2006,7,22.84
2006-07-01,2006,7,21.911
2006-08-01,2006,8,18.008
2006-08-01,2006,8,15.915
2006-09-01,2006,9,16.177999999999997
2006-09-01,2006,9,16.007
2006-10-01,2006,10,10.457
2006-10-01,2006,10,10.909
2006-11-01,2006,11,5.445000000000001
2006-11-01,2006,11,6.267
2006-12-01,2006,12,3.4310000000000014
2006-12-01,2006,12,3.277000000000001
2007-01-01,2007,1,2.793
2007-01-01,2007,1,3.431999999999999
2007-02-01,2007,2,-1.6049999999999995
2007-02-01,2007,2,2.357000000000001
2007-03-01,2007,3,6.641000000000001
2007-03-01,2007,3,5.532
2007-04-01,2007,4,9.141
2007-04-01,2007,4,9.808000000000002
2007-05-01,2007,5,15.491
2007-05-01,2007,5,14.312999999999995
2007-06-01,2007,6,19.030000000000005
2007-06-01,2007,6,17.96
2007-07-01,2007,7,18.927000000000003
2007-07-01,2007,7,18.097
2007-08-01,2007,8,19.152999999999995
2007-08-01,2007,8,17.886
2007-09-01,2007,9,13.475
2007-09-01,2007,9,12.122999999999998
2007-10-01,2007,10,7.896000000000001
2007-10-01,2007,10,7.71
2007-11-01,2007,11,1.2909999999999993
2007-11-01,2007,11,2.0810000000000013
2007-12-01,2007,12,-0.4010000000000009
2007-12-01,2007,12,-0.0179999999999995
2008-01-01,2008,1,0.423000000000001
2008-01-01,2008,1,1.8399999999999987
2008-02-01,2008,2,2.71
2008-02-01,2008,2,3.076
2008-03-01,2008,3,3.634000000000002
2008-03-01,2008,3,3.350999999999998
2008-04-01,2008,4,9.201
2008-04-01,2008,4,7.628000000000002
2008-05-01,2008,5,13.664
2008-05-01,2008,5,13.157000000000002
2008-06-01,2008,6,18.467
2008-06-01,2008,6,17.317
2008-07-01,2008,7,19.272
2008-07-01,2008,7,18.212
2008-08-01,2008,8,18.879000000000005
2008-08-01,2008,8,17.684
2008-09-01,2008,9,12.779000000000002
2008-09-01,2008,9,12.502
2008-10-01,2008,10,9.735
2008-10-01,2008,10,9.089
2008-11-01,2008,11,4.744999999999998
2008-11-01,2008,11,5.450000000000001
2008-12-01,2008,12,0.6380000000000012
2008-12-01,2008,12,1.2589999999999988
2009-01-01,2009,1,-3.2350000000000003
2009-01-01,2009,1,-3.3160000000000007
2009-02-01,2009,2,-1.084
2009-02-01,2009,2,-0.7110000000000009
2009-03-01,2009,3,2.232000000000001
2009-03-01,2009,3,3.399000000000001
2009-04-01,2009,4,10.786
2009-04-01,2009,4,11.396
2009-05-01,2009,5,13.524
2009-05-01,2009,5,12.942
2009-06-01,2009,6,16.076
2009-06-01,2009,6,14.664
2009-07-01,2009,7,19.833
2009-07-01,2009,7,18.322000000000003
2009-08-01,2009,8,18.514
2009-08-01,2009,8,18.453
2009-09-01,2009,9,15.315
2009-09-01,2009,9,15.047
2009-10-01,2009,10,6.505000000000002
2009-10-01,2009,10,7.200000000000001
2009-11-01,2009,11,5.222
2009-11-01,2009,11,6.278000000000002
2009-12-01,2009,12,-1.7180000000000009
2009-12-01,2009,12,-0.8749999999999996
2010-01-01,2010,1,-8.626000000000001
2010-01-01,2010,1,-5.531
2010-02-01,2010,2,-2.3409999999999997
2010-02-01,2010,2,-1.3289999999999995
2010-03-01,2010,3,3.281
2010-03-01,2010,3,3.0049999999999994
2010-04-01,2010,4,9.087
2010-04-01,2010,4,7.854000000000001
2010-05-01,2010,5,13.714999999999998
2010-05-01,2010,5,11.334
2010-06-01,2010,6,17.864999999999995
2010-06-01,2010,6,16.39
2010-07-01,2010,7,21.750000000000004
2010-07-01,2010,7,20.128
2010-08-01,2010,8,19.838
2010-08-01,2010,8,17.57
2010-09-01,2010,9,12.403
2010-09-01,2010,9,11.858
2010-10-01,2010,10,5.601999999999999
2010-10-01,2010,10,6.590000000000001
2010-11-01,2010,11,5.318999999999999
2010-11-01,2010,11,5.544
2010-12-01,2010,12,-5.899000000000001
2010-12-01,2010,12,-5.134
2011-01-01,2011,1,-1.0660000000000005
2011-01-01,2011,1,-0.4879999999999995
2011-02-01,2011,2,-4.475
2011-02-01,2011,2,-1.9599999999999995
2011-03-01,2011,3,2.8080000000000007
2011-03-01,2011,3,4.017000000000001
2011-04-01,2011,4,10.467
2011-04-01,2011,4,10.255000000000004
2011-05-01,2011,5,14.259000000000002
2011-05-01,2011,5,13.205
2011-06-01,2011,6,18.861
2011-06-01,2011,6,17.224
2011-07-01,2011,7,18.515
2011-07-01,2011,7,16.69
2011-08-01,2011,8,18.749
2011-08-01,2011,8,18.252
2011-09-01,2011,9,14.962000000000002
2011-09-01,2011,9,15.122000000000002
2011-10-01,2011,10,8.149
2011-10-01,2011,10,8.707
2011-11-01,2011,11,2.742999999999998
2011-11-01,2011,11,3.7149999999999994
2011-12-01,2011,12,2.131
2011-12-01,2011,12,2.374000000000001
2012-01-01,2012,1,-1.589999999999999
2012-01-01,2012,1,-0.0650000000000004
2012-02-01,2012,2,-6.823000000000001
2012-02-01,2012,2,-4.861000000000001
2012-03-01,2012,3,4.5150000000000015
2012-03-01,2012,3,5.469999999999998
2012-04-01,2012,4,9.207999999999998
2012-04-01,2012,4,8.186
2012-05-01,2012,5,15.339
2012-05-01,2012,5,14.367
2012-06-01,2012,6,16.849999999999998
2012-06-01,2012,6,15.744
2012-07-01,2012,7,20.801
2012-07-01,2012,7,18.620999999999995
2012-08-01,2012,8,18.844
2012-08-01,2012,8,18.324
2012-09-01,2012,9,14.775
2012-09-01,2012,9,13.997000000000002
2012-10-01,2012,10,8.011000000000003
2012-10-01,2012,10,8.104000000000001
2012-11-01,2012,11,5.386
2012-11-01,2012,11,5.337
2012-12-01,2012,12,-3.5859999999999994
2012-12-01,2012,12,-1.3849999999999991
2013-01-01,2013,1,-3.842000000000001
2013-01-01,2013,1,-1.965999999999999
2013-02-01,2013,2,-0.6300000000000002
2013-02-01,2013,2,-0.8240000000000001
2013-03-01,2013,3,-1.8510000000000009
2013-03-01,2013,3,-1.1399999999999997
2013-04-01,2013,4,7.933999999999999
2013-04-01,2013,4,7.938999999999999
2013-05-01,2013,5,15.643
2013-05-01,2013,5,12.808
2013-06-01,2013,6,18.394
2013-06-01,2013,6,16.204
2013-07-01,2013,7,19.638
2013-07-01,2013,7,19.317
2013-08-01,2013,8,19.278
2013-08-01,2013,8,18.092
