date,year,month,AverageTemperatureCelsius
1743-11-01,1743,11,2.717
1743-11-01,1743,11,0.8949999999999984
1743-11-01,1743,11,2.840000000000001
1743-11-01,1743,11,7.259999999999999
1744-04-01,1744,4,11.196
1744-04-01,1744,4,9.82
1744-04-01,1744,4,9.297
1744-04-01,1744,4,10.806
1744-05-01,1744,5,14.119
1744-05-01,1744,5,13.142
1744-05-01,1744,5,12.220000000000002
1744-05-01,1744,5,12.73
1744-06-01,1744,6,18.843
1744-06-01,1744,6,17.393
1744-06-01,1744,6,15.547
1744-06-01,1744,6,17.503
1744-07-01,1744,7,21.352
1744-07-01,1744,7,19.389
1744-07-01,1744,7,17.686999999999998
1744-07-01,1744,7,20.586
1744-09-01,1744,9,15.364
1744-09-01,1744,9,13.521
1744-09-01,1744,9,13.166
1744-10-01,1744,10,7.523999999999999
1744-10-01,1744,10,5.496
1744-10-01,1744,10,6.700999999999999
1744-10-01,1744,10,10.555
1744-11-01,1744,11,3.2069999999999985
1744-11-01,1744,11,1.3489999999999982
1744-11-01,1744,11,2.593999999999998
1744-11-01,1744,11,7.725999999999999
1744-12-01,1744,12,-2.1259999999999994
1744-12-01,1744,12,-4.121
1744-12-01,1744,12,-2.890000000000001
1744-12-01,1744,12,3.118999999999998
1745-01-01,1745,1,-5.953999999999999
1745-01-01,1745,1,-8.003
1745-01-01,1745,1,-6.611999999999999
1745-01-01,1745,1,-1.1969999999999992
1745-02-01,1745,2,-4.249999999999999
1745-02-01,1745,2,-6.539999999999999
1745-02-01,1745,2,-5.172999999999999
1745-02-01,1745,2,-0.8639999999999995
1745-03-01,1745,3,-0.1030000000000007
1745-03-01,1745,3,-2.075999999999999
1745-03-01,1745,3,-0.7529999999999997
1745-03-01,1745,3,1.3680000000000012
1745-04-01,1745,4,8.169
1745-04-01,1745,4,6.683999999999999
1745-04-01,1745,4,6.4460000000000015
1745-04-01,1745,4,7.847999999999997
1750-01-01,1750,1,-2.8480000000000003
1750-01-01,1750,1,-4.332999999999999
1750-01-01,1750,1,-2.9410000000000007
1750-01-01,1750,1,1.6669999999999991
1750-02-01,1750,2,-1.931
1750-02-01,1750,2,-3.5859999999999994
1750-02-01,1750,2,-1.2189999999999992
1750-02-01,1750,2,1.253000000000001
1750-03-01,1750,3,2.9439999999999995
1750-03-01,1750,3,1.285999999999999
1750-03-01,1750,3,3.114000000000002
1750-03-01,1750,3,4.312999999999999
1750-04-01,1750,4,9.261000000000005
1750-04-01,1750,4,8.265000000000002
1750-04-01,1750,4,8.187000000000003
1750-04-01,1750,4,8.755
1750-05-01,1750,5,15.328
1750-05-01,1750,5,14.298000000000002
1750-05-01,1750,5,13.068
1750-06-01,1750,6,19.636000000000006
1750-06-01,1750,6,18.352999999999994
1750-06-01,1750,6,16.831
1750-06-01,1750,6,18.234
1750-07-01,1750,7,23.319
1750-07-01,1750,7,21.262000000000004
1750-07-01,1750,7,19.622
1750-07-01,1750,7,22.594
1750-08-01,1750,8,21.628000000000004
1750-08-01,1750,8,19.595
1750-08-01,1750,8,18.153
1750-08-01,1750,8,21.641
1750-09-01,1750,9,14.961
1750-09-01,1750,9,12.927
1750-09-01,1750,9,12.618000000000002
1750-09-01,1750,9,16.248
1750-10-01,1750,10,6.065999999999999
1750-10-01,1750,10,3.851000000000001
1750-10-01,1750,10,4.569999999999999
1750-12-01,1750,12,-3.33
1750-12-01,1750,12,-5.608999999999999
1750-12-01,1750,12,-3.988
1750-12-01,1750,12,2.047000000000002
1751-01-01,1751,1,-4.607
1751-01-01,1751,1,-6.591
1751-01-01,1751,1,-5.187000000000001
1751-01-01,1751,1,0.1150000000000004
1751-02-01,1751,2,-6.0710000000000015
1751-02-01,1751,2,-8.528
1751-02-01,1751,2,-6.817000000000001
1751-02-01,1751,2,-2.5980000000000008
1751-03-01,1751,3,3.084000000000001
1751-03-01,1751,3,1.3090000000000006
1751-03-01,1751,3,2.7
1751-03-01,1751,3,4.473000000000001
1751-04-01,1751,4,8.492
1751-04-01,1751,4,7.399999999999999
1751-04-01,1751,4,6.909
1751-04-01,1751,4,8.004000000000001
1751-06-01,1751,6,20.256000000000004
1751-06-01,1751,6,18.630000000000003
1751-06-01,1751,6,17.220999999999997
1751-06-01,1751,6,18.99
1751-07-01,1751,7,22.625
1751-07-01,1751,7,20.583
1751-07-01,1751,7,18.975
1751-07-01,1751,7,21.887000000000004
1751-08-01,1751,8,21.522
1751-08-01,1751,8,19.334
1751-08-01,1751,8,18.27
1751-08-01,1751,8,21.606
1751-09-01,1751,9,14.722999999999995
1751-09-01,1751,9,12.744
1751-09-01,1751,9,12.425999999999998
1751-09-01,1751,9,15.977
1752-01-01,1752,1,-6.452000000000002
1752-01-01,1752,1,-8.363
1752-01-01,1752,1,-6.334999999999999
1752-01-01,1752,1,-1.726
1752-03-01,1752,3,3.1679999999999984
1752-03-01,1752,3,1.4179999999999993
1752-03-01,1752,3,2.4549999999999983
1752-03-01,1752,3,4.529
1752-04-01,1752,4,8.912999999999998
1752-04-01,1752,4,7.847
1752-04-01,1752,4,7.628000000000002
1752-04-01,1752,4,8.418
1752-10-01,1752,10,8.214000000000002
1752-10-01,1752,10,6.407999999999999
1752-10-01,1752,10,7.342999999999999
1752-10-01,1752,10,11.145
1752-11-01,1752,11,4.317000000000001
1752-11-01,1752,11,2.4000000000000004
1752-11-01,1752,11,3.5879999999999987
1752-11-01,1752,11,8.860000000000001
1752-12-01,1752,12,-0.5709999999999995
1752-12-01,1752,12,-2.4239999999999995
1752-12-01,1752,12,-1.1299999999999994
1752-12-01,1752,12,4.617999999999999
1753-01-01,1753,1,-5.162999999999999
1753-01-01,1753,1,-6.941999999999999
1753-01-01,1753,1,-5.861000000000001
1753-01-01,1753,1,-0.5499999999999992
1753-02-01,1753,2,-4.918
1753-02-01,1753,2,-6.828000000000001
1753-02-01,1753,2,-4.859000000000001
1753-02-01,1753,2,-1.6549999999999996
1753-03-01,1753,3,3.1099999999999994
1753-03-01,1753,3,1.4449999999999994
1753-03-01,1753,3,2.6590000000000007
1753-03-01,1753,3,4.442000000000002
1753-04-01,1753,4,9.25
1753-04-01,1753,4,8.164
1753-04-01,1753,4,8.238000000000001
1753-04-01,1753,4,8.778
1753-05-01,1753,5,16.28
1753-05-01,1753,5,15.261
1753-05-01,1753,5,13.813
1753-05-01,1753,5,14.871
1753-06-01,1753,6,20.814
1753-06-01,1753,6,19.030000000000005
1753-06-01,1753,6,17.511
1753-06-01,1753,6,19.634
1753-07-01,1753,7,22.375999999999998
1753-07-01,1753,7,20.158
1753-07-01,1753,7,18.686
1753-07-01,1753,7,21.735
1753-08-01,1753,8,20.644
1753-08-01,1753,8,18.442
1753-08-01,1753,8,17.147000000000002
1753-08-01,1753,8,20.735
1753-09-01,1753,9,15.969
1753-09-01,1753,9,14.006
1753-09-01,1753,9,13.711
1753-09-01,1753,9,17.223
1753-10-01,1753,10,9.429999999999998
1753-10-01,1753,10,7.651
1753-10-01,1753,10,8.353000000000002
1753-10-01,1753,10,12.336
1753-11-01,1753,11,2.476000000000001
1753-11-01,1753,11,0.6130000000000003
1753-11-01,1753,11,1.4120000000000017
1753-11-01,1753,11,6.97
1753-12-01,1753,12,-5.654999999999999
1753-12-01,1753,12,-8.171999999999999
1753-12-01,1753,12,-6.364000000000001
1753-12-01,1753,12,-0.1499999999999997
1754-01-01,1754,1,-5.486000000000001
1754-01-01,1754,1,-7.291999999999998
1754-01-01,1754,1,-5.851000000000001
1754-02-01,1754,2,-6.838999999999999
1754-02-01,1754,2,-8.671
1754-02-01,1754,2,-6.487
1754-02-01,1754,2,-3.605000000000001
1754-03-01,1754,3,0.5999999999999991
1754-03-01,1754,3,-1.2409999999999992
1754-03-01,1754,3,-0.8429999999999992
1754-03-01,1754,3,1.9510000000000003
1754-04-01,1754,4,11.677
1754-04-01,1754,4,10.312
1754-04-01,1754,4,8.956000000000001
1754-04-01,1754,4,11.233
1754-05-01,1754,5,16.314000000000004
1754-05-01,1754,5,15.376
1754-05-01,1754,5,14.268999999999998
1754-05-01,1754,5,14.892
1754-06-01,1754,6,21.035
1754-06-01,1754,6,19.594
1754-06-01,1754,6,17.781999999999996
1754-06-01,1754,6,19.689000000000004
1754-07-01,1754,7,21.86
1754-07-01,1754,7,19.695
1754-07-01,1754,7,17.766000000000002
1754-07-01,1754,7,21.166
1754-08-01,1754,8,20.085000000000004
1754-08-01,1754,8,17.700000000000003
1754-08-01,1754,8,16.802000000000003
1754-08-01,1754,8,20.284
1754-09-01,1754,9,14.931
1754-09-01,1754,9,12.834
1754-09-01,1754,9,12.576999999999998
1754-09-01,1754,9,16.246
1754-10-01,1754,10,9.835
1754-10-01,1754,10,7.7429999999999986
1754-10-01,1754,10,8.470000000000002
1754-10-01,1754,10,12.872000000000002
1754-11-01,1754,11,3.2729999999999984
1754-11-01,1754,11,1.0890000000000002
1754-11-01,1754,11,2.423000000000002
1754-11-01,1754,11,7.942000000000001
1754-12-01,1754,12,-1.0679999999999998
1754-12-01,1754,12,-2.949
1754-12-01,1754,12,-1.841
1754-12-01,1754,12,4.122000000000002
1755-01-01,1755,1,-7.164999999999998
1755-01-01,1755,1,-9.02
1755-01-01,1755,1,-8.709
1755-01-01,1755,1,-2.567
1755-02-01,1755,2,-6.9670000000000005
1755-02-01,1755,2,-9.213
1755-02-01,1755,2,-8.259999999999998
1755-02-01,1755,2,-3.607999999999999
1755-03-01,1755,3,1.1040000000000008
1755-03-01,1755,3,-0.9100000000000008
1755-03-01,1755,3,0.1799999999999989
1755-03-01,1755,3,2.576999999999998
1755-04-01,1755,4,10.302
1755-04-01,1755,4,8.851999999999999
1755-04-01,1755,4,9.395
1755-04-01,1755,4,10.031
1755-05-01,1755,5,17.088
1755-05-01,1755,5,16.177000000000003
1755-05-01,1755,5,14.551
1755-05-01,1755,5,15.626
1755-06-01,1755,6,22.306
1755-06-01,1755,6,20.874
1755-06-01,1755,6,19.356
1755-06-01,1755,6,20.969000000000005
1755-07-01,1755,7,22.629000000000005
1755-07-01,1755,7,20.838
1755-07-01,1755,7,19.17
1755-07-01,1755,7,21.78400000000001
1755-08-01,1755,8,20.011000000000003
1755-08-01,1755,8,17.706000000000003
1755-08-01,1755,8,16.510000000000005
1755-08-01,1755,8,20.138
1755-09-01,1755,9,15.452000000000002
1755-09-01,1755,9,13.362000000000002
1755-09-01,1755,9,12.723
1755-09-01,1755,9,16.735
1755-10-01,1755,10,8.880999999999998
1755-10-01,1755,10,7.147000000000001
1755-10-01,1755,10,7.491000000000001
1755-10-01,1755,10,11.744000000000002
1755-11-01,1755,11,3.3630000000000018
1755-11-01,1755,11,1.4970000000000008
1755-11-01,1755,11,2.261000000000001
1755-11-01,1755,11,7.852999999999999
1755-12-01,1755,12,-2.799
1755-12-01,1755,12,-4.707
1755-12-01,1755,12,-2.545
1755-12-01,1755,12,2.456
1756-01-01,1756,1,-2.317
1756-01-01,1756,1,-3.994
1756-01-01,1756,1,-2.3930000000000007
1756-01-01,1756,1,2.259999999999999
1756-02-01,1756,2,0.3300000000000007
1756-02-01,1756,2,-1.441000000000001
1756-02-01,1756,2,-0.2320000000000001
1756-02-01,1756,2,3.482000000000001
1756-03-01,1756,3,2.0860000000000016
1756-03-01,1756,3,1.7399999999999989
1756-03-01,1756,3,3.492999999999999
1756-04-01,1756,4,10.44
1756-04-01,1756,4,8.96
1756-04-01,1756,4,7.9940000000000015
1756-04-01,1756,4,10.059
1756-05-01,1756,5,16.898000000000003
1756-05-01,1756,5,15.431
1756-05-01,1756,5,13.713
1756-05-01,1756,5,15.657000000000002
1756-06-01,1756,6,21.929
1756-06-01,1756,6,20.564
1756-06-01,1756,6,19.308000000000003
1756-06-01,1756,6,20.559999999999995
1756-07-01,1756,7,22.376999999999995
1756-07-01,1756,7,20.53400000000001
1756-07-01,1756,7,19.295
1756-07-01,1756,7,21.567
1756-08-01,1756,8,19.731
1756-08-01,1756,8,17.296000000000003
1756-08-01,1756,8,16.366
1756-08-01,1756,8,19.934999999999995
1756-09-01,1756,9,16.418
1756-09-01,1756,9,14.197
1756-09-01,1756,9,14.085
1756-09-01,1756,9,17.777
1756-10-01,1756,10,8.155999999999999
1756-10-01,1756,10,6.379
1756-10-01,1756,10,7.264
1756-10-01,1756,10,11.052
1756-11-01,1756,11,1.2680000000000016
1756-11-01,1756,11,-0.7850000000000001
1756-11-01,1756,11,0.1250000000000007
1756-11-01,1756,11,5.83
1756-12-01,1756,12,-4.042
1756-12-01,1756,12,-6.1000000000000005
1756-12-01,1756,12,-4.507000000000001
1756-12-01,1756,12,1.263999999999999
1757-01-01,1757,1,-6.843
1757-01-01,1757,1,-8.762999999999998
1757-01-01,1757,1,-7.018000000000001
1757-01-01,1757,1,-2.152
1757-02-01,1757,2,-1.289
1757-02-01,1757,2,-3.135
1757-02-01,1757,2,-1.7520000000000004
1757-02-01,1757,2,1.885999999999998
1757-03-01,1757,3,2.259000000000001
1757-03-01,1757,3,0.4049999999999996
1757-03-01,1757,3,1.5480000000000005
1757-03-01,1757,3,3.6510000000000016
1757-04-01,1757,4,9.923000000000002
1757-04-01,1757,4,9.1
1757-04-01,1757,4,9.011
1757-04-01,1757,4,9.323
1757-05-01,1757,5,16.841
1757-05-01,1757,5,15.662999999999998
1757-05-01,1757,5,13.985
1757-05-01,1757,5,15.496
1757-06-01,1757,6,23.778
1757-06-01,1757,6,22.275
1757-06-01,1757,6,20.139000000000003
1757-06-01,1757,6,22.421
1757-07-01,1757,7,25.931
1757-07-01,1757,7,22.408
1757-07-01,1757,7,25.102
1757-08-01,1757,8,22.034
1757-08-01,1757,8,19.889000000000003
1757-08-01,1757,8,18.517000000000003
1757-08-01,1757,8,22.096000000000004
1757-09-01,1757,9,16.924
1757-09-01,1757,9,14.812
1757-09-01,1757,9,13.442
1757-09-01,1757,9,18.178
1757-10-01,1757,10,5.447999999999998
1757-10-01,1757,10,3.177999999999999
1757-10-01,1757,10,3.6439999999999984
1757-10-01,1757,10,8.558000000000002
1757-11-01,1757,11,1.9159999999999997
1757-11-01,1757,11,0.328999999999999
1757-11-01,1757,11,1.8959999999999984
1757-11-01,1757,11,6.324999999999999
1757-12-01,1757,12,-5.151999999999999
1757-12-01,1757,12,-7.146999999999999
1757-12-01,1757,12,-5.238
1757-12-01,1757,12,0.1339999999999995
1758-01-01,1758,1,-9.289
1758-01-01,1758,1,-11.339
1758-01-01,1758,1,-9.393999999999998
1758-01-01,1758,1,-4.496
1758-02-01,1758,2,-4.84
1758-02-01,1758,2,-6.965
1758-02-01,1758,2,-5.011
1758-02-01,1758,2,-1.489999999999999
1758-03-01,1758,3,0.9389999999999984
1758-03-01,1758,3,-1.0579999999999994
1758-03-01,1758,3,0.3080000000000006
1758-03-01,1758,3,2.4270000000000005
1758-04-01,1758,4,7.828999999999998
1758-04-01,1758,4,6.556000000000001
1758-04-01,1758,4,6.3900000000000015
1758-04-01,1758,4,7.4289999999999985
1758-05-01,1758,5,14.302999999999995
1758-05-01,1758,5,13.517
1758-05-01,1758,5,13.282000000000002
1758-05-01,1758,5,12.872000000000002
1758-06-01,1758,6,20.006000000000004
1758-06-01,1758,6,18.532
1758-06-01,1758,6,17.388
1758-06-01,1758,6,18.706
1758-07-01,1758,7,21.5
1758-07-01,1758,7,19.522
1758-07-01,1758,7,17.630000000000003
1758-07-01,1758,7,20.719
1758-08-01,1758,8,19.175
1758-08-01,1758,8,17.146
1758-08-01,1758,8,16.663
1758-08-01,1758,8,19.232
1758-09-01,1758,9,13.558000000000002
1758-09-01,1758,9,11.500000000000002
1758-09-01,1758,9,11.212000000000002
1758-09-01,1758,9,14.84
1758-10-01,1758,10,4.600999999999998
1758-10-01,1758,10,2.596999999999999
1758-10-01,1758,10,4.073999999999999
1758-10-01,1758,10,7.651
1758-11-01,1758,11,2.854
1758-11-01,1758,11,0.7189999999999981
1758-11-01,1758,11,1.966000000000001
1758-11-01,1758,11,7.5
1758-12-01,1758,12,-2.4440000000000004
1758-12-01,1758,12,-4.602
1758-12-01,1758,12,-2.966999999999999
1758-12-01,1758,12,2.893
1759-01-01,1759,1,-1.7659999999999991
1759-01-01,1759,1,-3.5170000000000003
1759-01-01,1759,1,-2.064
1759-01-01,1759,1,2.854
1759-02-01,1759,2,-1.8300000000000003
1759-02-01,1759,2,-3.617
1759-02-01,1759,2,-1.6900000000000008
1759-02-01,1759,2,1.3839999999999997
1759-03-01,1759,3,1.827999999999999
1759-03-01,1759,3,0.0849999999999992
1759-03-01,1759,3,1.5689999999999986
1759-03-01,1759,3,3.204999999999999
1759-04-01,1759,4,7.194999999999999
1759-04-01,1759,4,6.128
1759-04-01,1759,4,6.575
1759-04-01,1759,4,6.746
1759-05-01,1759,5,13.993
1759-05-01,1759,5,12.797
1759-05-01,1759,5,11.800999999999998
1759-05-01,1759,5,12.701999999999998
1759-06-01,1759,6,20.537
1759-06-01,1759,6,19.313
1759-06-01,1759,6,18.028
1759-06-01,1759,6,19.116
1759-07-01,1759,7,21.242000000000004
1759-07-01,1759,7,19.429
1759-07-01,1759,7,18.945
1759-07-01,1759,7,20.488
1759-08-01,1759,8,22.023999999999997
1759-08-01,1759,8,20.007000000000005
1759-08-01,1759,8,18.620000000000005
1759-08-01,1759,8,22.022
1759-09-01,1759,9,16.144
1759-09-01,1759,9,13.852
1759-09-01,1759,9,13.352
1759-09-01,1759,9,17.528000000000002
1759-10-01,1759,10,8.274000000000001
1759-10-01,1759,10,6.090999999999999
1759-10-01,1759,10,7.266000000000001
1759-10-01,1759,10,11.385
1759-11-01,1759,11,0.4740000000000006
1759-11-01,1759,11,-1.576
1759-11-01,1759,11,-0.6599999999999994
1759-11-01,1759,11,5.062000000000001
1759-12-01,1759,12,-6.893999999999999
1759-12-01,1759,12,-9.251
1759-12-01,1759,12,-7.213
1759-12-01,1759,12,-1.4090000000000005
1760-01-01,1760,1,-8.0
1760-01-01,1760,1,-10.703
1760-01-01,1760,1,-8.411000000000001
1760-01-01,1760,1,-2.9290000000000007
1760-02-01,1760,2,-3.965
1760-02-01,1760,2,-5.808999999999999
1760-02-01,1760,2,-4.423
1760-02-01,1760,2,-0.7610000000000008
1760-03-01,1760,3,-1.1260000000000008
1760-03-01,1760,3,-3.0680000000000005
1760-03-01,1760,3,-1.3210000000000004
1760-03-01,1760,3,0.3609999999999995
1760-04-01,1760,4,7.750000000000002
1760-04-01,1760,4,6.136000000000001
1760-04-01,1760,4,6.771999999999999
1760-04-01,1760,4,7.557
1760-05-01,1760,5,14.931
1760-05-01,1760,5,14.058999999999996
1760-05-01,1760,5,13.32
1760-05-01,1760,5,13.507
1760-06-01,1760,6,18.918000000000003
1760-06-01,1760,6,17.757
1760-06-01,1760,6,17.039
1760-06-01,1760,6,17.503
1760-07-01,1760,7,20.805
1760-07-01,1760,7,18.886
1760-07-01,1760,7,18.049000000000003
1760-07-01,1760,7,20.084000000000003
1760-08-01,1760,8,20.812
1760-08-01,1760,8,18.469999999999995
1760-08-01,1760,8,17.494999999999997
1760-08-01,1760,8,20.974000000000004
1760-09-01,1760,9,15.994
1760-09-01,1760,9,14.06
1760-09-01,1760,9,14.136999999999995
1760-09-01,1760,9,17.259
1760-10-01,1760,10,7.559000000000001
1760-10-01,1760,10,5.364000000000001
1760-10-01,1760,10,6.683000000000002
1760-10-01,1760,10,10.672999999999998
1760-11-01,1760,11,2.307
1760-11-01,1760,11,0.3749999999999984
1760-11-01,1760,11,1.632000000000002
1760-11-01,1760,11,6.851999999999999
1760-12-01,1760,12,-2.5870000000000006
1760-12-01,1760,12,-4.650000000000001
1760-12-01,1760,12,-2.1790000000000003
1760-12-01,1760,12,2.7479999999999984
1761-01-01,1761,1,-6.095000000000001
1761-01-01,1761,1,-7.716
1761-01-01,1761,1,-5.706
1761-01-01,1761,1,-1.483999999999999
1761-02-01,1761,2,-2.938999999999999
1761-02-01,1761,2,-5.039
1761-02-01,1761,2,-2.8040000000000003
1761-02-01,1761,2,0.4149999999999999
1761-03-01,1761,3,3.5280000000000005
1761-03-01,1761,3,1.8769999999999996
1761-03-01,1761,3,3.331999999999999
1761-03-01,1761,3,4.869999999999999
1761-04-01,1761,4,7.554999999999997
1761-04-01,1761,4,6.524999999999999
1761-04-01,1761,4,6.733
1761-04-01,1761,4,7.073
1761-05-01,1761,5,17.293
1761-05-01,1761,5,16.182000000000002
1761-05-01,1761,5,15.115
1761-05-01,1761,5,15.933999999999996
1761-06-01,1761,6,23.033
1761-06-01,1761,6,21.558
1761-06-01,1761,6,19.748000000000005
1761-06-01,1761,6,21.667000000000005
1761-07-01,1761,7,25.422999999999995
1761-07-01,1761,7,22.936000000000003
1761-07-01,1761,7,20.187
1761-07-01,1761,7,24.804
1761-08-01,1761,8,21.906
1761-08-01,1761,8,19.919
1761-08-01,1761,8,19.012
1761-08-01,1761,8,21.917
1761-09-01,1761,9,16.910999999999998
1761-09-01,1761,9,15.037
1761-09-01,1761,9,15.013000000000002
1761-09-01,1761,9,18.131000000000004
1761-10-01,1761,10,7.463
1761-10-01,1761,10,5.117
1761-10-01,1761,10,5.581
1761-10-01,1761,10,10.601999999999997
1761-11-01,1761,11,1.700999999999999
1761-11-01,1761,11,-0.1200000000000006
1761-11-01,1761,11,1.2569999999999997
1761-11-01,1761,11,6.206
1761-12-01,1761,12,-6.835
1761-12-01,1761,12,-8.916
1761-12-01,1761,12,-6.804999999999999
1761-12-01,1761,12,-1.4640000000000006
1762-01-01,1762,1,-0.6769999999999992
1762-01-01,1762,1,-2.53
1762-01-01,1762,1,-1.8329999999999995
1762-01-01,1762,1,3.931000000000001
1762-02-01,1762,2,-0.9320000000000008
1762-02-01,1762,2,-2.8109999999999995
1762-02-01,1762,2,-2.0529999999999995
1762-02-01,1762,2,2.232000000000001
1762-03-01,1762,3,0.3119999999999991
1762-03-01,1762,3,-1.5520000000000007
1762-03-01,1762,3,-1.0210000000000008
1762-03-01,1762,3,1.6909999999999985
1762-04-01,1762,4,9.802
1762-04-01,1762,4,8.668000000000001
1762-04-01,1762,4,9.101
1762-04-01,1762,4,9.38
1762-05-01,1762,5,15.068
1762-05-01,1762,5,14.126
1762-05-01,1762,5,13.545
1762-05-01,1762,5,13.685000000000002
1762-06-01,1762,6,21.047000000000004
1762-06-01,1762,6,19.8
1762-06-01,1762,6,18.369
1762-06-01,1762,6,19.62
1762-07-01,1762,7,22.372
1762-07-01,1762,7,20.063
1762-07-01,1762,7,18.757000000000005
1762-07-01,1762,7,21.774
1762-08-01,1762,8,20.029
1762-08-01,1762,8,17.667
1762-08-01,1762,8,16.246
1762-08-01,1762,8,20.174
1762-09-01,1762,9,14.323
1762-09-01,1762,9,12.075
1762-09-01,1762,9,12.222999999999995
1762-09-01,1762,9,15.725
1762-10-01,1762,10,6.302000000000001
1762-10-01,1762,10,3.901
1762-10-01,1762,10,4.675
1762-10-01,1762,10,9.47
1762-11-01,1762,11,3.597999999999999
1762-11-01,1762,11,1.7469999999999983
1762-11-01,1762,11,2.462000000000001
1762-11-01,1762,11,8.072999999999999
1762-12-01,1762,12,-3.854000000000001
1762-12-01,1762,12,-5.768000000000001
1762-12-01,1762,12,-4.741
1762-12-01,1762,12,1.3589999999999989
1763-01-01,1763,1,-6.506999999999999
1763-01-01,1763,1,-8.527000000000001
1763-01-01,1763,1,-7.699
1763-01-01,1763,1,-1.768000000000001
1763-02-01,1763,2,-3.756
1763-02-01,1763,2,-5.940999999999999
1763-02-01,1763,2,-2.8719999999999994
1763-02-01,1763,2,-0.3059999999999994
1763-03-01,1763,3,-1.441000000000001
1763-03-01,1763,3,-3.536
1763-03-01,1763,3,-1.5499999999999996
1763-03-01,1763,3,0.1379999999999981
1763-04-01,1763,4,8.121000000000002
1763-04-01,1763,4,6.749999999999999
1763-04-01,1763,4,6.580000000000001
1763-04-01,1763,4,7.760000000000002
1763-05-01,1763,5,14.934
1763-05-01,1763,5,14.177
1763-05-01,1763,5,12.963
1763-05-01,1763,5,13.418
1763-06-01,1763,6,18.676
1763-06-01,1763,6,17.322999999999997
1763-06-01,1763,6,16.206
1763-06-01,1763,6,17.331
1763-07-01,1763,7,23.849000000000004
1763-07-01,1763,7,21.882000000000005
1763-07-01,1763,7,19.97
1763-07-01,1763,7,23.055
1763-08-01,1763,8,21.15900000000001
1763-08-01,1763,8,18.934
1763-08-01,1763,8,18.172
1763-08-01,1763,8,21.284
1763-09-01,1763,9,14.418
1763-09-01,1763,9,12.252000000000002
1763-09-01,1763,9,11.832
1763-09-01,1763,9,15.755000000000004
1763-10-01,1763,10,5.567000000000001
1763-10-01,1763,10,3.672
1763-10-01,1763,10,4.803999999999999
1763-10-01,1763,10,8.565000000000001
1763-11-01,1763,11,1.2909999999999993
1763-11-01,1763,11,-0.7060000000000007
1763-11-01,1763,11,0.6199999999999998
1763-11-01,1763,11,5.889
1763-12-01,1763,12,-2.805999999999999
1763-12-01,1763,12,-1.0660000000000005
1763-12-01,1763,12,4.466999999999999
1764-01-01,1764,1,-3.894999999999999
1764-01-01,1764,1,-5.731999999999999
1764-01-01,1764,1,-3.612
1764-01-01,1764,1,0.7949999999999986
1764-02-01,1764,2,0.4359999999999984
1764-02-01,1764,2,-1.4520000000000008
1764-02-01,1764,2,0.2269999999999999
1764-02-01,1764,2,3.653000000000001
1764-03-01,1764,3,1.988000000000001
1764-03-01,1764,3,0.3200000000000003
1764-03-01,1764,3,1.0600000000000007
1764-03-01,1764,3,3.299999999999999
1764-04-01,1764,4,8.074999999999998
1764-04-01,1764,4,6.976000000000002
1764-04-01,1764,4,6.895999999999998
1764-04-01,1764,4,7.606000000000001
1764-05-01,1764,5,15.643999999999998
1764-05-01,1764,5,14.676
1764-05-01,1764,5,14.341
1764-05-01,1764,5,14.282000000000002
1764-06-01,1764,6,18.617
1764-06-01,1764,6,17.017999999999997
1764-06-01,1764,6,15.794999999999996
1764-06-01,1764,6,17.378
1764-07-01,1764,7,21.388
1764-07-01,1764,7,19.885000000000005
1764-07-01,1764,7,19.196
1764-07-01,1764,7,20.486
1764-08-01,1764,8,19.864
1764-08-01,1764,8,17.780999999999995
1764-08-01,1764,8,16.545
1764-08-01,1764,8,19.895000000000003
1764-09-01,1764,9,15.024
1764-09-01,1764,9,12.983
1764-09-01,1764,9,12.230000000000002
1764-09-01,1764,9,16.282
1764-10-01,1764,10,9.389
1764-10-01,1764,10,7.2810000000000015
1764-10-01,1764,10,7.141000000000001
1764-10-01,1764,10,12.366999999999996
1764-11-01,1764,11,2.9350000000000005
1764-11-01,1764,11,0.6910000000000002
1764-11-01,1764,11,1.402000000000001
1764-11-01,1764,11,7.586999999999999
1764-12-01,1764,12,0.5269999999999995
1764-12-01,1764,12,-1.871
1764-12-01,1764,12,-1.4970000000000008
1764-12-01,1764,12,5.880999999999999
1765-01-01,1765,1,-1.6709999999999998
1765-01-01,1765,1,-3.815000000000001
1765-01-01,1765,1,3.1099999999999994
1765-02-01,1765,2,-3.270999999999999
1765-02-01,1765,2,-5.499
1765-02-01,1765,2,-4.646
1765-02-01,1765,2,0.0529999999999988
1765-03-01,1765,3,3.5850000000000017
1765-03-01,1765,3,1.8370000000000015
1765-03-01,1765,3,2.926000000000002
1765-03-01,1765,3,4.934
1765-04-01,1765,4,10.006000000000002
1765-04-01,1765,4,8.828
1765-04-01,1765,4,8.509999999999998
1765-04-01,1765,4,9.543
1765-05-01,1765,5,14.693999999999996
1765-05-01,1765,5,13.609999999999998
1765-05-01,1765,5,12.071000000000002
1765-05-01,1765,5,13.316
1765-06-01,1765,6,18.366000000000003
1765-06-01,1765,6,17.07
1765-06-01,1765,6,16.262
1765-06-01,1765,6,17.014
1765-07-01,1765,7,20.929
1765-07-01,1765,7,19.091
1765-07-01,1765,7,17.008
1765-07-01,1765,7,20.069000000000003
1765-08-01,1765,8,21.055
1765-08-01,1765,8,19.006000000000004
1765-08-01,1765,8,17.94
1765-08-01,1765,8,21.054
1765-09-01,1765,9,15.23
1765-09-01,1765,9,13.005
1765-09-01,1765,9,12.505
1765-09-01,1765,9,16.578
1765-10-01,1765,10,8.55
1765-10-01,1765,10,6.590999999999998
1765-10-01,1765,10,7.493999999999998
1765-10-01,1765,10,11.539
1765-11-01,1765,11,3.677999999999998
1765-11-01,1765,11,1.7140000000000002
1765-11-01,1765,11,2.6899999999999995
1765-11-01,1765,11,8.233
1765-12-01,1765,12,-2.019
1765-12-01,1765,12,-3.986000000000001
1765-12-01,1765,12,-3.053
1765-12-01,1765,12,3.1910000000000003
1766-01-01,1766,1,-7.672000000000001
1766-01-01,1766,1,-9.556
1766-01-01,1766,1,-7.832
1766-01-01,1766,1,-2.966999999999999
1766-02-01,1766,2,-2.8910000000000005
1766-02-01,1766,2,-5.109000000000001
1766-02-01,1766,2,-4.158
1766-02-01,1766,2,0.4239999999999987
1766-03-01,1766,3,2.7039999999999984
1766-03-01,1766,3,1.011999999999998
1766-03-01,1766,3,2.063
1766-03-01,1766,3,4.038
1766-04-01,1766,4,9.5
1766-04-01,1766,4,8.553
1766-04-01,1766,4,8.833
1766-04-01,1766,4,8.991999999999999
1766-05-01,1766,5,16.455
1766-05-01,1766,5,15.594
1766-05-01,1766,5,14.547999999999998
1766-05-01,1766,5,14.989
1766-06-01,1766,6,20.074
1766-06-01,1766,6,18.672
1766-06-01,1766,6,17.554999999999996
1766-06-01,1766,6,18.769
1766-07-01,1766,7,20.887
1766-07-01,1766,7,19.133000000000003
1766-07-01,1766,7,17.83
1766-07-01,1766,7,20.070000000000004
1766-08-01,1766,8,20.803000000000004
1766-08-01,1766,8,18.536
1766-08-01,1766,8,17.354
1766-08-01,1766,8,20.923
1766-09-01,1766,9,16.548000000000002
1766-09-01,1766,9,14.478999999999996
1766-09-01,1766,9,13.944
1766-09-01,1766,9,17.810000000000002
1766-10-01,1766,10,8.375999999999998
1766-10-01,1766,10,6.448
1766-10-01,1766,10,6.837999999999999
1766-10-01,1766,10,11.333
1766-11-01,1766,11,4.976000000000001
1766-11-01,1766,11,2.8799999999999986
1766-11-01,1766,11,3.677999999999998
1766-11-01,1766,11,9.591
1766-12-01,1766,12,-2.5380000000000003
1766-12-01,1766,12,-4.660000000000001
1766-12-01,1766,12,-3.658
1766-12-01,1766,12,2.7479999999999984
1767-01-01,1767,1,-9.115
1767-01-01,1767,1,-11.439
1767-01-01,1767,1,-11.119999999999996
1767-01-01,1767,1,-4.313000000000001
1767-02-01,1767,2,-3.037
1767-02-01,1767,2,-5.222999999999999
1767-02-01,1767,2,-3.17
1767-02-01,1767,2,0.3259999999999981
1767-03-01,1767,3,3.116999999999999
1767-03-01,1767,3,1.3040000000000005
1767-03-01,1767,3,1.819
1767-03-01,1767,3,4.481000000000002
1767-04-01,1767,4,6.499
1767-04-01,1767,4,5.072000000000002
1767-04-01,1767,4,4.925000000000001
1767-04-01,1767,4,6.175999999999998
1767-05-01,1767,5,14.59
1767-05-01,1767,5,13.664
1767-05-01,1767,5,12.291000000000002
1767-05-01,1767,5,13.159
1767-06-01,1767,6,20.378000000000004
1767-06-01,1767,6,18.901
1767-06-01,1767,6,16.831
1767-06-01,1767,6,19.015
1767-07-01,1767,7,21.367
1767-07-01,1767,7,19.167000000000005
1767-07-01,1767,7,18.027
1767-07-01,1767,7,20.742
1767-08-01,1767,8,21.893
1767-08-01,1767,8,19.906
1767-08-01,1767,8,18.444000000000003
1767-08-01,1767,8,21.855
1767-09-01,1767,9,16.252
1767-09-01,1767,9,14.561
1767-09-01,1767,9,14.06
1767-09-01,1767,9,17.36
1767-10-01,1767,10,9.371999999999998
1767-10-01,1767,10,7.401000000000001
1767-10-01,1767,10,7.876
1767-10-01,1767,10,12.337000000000002
1767-11-01,1767,11,6.082000000000001
1767-11-01,1767,11,4.324999999999998
1767-11-01,1767,11,5.066
1767-11-01,1767,11,10.491999999999996
1767-12-01,1767,12,-3.551
1767-12-01,1767,12,-5.415
1767-12-01,1767,12,-4.558
1767-12-01,1767,12,1.634999999999999
1768-01-01,1768,1,-9.512
1768-01-01,1768,1,-11.494
1768-01-01,1768,1,-9.976
1768-02-01,1768,2,-6.707000000000001
1768-02-01,1768,2,-8.832
1768-02-01,1768,2,-6.681000000000001
1768-02-01,1768,2,-3.3340000000000005
1768-03-01,1768,3,-1.5300000000000007
1768-03-01,1768,3,-3.7
1768-03-01,1768,3,-1.914
1768-03-01,1768,3,0.0699999999999987
1768-04-01,1768,4,8.187000000000003
1768-04-01,1768,4,6.983999999999998
1768-04-01,1768,4,6.954999999999999
1768-04-01,1768,4,7.774999999999999
1768-05-01,1768,5,13.265999999999998
1768-05-01,1768,5,12.27
1768-05-01,1768,5,11.724
1768-05-01,1768,5,11.938
1768-06-01,1768,6,18.979
1768-06-01,1768,6,17.801
1768-06-01,1768,6,16.424999999999997
1768-06-01,1768,6,17.535999999999998
1768-07-01,1768,7,21.851
1768-07-01,1768,7,19.975
1768-07-01,1768,7,18.616
1768-07-01,1768,7,21.07
1768-08-01,1768,8,20.090999999999998
1768-08-01,1768,8,17.970000000000002
1768-08-01,1768,8,17.122999999999998
1768-08-01,1768,8,20.175
1768-09-01,1768,9,15.125999999999998
1768-09-01,1768,9,13.011000000000005
1768-09-01,1768,9,12.317
1768-09-01,1768,9,16.408
1768-10-01,1768,10,7.823000000000001
1768-10-01,1768,10,5.747
1768-10-01,1768,10,6.248000000000001
1768-10-01,1768,10,10.82
1768-11-01,1768,11,2.718999999999999
1768-11-01,1768,11,0.9049999999999988
1768-11-01,1768,11,1.9760000000000013
1768-11-01,1768,11,7.220000000000002
1768-12-01,1768,12,-1.2000000000000002
1768-12-01,1768,12,-2.397
1768-12-01,1768,12,-1.641000000000001
1768-12-01,1768,12,3.665999999999999
1769-01-01,1769,1,-2.571
1769-01-01,1769,1,-4.057
1769-01-01,1769,1,-2.655
1769-01-01,1769,1,1.9370000000000016
1769-02-01,1769,2,-3.610000000000001
1769-02-01,1769,2,-5.4030000000000005
1769-02-01,1769,2,-3.728999999999999
1769-02-01,1769,2,-0.4269999999999996
1769-03-01,1769,3,1.4859999999999989
1769-03-01,1769,3,-0.0789999999999994
1769-03-01,1769,3,1.0630000000000015
1769-03-01,1769,3,2.7749999999999986
1769-04-01,1769,4,9.404
1769-04-01,1769,4,8.029
1769-04-01,1769,4,7.840999999999998
1769-04-01,1769,4,9.037
1769-05-01,1769,5,16.545
1769-05-01,1769,5,15.482000000000005
1769-05-01,1769,5,13.436
1769-05-01,1769,5,15.124
1769-06-01,1769,6,21.643000000000004
1769-06-01,1769,6,20.108
1769-06-01,1769,6,17.854000000000003
1769-06-01,1769,6,20.316
1769-07-01,1769,7,22.105
1769-07-01,1769,7,19.955
1769-07-01,1769,7,18.31
1769-07-01,1769,7,21.396
1769-08-01,1769,8,20.922
1769-08-01,1769,8,18.692
1769-08-01,1769,8,17.017999999999997
1769-08-01,1769,8,21.005
1769-09-01,1769,9,15.865000000000002
1769-09-01,1769,9,13.753000000000002
1769-09-01,1769,9,13.453
1769-09-01,1769,9,17.174999999999997
1769-10-01,1769,10,4.947999999999999
1769-10-01,1769,10,2.8770000000000016
1769-10-01,1769,10,3.3469999999999995
1769-10-01,1769,10,7.965000000000002
1769-11-01,1769,11,0.9559999999999984
1769-11-01,1769,11,-1.2579999999999991
1769-11-01,1769,11,0.6269999999999993
1769-11-01,1769,11,5.692000000000002
1769-12-01,1769,12,-4.37
1769-12-01,1769,12,-6.355
1769-12-01,1769,12,-3.9410000000000007
1769-12-01,1769,12,0.9539999999999992
1770-01-01,1770,1,-4.497
1770-01-01,1770,1,-6.379
1770-01-01,1770,1,-5.348000000000001
1770-01-01,1770,1,0.1359999999999988
1770-02-01,1770,2,-2.938999999999999
1770-02-01,1770,2,-5.028
1770-02-01,1770,2,-3.4290000000000003
1770-02-01,1770,2,0.4080000000000005
1770-03-01,1770,3,-2.2199999999999998
1770-03-01,1770,3,-4.608
1770-03-01,1770,3,-3.209999999999999
1770-03-01,1770,3,-0.5389999999999991
1770-04-01,1770,4,10.589000000000002
1770-04-01,1770,4,9.358
1770-04-01,1770,4,7.901000000000001
1770-04-01,1770,4,10.081
1770-05-01,1770,5,14.783
1770-05-01,1770,5,13.951999999999998
1770-05-01,1770,5,12.971
1770-05-01,1770,5,13.333999999999998
1770-06-01,1770,6,18.607
1770-06-01,1770,6,15.945
1770-06-01,1770,6,17.32
1770-07-01,1770,7,19.375
1770-07-01,1770,7,17.412
1770-07-01,1770,7,16.793999999999997
1770-07-01,1770,7,18.677000000000003
1770-08-01,1770,8,19.338000000000005
1770-08-01,1770,8,17.398
1770-08-01,1770,8,16.795
1770-08-01,1770,8,19.365
1770-09-01,1770,9,15.86
1770-09-01,1770,9,14.046
1770-09-01,1770,9,13.958000000000002
1770-09-01,1770,9,17.075000000000003
1770-10-01,1770,10,9.983
1770-10-01,1770,10,8.394999999999998
1770-10-01,1770,10,8.791
1770-10-01,1770,10,12.778
1770-11-01,1770,11,3.973999999999999
1770-11-01,1770,11,1.8079999999999985
1770-11-01,1770,11,2.466
1770-11-01,1770,11,8.575000000000001
1770-12-01,1770,12,1.3369999999999986
1770-12-01,1770,12,-0.4360000000000003
1770-12-01,1770,12,0.2339999999999994
1770-12-01,1770,12,6.375000000000001
1771-01-01,1771,1,-1.7379999999999995
1771-01-01,1771,1,-4.341
1771-01-01,1771,1,-4.143
1771-01-01,1771,1,3.1790000000000003
1771-02-01,1771,2,-7.844
1771-02-01,1771,2,-10.279000000000002
1771-02-01,1771,2,-8.198
1771-02-01,1771,2,-4.288
1771-03-01,1771,3,-2.035
1771-03-01,1771,3,-4.573
1771-03-01,1771,3,-3.515000000000001
1771-03-01,1771,3,-0.2779999999999994
1771-04-01,1771,4,5.972999999999998
1771-04-01,1771,4,4.59
1771-04-01,1771,4,4.0710000000000015
1771-04-01,1771,4,5.604000000000002
1771-05-01,1771,5,14.781999999999998
1771-05-01,1771,5,13.768999999999998
1771-05-01,1771,5,13.887999999999998
1771-05-01,1771,5,13.470999999999998
1771-06-01,1771,6,20.694000000000003
1771-06-01,1771,6,19.611000000000004
1771-06-01,1771,6,17.711
1771-06-01,1771,6,19.178
1771-07-01,1771,7,21.472000000000005
1771-07-01,1771,7,19.474000000000004
1771-07-01,1771,7,17.819999999999997
1771-07-01,1771,7,20.738
1771-08-01,1771,8,21.10100000000001
1771-08-01,1771,8,18.588
1771-08-01,1771,8,16.822999999999997
1771-08-01,1771,8,21.322
1771-09-01,1771,9,16.218
1771-09-01,1771,9,14.102
1771-09-01,1771,9,13.533
1771-09-01,1771,9,17.513999999999996
1771-10-01,1771,10,10.162
1771-10-01,1771,10,8.094999999999999
1771-10-01,1771,10,8.216999999999999
1771-10-01,1771,10,13.145
1771-11-01,1771,11,1.1469999999999994
1771-11-01,1771,11,-0.9660000000000006
1771-11-01,1771,11,-0.4680000000000007
1771-11-01,1771,11,5.757000000000001
1771-12-01,1771,12,-1.524000000000001
1771-12-01,1771,12,-3.314
1771-12-01,1771,12,-1.9259999999999995
1771-12-01,1771,12,3.679
1772-01-01,1772,1,-4.242
1772-01-01,1772,1,-6.619000000000001
1772-01-01,1772,1,-4.42
1772-01-01,1772,1,0.7060000000000007
1772-02-01,1772,2,-4.771000000000001
1772-02-01,1772,2,-7.684999999999999
1772-02-01,1772,2,-4.459999999999999
1772-02-01,1772,2,-0.99
1772-03-01,1772,3,0.306999999999999
1772-03-01,1772,3,-2.075
1772-03-01,1772,3,-0.0019999999999992
1772-03-01,1772,3,2.0449999999999986
1772-04-01,1772,4,9.641
1772-04-01,1772,4,8.087000000000002
1772-04-01,1772,4,7.479000000000001
1772-04-01,1772,4,9.347
1772-05-01,1772,5,13.763000000000002
1772-05-01,1772,5,12.586999999999998
1772-05-01,1772,5,11.256000000000002
1772-05-01,1772,5,12.453
1772-06-01,1772,6,19.422
1772-06-01,1772,6,17.877000000000002
1772-06-01,1772,6,17.104
1772-06-01,1772,6,18.198
1772-07-01,1772,7,22.596
1772-07-01,1772,7,20.44
1772-07-01,1772,7,18.945
1772-07-01,1772,7,21.935
1772-08-01,1772,8,21.552
1772-08-01,1772,8,19.344
1772-08-01,1772,8,17.961000000000002
1772-08-01,1772,8,21.643000000000004
1772-09-01,1772,9,15.754
1772-09-01,1772,9,13.762
1772-09-01,1772,9,13.789
1772-09-01,1772,9,17.023
1772-10-01,1772,10,10.057
1772-10-01,1772,10,8.344
1772-10-01,1772,10,8.863999999999997
1772-10-01,1772,10,12.924
1772-11-01,1772,11,6.375000000000001
1772-11-01,1772,11,4.583000000000001
1772-11-01,1772,11,5.364000000000001
1772-11-01,1772,11,10.831
1772-12-01,1772,12,-0.6680000000000005
1772-12-01,1772,12,-0.1549999999999999
1772-12-01,1772,12,6.462
1773-01-01,1773,1,-6.423999999999999
1773-01-01,1773,1,-8.424
1773-01-01,1773,1,-5.221
1773-01-01,1773,1,-1.571
1773-02-01,1773,2,-4.315999999999999
1773-02-01,1773,2,-6.157
1773-02-01,1773,2,-4.364
1773-02-01,1773,2,-1.084
1773-03-01,1773,3,0.8650000000000012
1773-03-01,1773,3,-0.7929999999999993
1773-03-01,1773,3,0.2420000000000005
1773-03-01,1773,3,2.196000000000002
1773-04-01,1773,4,10.454
1773-04-01,1773,4,9.505000000000004
1773-04-01,1773,4,8.667
1773-04-01,1773,4,9.856000000000002
1773-05-01,1773,5,18.288000000000004
1773-05-01,1773,5,17.557000000000002
1773-05-01,1773,5,16.218
1773-05-01,1773,5,16.719
1773-06-01,1773,6,19.453
1773-06-01,1773,6,18.257
1773-06-01,1773,6,16.58
1773-06-01,1773,6,17.983999999999998
1773-07-01,1773,7,22.108
1773-07-01,1773,7,20.407
1773-07-01,1773,7,18.513
1773-07-01,1773,7,21.183000000000003
1773-08-01,1773,8,20.957
1773-08-01,1773,8,19.116
1773-08-01,1773,8,17.740000000000002
1773-08-01,1773,8,20.865
1773-09-01,1773,9,17.256
1773-09-01,1773,9,15.232
1773-09-01,1773,9,14.731000000000002
1773-09-01,1773,9,18.513
1773-10-01,1773,10,10.288
1773-10-01,1773,10,8.436
1773-10-01,1773,10,9.17
1773-10-01,1773,10,13.218999999999998
1773-11-01,1773,11,1.7980000000000018
1773-11-01,1773,11,0.0259999999999986
1773-11-01,1773,11,1.665
1773-11-01,1773,11,6.322000000000002
1773-12-01,1773,12,1.355
1773-12-01,1773,12,-0.6950000000000007
1773-12-01,1773,12,0.4559999999999991
1773-12-01,1773,12,6.583000000000002
1774-01-01,1774,1,-6.404
1774-01-01,1774,1,-8.866
1774-01-01,1774,1,-6.917000000000001
1774-01-01,1774,1,-1.4509999999999994
1774-02-01,1774,2,-1.6920000000000002
1774-02-01,1774,2,-3.682
1774-02-01,1774,2,-2.387000000000001
1774-02-01,1774,2,1.549000000000002
1774-03-01,1774,3,2.391999999999999
1774-03-01,1774,3,0.5139999999999981
1774-03-01,1774,3,1.9299999999999984
1774-03-01,1774,3,3.8199999999999994
1774-04-01,1774,4,11.351000000000004
1774-04-01,1774,4,9.917
1774-04-01,1774,4,9.714
1774-04-01,1774,4,10.981
1774-05-01,1774,5,19.11
1774-05-01,1774,5,16.285999999999998
1774-05-01,1774,5,18.452
1774-06-01,1774,6,22.569000000000003
1774-06-01,1774,6,21.504
1774-06-01,1774,6,19.397
1774-06-01,1774,6,21.024
1774-07-01,1774,7,24.393
1774-07-01,1774,7,22.486000000000004
1774-07-01,1774,7,20.052
1774-07-01,1774,7,23.544
1774-08-01,1774,8,21.588000000000005
1774-08-01,1774,8,19.274999999999995
1774-08-01,1774,8,18.028
1774-08-01,1774,8,21.739
1774-09-01,1774,9,15.377999999999998
1774-09-01,1774,9,13.233
1774-09-01,1774,9,12.666
1774-09-01,1774,9,16.695999999999998
1774-10-01,1774,10,8.458000000000002
1774-10-01,1774,10,6.4460000000000015
1774-10-01,1774,10,7.108999999999999
1774-10-01,1774,10,11.439000000000002
1774-11-01,1774,11,-1.6769999999999996
1774-11-01,1774,11,-4.504
1774-11-01,1774,11,-3.532000000000001
1774-11-01,1774,11,3.250000000000001
1774-12-01,1774,12,-4.201000000000001
1774-12-01,1774,12,-5.966
1774-12-01,1774,12,-4.695
1774-12-01,1774,12,0.931999999999999
1775-01-01,1775,1,-3.524
1775-01-01,1775,1,-5.671999999999999
1775-01-01,1775,1,-4.75
1775-01-01,1775,1,1.2129999999999994
1775-02-01,1775,2,-0.2970000000000006
1775-02-01,1775,2,-2.4519999999999995
1775-02-01,1775,2,-0.5350000000000006
1775-02-01,1775,2,3.0359999999999983
1775-03-01,1775,3,4.256000000000001
1775-03-01,1775,3,2.4139999999999997
1775-03-01,1775,3,3.2890000000000006
1775-03-01,1775,3,5.628000000000001
1775-04-01,1775,4,7.628000000000002
1775-04-01,1775,4,6.470999999999998
1775-04-01,1775,4,6.072999999999998
1775-04-01,1775,4,7.181999999999999
1775-05-01,1775,5,14.793
1775-05-01,1775,5,13.956
1775-05-01,1775,5,12.522
1775-05-01,1775,5,13.312
1775-06-01,1775,6,19.735
1775-06-01,1775,6,18.618
1775-06-01,1775,6,18.316
1775-06-01,1775,6,18.318
1775-07-01,1775,7,22.805000000000003
1775-07-01,1775,7,21.148
1775-07-01,1775,7,19.719999999999995
1775-07-01,1775,7,21.921000000000006
1775-08-01,1775,8,23.113
1775-08-01,1775,8,21.273
1775-08-01,1775,8,20.315
1775-08-01,1775,8,23.071
1775-09-01,1775,9,16.777
1775-09-01,1775,9,15.302
1775-09-01,1775,9,15.4
1775-09-01,1775,9,17.833000000000002
1775-10-01,1775,10,11.284
1775-10-01,1775,10,9.585
1775-10-01,1775,10,9.783
1775-10-01,1775,10,14.114999999999998
1775-11-01,1775,11,4.803999999999999
1775-11-01,1775,11,2.1229999999999984
1775-11-01,1775,11,2.622
1775-11-01,1775,11,9.61
1775-12-01,1775,12,-2.608000000000001
1775-12-01,1775,12,-4.118000000000001
1775-12-01,1775,12,-2.4980000000000007
1775-12-01,1775,12,2.445000000000002
1776-01-01,1776,1,-8.728
1776-01-01,1776,1,-11.332
1776-01-01,1776,1,-10.501
1776-01-01,1776,1,-3.7200000000000006
1776-02-01,1776,2,-0.5340000000000009
1776-02-01,1776,2,-2.2050000000000005
1776-02-01,1776,2,-0.7649999999999993
1776-02-01,1776,2,2.5729999999999995
1776-03-01,1776,3,1.7660000000000011
1776-03-01,1776,3,0.0089999999999987
1776-03-01,1776,3,1.6660000000000017
1776-03-01,1776,3,3.172000000000001
1776-04-01,1776,4,7.702999999999999
1776-04-01,1776,4,6.399
1776-04-01,1776,4,6.489
1776-04-01,1776,4,7.330999999999999
1776-05-01,1776,5,14.810999999999998
1776-05-01,1776,5,14.045
1776-05-01,1776,5,12.231
1776-05-01,1776,5,13.294000000000002
1776-06-01,1776,6,20.672
1776-06-01,1776,6,19.567
1776-06-01,1776,6,17.794
1776-06-01,1776,6,19.176
1776-07-01,1776,7,22.024999999999995
1776-07-01,1776,7,20.471000000000004
1776-07-01,1776,7,19.121
1776-07-01,1776,7,21.105000000000004
1776-08-01,1776,8,21.869
1776-08-01,1776,8,19.707
1776-08-01,1776,8,18.398
1776-08-01,1776,8,21.939000000000004
1776-09-01,1776,9,14.976
1776-09-01,1776,9,13.032
1776-09-01,1776,9,12.876
1776-09-01,1776,9,16.211
1776-10-01,1776,10,7.677000000000002
1776-10-01,1776,10,5.855999999999998
1776-10-01,1776,10,6.422999999999999
1776-10-01,1776,10,10.603
1776-11-01,1776,11,2.215000000000001
1776-11-01,1776,11,0.1649999999999983
1776-11-01,1776,11,1.387999999999998
1776-11-01,1776,11,6.817000000000001
1776-12-01,1776,12,-1.0199999999999991
1776-12-01,1776,12,-2.642000000000001
1776-12-01,1776,12,-2.3880000000000003
1776-12-01,1776,12,4.016
1777-01-01,1777,1,-2.412
1777-01-01,1777,1,-4.603999999999999
1777-01-01,1777,1,-4.714999999999999
1777-01-01,1777,1,2.2960000000000016
1777-02-01,1777,2,-3.045000000000001
1777-02-01,1777,2,-5.761
1777-02-01,1777,2,-4.656000000000001
1777-02-01,1777,2,0.4860000000000002
1777-03-01,1777,3,1.3850000000000011
1777-03-01,1777,3,-0.8450000000000004
1777-03-01,1777,3,0.6090000000000018
1777-03-01,1777,3,2.967000000000001
1777-04-01,1777,4,5.972999999999998
1777-04-01,1777,4,4.593999999999999
1777-04-01,1777,4,4.705999999999999
1777-04-01,1777,4,5.655000000000001
1777-05-01,1777,5,16.429000000000002
1777-05-01,1777,5,15.864
1777-05-01,1777,5,14.534
1777-05-01,1777,5,14.830000000000004
1777-06-01,1777,6,19.435
1777-06-01,1777,6,18.263
1777-06-01,1777,6,16.804
1777-06-01,1777,6,17.993000000000002
1777-07-01,1777,7,20.265
1777-07-01,1777,7,18.453
1777-07-01,1777,7,17.118
1777-07-01,1777,7,19.451
1777-08-01,1777,8,19.918
1777-08-01,1777,8,17.657
1777-08-01,1777,8,17.122999999999998
1777-08-01,1777,8,20.077
1777-09-01,1777,9,14.486999999999998
1777-09-01,1777,9,12.232
1777-09-01,1777,9,11.812999999999995
1777-09-01,1777,9,15.855999999999998
1777-10-01,1777,10,6.888000000000002
1777-10-01,1777,10,4.969999999999999
1777-10-01,1777,10,6.048999999999999
1777-10-01,1777,10,9.884000000000002
1777-11-01,1777,11,3.533999999999998
1777-11-01,1777,11,1.826
1777-11-01,1777,11,3.2920000000000016
1777-11-01,1777,11,8.011000000000003
1777-12-01,1777,12,-0.8799999999999998
1777-12-01,1777,12,-2.4739999999999998
1777-12-01,1777,12,-1.8130000000000004
1777-12-01,1777,12,4.156999999999999
1778-01-01,1778,1,-2.791000000000001
1778-01-01,1778,1,-5.173999999999999
1778-01-01,1778,1,-3.726000000000001
1778-01-01,1778,1,2.092
1778-02-01,1778,2,-2.241
1778-02-01,1778,2,-4.551
1778-02-01,1778,2,-4.039999999999999
1778-02-01,1778,2,1.0909999999999995
1778-03-01,1778,3,1.6199999999999983
1778-03-01,1778,3,-0.1559999999999995
1778-03-01,1778,3,1.3759999999999986
1778-03-01,1778,3,3.0189999999999984
1778-04-01,1778,4,11.820000000000002
1778-04-01,1778,4,10.557
1778-04-01,1778,4,10.267000000000005
1778-04-01,1778,4,11.390999999999998
1778-05-01,1778,5,16.068
1778-05-01,1778,5,15.267999999999995
1778-05-01,1778,5,14.467999999999998
1778-05-01,1778,5,14.609
1778-06-01,1778,6,18.993
1778-06-01,1778,6,18.032
1778-06-01,1778,6,16.942
1778-06-01,1778,6,17.496
1778-07-01,1778,7,22.817
1778-07-01,1778,7,20.882
1778-07-01,1778,7,19.986000000000004
1778-07-01,1778,7,22.077000000000005
1778-08-01,1778,8,20.432
1778-08-01,1778,8,18.344
1778-08-01,1778,8,17.935000000000002
1778-08-01,1778,8,20.516
1778-09-01,1778,9,16.522000000000002
1778-09-01,1778,9,14.337000000000002
1778-09-01,1778,9,12.945999999999998
1778-09-01,1778,9,17.793
1778-10-01,1778,10,8.006999999999998
1778-10-01,1778,10,5.670000000000002
1778-10-01,1778,10,6.062
1778-10-01,1778,10,11.102
1778-11-01,1778,11,-0.4970000000000003
1778-11-01,1778,11,1.8630000000000004
1778-11-01,1778,11,6.277
1778-12-01,1778,12,-0.5030000000000001
1778-12-01,1778,12,-2.1110000000000007
1778-12-01,1778,12,0.6419999999999999
1779-01-01,1779,1,-6.002999999999999
1779-01-01,1779,1,-7.6789999999999985
1779-01-01,1779,1,-6.406
1779-01-01,1779,1,-1.399
1779-02-01,1779,2,-0.4460000000000007
1779-02-01,1779,2,-2.116000000000001
1779-02-01,1779,2,0.293
1779-02-01,1779,2,2.716000000000002
1779-03-01,1779,3,3.4750000000000014
1779-03-01,1779,3,1.9710000000000008
1779-03-01,1779,3,3.286
1779-03-01,1779,3,4.741
1779-04-01,1779,4,10.707
1779-04-01,1779,4,9.422999999999998
1779-04-01,1779,4,9.696000000000002
1779-04-01,1779,4,10.338
1779-05-01,1779,5,18.511
1779-05-01,1779,5,17.563000000000002
1779-05-01,1779,5,15.921
1779-06-01,1779,6,18.540000000000003
1779-06-01,1779,6,17.433
1779-06-01,1779,6,15.804000000000002
1779-06-01,1779,6,17.043
1779-07-01,1779,7,20.100000000000005
1779-07-01,1779,7,18.247
1779-07-01,1779,7,16.907
1779-07-01,1779,7,19.34
1779-08-01,1779,8,20.773999999999997
1779-08-01,1779,8,19.056
1779-08-01,1779,8,18.215000000000003
1779-08-01,1779,8,20.676
1779-09-01,1779,9,16.343
1779-09-01,1779,9,14.421
1779-09-01,1779,9,14.165
1779-09-01,1779,9,17.604
1779-10-01,1779,10,9.420000000000002
1779-10-01,1779,10,7.659000000000002
1779-10-01,1779,10,8.728
1779-10-01,1779,10,12.363
1779-11-01,1779,11,4.082
1779-11-01,1779,11,2.269000000000001
1779-11-01,1779,11,3.5940000000000003
1779-11-01,1779,11,8.533999999999999
1779-12-01,1779,12,0.4910000000000004
1779-12-01,1779,12,-1.3870000000000005
1779-12-01,1779,12,0.4829999999999994
1780-01-01,1780,1,-5.426
1780-01-01,1780,1,-7.930000000000001
1780-01-01,1780,1,-6.4750000000000005
1780-01-01,1780,1,-0.4879999999999995
1780-02-01,1780,2,-4.614999999999999
1780-02-01,1780,2,-6.954
1780-02-01,1780,2,-5.765999999999999
1780-02-01,1780,2,-1.2069999999999996
1780-03-01,1780,3,3.612000000000002
1780-03-01,1780,3,2.313999999999999
1780-03-01,1780,3,3.8120000000000016
1780-03-01,1780,3,4.817
1780-04-01,1780,4,10.877999999999998
1780-04-01,1780,4,8.890999999999998
1780-04-01,1780,4,6.993000000000001
1780-04-01,1780,4,10.648000000000003
1780-05-01,1780,5,17.791999999999998
1780-05-01,1780,5,16.197999999999997
1780-05-01,1780,5,14.290999999999997
1780-05-01,1780,5,16.589
1780-06-01,1780,6,19.827
1780-06-01,1780,6,18.024
1780-06-01,1780,6,16.337
1780-06-01,1780,6,18.615
1780-07-01,1780,7,22.605
1780-07-01,1780,7,20.666000000000004
1780-07-01,1780,7,18.501
1780-07-01,1780,7,21.799000000000003
1780-08-01,1780,8,19.357000000000003
1780-08-01,1780,8,17.251
1780-08-01,1780,8,16.711
1780-08-01,1780,8,19.447
1780-09-01,1780,9,13.188
1780-09-01,1780,9,11.300000000000002
1780-09-01,1780,9,11.653
1780-09-01,1780,9,14.444
1780-10-01,1780,10,10.011
1780-10-01,1780,10,8.101
1780-10-01,1780,10,8.860000000000001
1780-10-01,1780,10,12.976
1780-11-01,1780,11,4.565
1780-11-01,1780,11,2.3329999999999984
1780-11-01,1780,11,2.9239999999999986
1780-11-01,1780,11,9.163999999999998
1780-12-01,1780,12,-4.152000000000001
1780-12-01,1780,12,-6.347
1780-12-01,1780,12,-5.088
1780-12-01,1780,12,1.2120000000000015
1781-01-01,1781,1,-4.724
1781-01-01,1781,1,-6.8020000000000005
1781-01-01,1781,1,-5.390000000000001
1781-01-01,1781,1,0.0429999999999984
1781-02-01,1781,2,-4.145
1781-02-01,1781,2,-6.167
1781-02-01,1781,2,-3.689
1781-02-01,1781,2,-0.8120000000000004
1781-03-01,1781,3,1.2269999999999983
1781-03-01,1781,3,-0.5539999999999997
1781-03-01,1781,3,1.0500000000000005
1781-03-01,1781,3,2.656
1781-04-01,1781,4,8.240999999999998
1781-04-01,1781,4,7.095999999999998
1781-04-01,1781,4,8.186
1781-04-01,1781,4,7.861
1781-05-01,1781,5,14.445
1781-05-01,1781,5,13.637
1781-05-01,1781,5,14.437000000000005
1781-06-01,1781,6,19.543000000000003
1781-06-01,1781,6,18.251
1781-06-01,1781,6,18.033
1781-06-01,1781,6,18.201
1781-07-01,1781,7,22.421
1781-07-01,1781,7,20.313
1781-07-01,1781,7,19.161
1781-07-01,1781,7,21.723
1781-08-01,1781,8,23.648
1781-08-01,1781,8,21.862000000000005
1781-08-01,1781,8,21.348
1781-08-01,1781,8,23.56
1781-09-01,1781,9,16.837000000000003
1781-09-01,1781,9,15.332
1781-09-01,1781,9,15.627
1781-09-01,1781,9,17.941999999999993
1781-10-01,1781,10,7.933999999999999
1781-10-01,1781,10,6.0310000000000015
1781-10-01,1781,10,6.021000000000001
1781-10-01,1781,10,10.867
1781-11-01,1781,11,5.748999999999999
1781-11-01,1781,11,4.000000000000002
1781-11-01,1781,11,4.233
1781-11-01,1781,11,10.169000000000002
1781-12-01,1781,12,-3.392999999999999
1781-12-01,1781,12,-6.055000000000001
1781-12-01,1781,12,-4.526999999999999
1781-12-01,1781,12,2.1259999999999994
1782-01-01,1782,1,-4.404
1782-01-01,1782,1,-5.66
1782-01-01,1782,1,-3.5689999999999995
1782-01-01,1782,1,0.0559999999999997
1782-02-01,1782,2,-7.926
1782-02-01,1782,2,-10.302
1782-02-01,1782,2,-7.968
1782-02-01,1782,2,-4.434000000000001
1782-03-01,1782,3,0.647
1782-03-01,1782,3,-0.9689999999999996
1782-03-01,1782,3,0.2600000000000019
1782-03-01,1782,3,1.9420000000000015
1782-04-01,1782,4,8.74
1782-04-01,1782,4,7.249999999999998
1782-04-01,1782,4,6.981000000000002
1782-04-01,1782,4,8.394999999999998
1782-05-01,1782,5,15.775000000000002
1782-05-01,1782,5,14.727
1782-05-01,1782,5,13.577000000000002
1782-05-01,1782,5,14.329999999999997
1782-06-01,1782,6,19.524999999999995
1782-06-01,1782,6,17.903999999999996
1782-06-01,1782,6,16.796
1782-06-01,1782,6,18.281
1782-07-01,1782,7,22.478
1782-07-01,1782,7,20.249
1782-07-01,1782,7,19.377
1782-07-01,1782,7,21.84
1782-08-01,1782,8,22.015
1782-08-01,1782,8,19.408
1782-08-01,1782,8,17.927000000000003
1782-08-01,1782,8,22.27200000000001
1782-09-01,1782,9,15.941000000000004
1782-09-01,1782,9,13.884
1782-09-01,1782,9,13.252
1782-09-01,1782,9,17.215
1782-10-01,1782,10,9.26
1782-10-01,1782,10,7.325000000000001
1782-10-01,1782,10,6.812000000000001
1782-10-01,1782,10,12.154000000000002
1782-11-01,1782,11,2.274000000000002
1782-11-01,1782,11,0.2590000000000003
1782-11-01,1782,11,0.3820000000000018
1782-11-01,1782,11,6.782
1782-12-01,1782,12,-4.282
1782-12-01,1782,12,-6.733
1782-12-01,1782,12,-4.255999999999999
1782-12-01,1782,12,1.2260000000000006
1783-01-01,1783,1,-7.015999999999999
1783-01-01,1783,1,-9.42
1783-01-01,1783,1,-5.37
1783-01-01,1783,1,-2.013
1783-02-01,1783,2,0.1490000000000001
1783-02-01,1783,2,-1.969
1783-02-01,1783,2,0.0960000000000012
1783-02-01,1783,2,3.4500000000000006
1783-03-01,1783,3,1.1049999999999984
1783-03-01,1783,3,-0.8560000000000004
1783-03-01,1783,3,0.0720000000000019
1783-03-01,1783,3,2.556
1783-04-01,1783,4,8.258999999999999
1783-04-01,1783,4,7.149000000000001
1783-04-01,1783,4,7.0440000000000005
1783-04-01,1783,4,7.825000000000001
1783-05-01,1783,5,18.149
1783-05-01,1783,5,17.446
1783-05-01,1783,5,15.948
1783-05-01,1783,5,16.589
1783-06-01,1783,6,22.158
1783-06-01,1783,6,21.074
1783-06-01,1783,6,19.292
1783-06-01,1783,6,20.619
1783-07-01,1783,7,20.734
1783-07-01,1783,7,19.044
1783-07-01,1783,7,18.494
1783-07-01,1783,7,19.948000000000004
1783-08-01,1783,8,22.355000000000004
1783-08-01,1783,8,20.495999999999995
1783-08-01,1783,8,19.262
1783-08-01,1783,8,22.289
1783-09-01,1783,9,15.787999999999998
1783-09-01,1783,9,14.005000000000004
1783-09-01,1783,9,14.455
1783-09-01,1783,9,17.016000000000002
1783-10-01,1783,10,8.870999999999999
1783-10-01,1783,10,7.232000000000001
1783-10-01,1783,10,8.223
1783-10-01,1783,10,11.754
1783-11-01,1783,11,0.0019999999999992
1783-11-01,1783,11,-1.9730000000000003
1783-11-01,1783,11,0.3529999999999983
1783-11-01,1783,11,4.6320000000000014
1783-12-01,1783,12,-4.711
1783-12-01,1783,12,-6.56
1783-12-01,1783,12,-5.982000000000001
1783-12-01,1783,12,0.4709999999999997
1784-01-01,1784,1,-5.094
1784-01-01,1784,1,-7.13
1784-01-01,1784,1,-7.809000000000001
1784-01-01,1784,1,-0.4329999999999994
1784-02-01,1784,2,-5.291
1784-02-01,1784,2,-7.183000000000001
1784-02-01,1784,2,-5.755000000000001
1784-02-01,1784,2,-2.041
1784-03-01,1784,3,0.8199999999999995
1784-03-01,1784,3,-1.4210000000000005
1784-03-01,1784,3,-0.5080000000000003
1784-03-01,1784,3,2.347999999999999
1784-04-01,1784,4,8.834000000000001
1784-04-01,1784,4,7.8679999999999986
1784-04-01,1784,4,6.707000000000001
1784-04-01,1784,4,8.241999999999999
1784-05-01,1784,5,14.783
1784-05-01,1784,5,13.425
1784-05-01,1784,5,13.586
1784-05-01,1784,5,13.605
1784-06-01,1784,6,19.738999999999997
1784-06-01,1784,6,18.262
1784-06-01,1784,6,17.288
1784-07-01,1784,7,22.380000000000003
1784-07-01,1784,7,20.283
1784-07-01,1784,7,18.492
1784-07-01,1784,7,21.658
1784-08-01,1784,8,24.057
1784-08-01,1784,8,21.84
1784-08-01,1784,8,20.14
1784-08-01,1784,8,24.061
1784-09-01,1784,9,15.471
1784-09-01,1784,9,13.209
1784-09-01,1784,9,13.809
1784-09-01,1784,9,16.868999999999996
1784-10-01,1784,10,6.973000000000001
1784-10-01,1784,10,5.106000000000002
1784-10-01,1784,10,5.359
1784-10-01,1784,10,9.884000000000002
1784-11-01,1784,11,3.1729999999999987
1784-11-01,1784,11,1.5249999999999986
1784-11-01,1784,11,7.588
1784-12-01,1784,12,-0.8699999999999994
1784-12-01,1784,12,-2.7829999999999995
1784-12-01,1784,12,-1.8829999999999991
1784-12-01,1784,12,4.283000000000001
1785-01-01,1785,1,-5.782
1785-01-01,1785,1,-7.532000000000001
1785-01-01,1785,1,-6.654
1785-01-01,1785,1,-1.1629999999999994
1785-02-01,1785,2,-4.892
1785-02-01,1785,2,-6.901000000000001
1785-02-01,1785,2,-5.846
1785-02-01,1785,2,-1.6240000000000008
1785-03-01,1785,3,-4.514999999999999
1785-03-01,1785,3,-6.510000000000001
1785-03-01,1785,3,-5.904
1785-03-01,1785,3,-3.03
1785-04-01,1785,4,6.612000000000001
1785-04-01,1785,4,5.196999999999999
1785-04-01,1785,4,4.459999999999999
1785-04-01,1785,4,6.262
1785-05-01,1785,5,14.473999999999998
1785-05-01,1785,5,13.052999999999995
1785-05-01,1785,5,12.021
1785-05-01,1785,5,13.249
1785-06-01,1785,6,19.257
1785-06-01,1785,6,17.496
1785-06-01,1785,6,15.634
1785-06-01,1785,6,18.035
1785-07-01,1785,7,21.334000000000003
1785-07-01,1785,7,19.157
1785-07-01,1785,7,17.331
1785-07-01,1785,7,20.654
1785-08-01,1785,8,21.545
1785-08-01,1785,8,19.152999999999995
1785-08-01,1785,8,17.424
1785-08-01,1785,8,21.685
1785-09-01,1785,9,15.403
1785-09-01,1785,9,13.21
1785-09-01,1785,9,13.782000000000002
1785-09-01,1785,9,16.793
1785-10-01,1785,10,7.15
1785-10-01,1785,10,5.098999999999998
1785-10-01,1785,10,6.238
1785-10-01,1785,10,10.208999999999998
1785-11-01,1785,11,4.1530000000000005
1785-11-01,1785,11,2.301000000000002
1785-11-01,1785,11,3.048000000000002
1785-11-01,1785,11,8.634000000000002
1785-12-01,1785,12,-3.7270000000000008
1785-12-01,1785,12,-6.224999999999999
1785-12-01,1785,12,-4.392999999999999
1785-12-01,1785,12,1.7939999999999994
1786-01-01,1786,1,-5.261999999999999
1786-01-01,1786,1,-6.929
1786-01-01,1786,1,-4.999
1786-01-01,1786,1,-0.669
1786-02-01,1786,2,-4.929999999999999
1786-02-01,1786,2,-7.214999999999999
1786-02-01,1786,2,-5.279
1786-02-01,1786,2,-1.4870000000000003
1786-03-01,1786,3,2.3440000000000003
1786-03-01,1786,3,-0.3339999999999992
1786-03-01,1786,3,0.6210000000000014
1786-03-01,1786,3,4.056999999999999
1786-04-01,1786,4,10.265
1786-04-01,1786,4,9.226
1786-04-01,1786,4,9.082
1786-04-01,1786,4,9.744
1786-05-01,1786,5,14.471
1786-05-01,1786,5,13.186
1786-05-01,1786,5,11.583000000000002
1786-05-01,1786,5,13.199000000000002
1786-06-01,1786,6,19.287
1786-06-01,1786,6,17.852
1786-06-01,1786,6,16.652
1786-06-01,1786,6,17.973
1786-07-01,1786,7,22.311000000000003
1786-07-01,1786,7,20.224
1786-07-01,1786,7,17.55
1786-07-01,1786,7,21.556
1786-08-01,1786,8,21.227
1786-08-01,1786,8,19.228
1786-08-01,1786,8,16.744000000000003
1786-08-01,1786,8,21.19
1786-09-01,1786,9,16.56
1786-09-01,1786,9,14.486999999999998
1786-09-01,1786,9,12.649
1786-09-01,1786,9,17.785999999999994
1786-10-01,1786,10,6.781000000000002
1786-10-01,1786,10,4.759000000000001
1786-10-01,1786,10,4.793000000000001
1786-10-01,1786,10,9.754
1786-11-01,1786,11,-0.0829999999999999
1786-11-01,1786,11,-3.02
1786-11-01,1786,11,-1.9890000000000008
1786-11-01,1786,11,4.891000000000002
1786-12-01,1786,12,-4.2410000000000005
1786-12-01,1786,12,-5.968999999999999
1786-12-01,1786,12,-3.628
1786-12-01,1786,12,0.9550000000000006
1787-01-01,1787,1,-3.919000000000001
1787-01-01,1787,1,-5.7940000000000005
1787-01-01,1787,1,-5.122
1787-01-01,1787,1,0.7369999999999995
1787-02-01,1787,2,-3.0549999999999997
1787-02-01,1787,2,-5.04
1787-02-01,1787,2,-2.398000000000001
1787-02-01,1787,2,0.235000000000001
1787-03-01,1787,3,1.8819999999999997
1787-03-01,1787,3,0.0309999999999988
1787-03-01,1787,3,1.358000000000001
1787-03-01,1787,3,3.2949999999999986
1787-04-01,1787,4,7.613000000000001
1787-04-01,1787,4,6.402999999999999
1787-04-01,1787,4,6.023
1787-04-01,1787,4,7.164999999999998
1787-05-01,1787,5,15.945
1787-05-01,1787,5,15.469
1787-05-01,1787,5,13.611
1787-05-01,1787,5,14.271999999999998
1787-06-01,1787,6,21.128
1787-06-01,1787,6,19.953999999999997
1787-06-01,1787,6,18.430000000000003
1787-06-01,1787,6,19.680000000000003
1787-07-01,1787,7,21.579
1787-07-01,1787,7,19.43
1787-07-01,1787,7,18.182
1787-07-01,1787,7,20.916
1787-08-01,1787,8,21.25
1787-08-01,1787,8,18.794
1787-08-01,1787,8,17.701999999999998
1787-08-01,1787,8,21.447000000000003
1787-09-01,1787,9,13.984
1787-09-01,1787,9,11.88
1787-09-01,1787,9,11.633
1787-10-01,1787,10,9.092
1787-10-01,1787,10,7.440999999999999
1787-10-01,1787,10,8.436
1787-10-01,1787,10,11.977
1787-11-01,1787,11,3.691
1787-11-01,1787,11,1.409999999999998
1787-11-01,1787,11,2.4930000000000003
1787-11-01,1787,11,8.354
1787-12-01,1787,12,-1.427
1787-12-01,1787,12,-3.64
1787-12-01,1787,12,-0.9500000000000004
1787-12-01,1787,12,3.936000000000001
1788-01-01,1788,1,-4.532
1788-01-01,1788,1,-6.461
1788-01-01,1788,1,-3.694
1788-01-01,1788,1,0.2400000000000012
1788-02-01,1788,2,-3.110999999999999
1788-02-01,1788,2,-5.440000000000001
1788-02-01,1788,2,-4.594
1788-02-01,1788,2,0.2370000000000003
1788-03-01,1788,3,2.152000000000002
1788-03-01,1788,3,-0.5400000000000007
1788-03-01,1788,3,0.4539999999999998
1788-03-01,1788,3,3.904
1788-04-01,1788,4,7.918
1788-04-01,1788,4,6.553000000000001
1788-04-01,1788,4,6.456999999999999
1788-04-01,1788,4,7.615999999999998
1788-05-01,1788,5,14.969
1788-05-01,1788,5,13.992
1788-05-01,1788,5,13.364
1788-05-01,1788,5,13.599999999999998
1788-06-01,1788,6,21.161
1788-06-01,1788,6,19.751
1788-06-01,1788,6,18.413
1788-06-01,1788,6,19.834
1788-07-01,1788,7,24.947000000000003
1788-07-01,1788,7,22.925
1788-07-01,1788,7,21.212000000000003
1788-07-01,1788,7,24.191999999999997
1788-08-01,1788,8,20.297
1788-08-01,1788,8,18.213
1788-08-01,1788,8,16.74
1788-08-01,1788,8,20.312
1788-09-01,1788,9,16.732999999999997
1788-09-01,1788,9,14.808000000000002
1788-09-01,1788,9,15.018
1788-09-01,1788,9,17.976999999999997
1788-10-01,1788,10,8.828
1788-10-01,1788,10,6.451000000000001
1788-10-01,1788,10,6.8340000000000005
1788-10-01,1788,10,11.922999999999998
1788-11-01,1788,11,2.251
1788-11-01,1788,11,0.0849999999999992
1788-11-01,1788,11,0.7949999999999986
1788-11-01,1788,11,6.853
1788-12-01,1788,12,-9.253
1788-12-01,1788,12,-12.425000000000002
1788-12-01,1788,12,-11.451999999999998
1788-12-01,1788,12,-3.4979999999999998
1789-01-01,1789,1,-7.351999999999999
1789-01-01,1789,1,-7.453000000000001
1789-01-01,1789,1,0.0769999999999981
1789-02-01,1789,2,-3.441
1789-02-01,1789,2,-5.442
1789-02-01,1789,2,-2.966999999999999
1789-02-01,1789,2,-0.1600000000000001
1789-03-01,1789,3,-1.1689999999999994
1789-03-01,1789,3,-3.821
1789-03-01,1789,3,-3.424
1789-03-01,1789,3,0.5339999999999989
1789-04-01,1789,4,8.519000000000002
1789-04-01,1789,4,7.029
1789-04-01,1789,4,7.293
1789-04-01,1789,4,8.24
1789-05-01,1789,5,18.352000000000004
1789-05-01,1789,5,17.662000000000003
1789-05-01,1789,5,16.872
1789-05-01,1789,5,16.843
1789-06-01,1789,6,19.532
1789-06-01,1789,6,18.407
1789-06-01,1789,6,16.983999999999998
1789-06-01,1789,6,18.1
1789-07-01,1789,7,23.884
1789-07-01,1789,7,22.287000000000003
1789-07-01,1789,7,20.68
1789-07-01,1789,7,22.954
1789-08-01,1789,8,21.379000000000005
1789-08-01,1789,8,19.625
1789-08-01,1789,8,18.681
1789-08-01,1789,8,21.302
1789-09-01,1789,9,17.07
1789-09-01,1789,9,15.227
1789-09-01,1789,9,15.184
1789-09-01,1789,9,18.256
1789-10-01,1789,10,9.298000000000002
1789-10-01,1789,10,7.640000000000002
1789-10-01,1789,10,9.339000000000002
1789-10-01,1789,10,12.188
1789-11-01,1789,11,4.315000000000001
1789-11-01,1789,11,2.684999999999999
1789-11-01,1789,11,4.089
1789-11-01,1789,11,8.697000000000001
1789-12-01,1789,12,-0.9990000000000008
1789-12-01,1789,12,-1.9039999999999997
1789-12-01,1789,12,-0.4929999999999997
1789-12-01,1789,12,3.773999999999999
1790-01-01,1790,1,-3.84
1790-01-01,1790,1,-5.315
1790-01-01,1790,1,-3.3680000000000003
1790-01-01,1790,1,0.6759999999999996
1790-02-01,1790,2,-1.7630000000000006
1790-02-01,1790,2,-3.336
1790-02-01,1790,2,-0.3910000000000006
1790-02-01,1790,2,1.3859999999999988
1790-03-01,1790,3,1.311
1790-03-01,1790,3,-0.1370000000000004
1790-03-01,1790,3,1.5199999999999985
1790-03-01,1790,3,2.595
1790-04-01,1790,4,6.282999999999998
1790-04-01,1790,4,4.715999999999998
1790-04-01,1790,4,5.022
1790-04-01,1790,4,5.996
1790-05-01,1790,5,14.944
1790-05-01,1790,5,13.905
1790-05-01,1790,5,13.37
1790-05-01,1790,5,13.637
1790-06-01,1790,6,20.855
1790-06-01,1790,6,19.064000000000004
1790-06-01,1790,6,17.544
1790-06-01,1790,6,19.660000000000004
1790-07-01,1790,7,20.953
1790-07-01,1790,7,18.67900000000001
1790-07-01,1790,7,17.141000000000002
1790-07-01,1790,7,20.322
1790-08-01,1790,8,20.601
1790-08-01,1790,8,17.987
1790-08-01,1790,8,16.978
1790-08-01,1790,8,20.887
1790-09-01,1790,9,15.359
1790-09-01,1790,9,13.209
1790-09-01,1790,9,12.705
1790-09-01,1790,9,16.678
1790-10-01,1790,10,8.325
1790-10-01,1790,10,6.047
1790-10-01,1790,10,6.401
1790-10-01,1790,10,11.457
1790-11-01,1790,11,2.5039999999999987
1790-11-01,1790,11,0.376
1790-11-01,1790,11,1.4149999999999985
1790-11-01,1790,11,7.139999999999999
1790-12-01,1790,12,0.935
1790-12-01,1790,12,-0.5099999999999996
1790-12-01,1790,12,0.9500000000000004
1790-12-01,1790,12,5.908
1791-01-01,1791,1,-0.8639999999999995
1791-01-01,1791,1,-2.1390000000000007
1791-01-01,1791,1,3.647
1791-02-01,1791,2,-1.416
1791-02-01,1791,2,-2.694
1791-02-01,1791,2,-1.5590000000000002
1791-02-01,1791,2,1.568000000000001
1791-03-01,1791,3,2.3259999999999987
1791-03-01,1791,3,0.5350000000000006
1791-03-01,1791,3,2.329
1791-03-01,1791,3,3.763999999999999
1791-04-01,1791,4,10.533
1791-04-01,1791,4,9.68
1791-04-01,1791,4,9.855
1791-04-01,1791,4,9.956
1791-05-01,1791,5,14.443
1791-05-01,1791,5,13.207
1791-05-01,1791,5,12.491
1791-05-01,1791,5,13.187000000000005
1791-06-01,1791,6,19.870999999999995
1791-06-01,1791,6,18.547999999999995
1791-06-01,1791,6,16.470999999999997
1791-06-01,1791,6,18.45
1791-07-01,1791,7,21.436
1791-07-01,1791,7,19.477
1791-07-01,1791,7,18.523
1791-07-01,1791,7,20.719
1791-08-01,1791,8,21.838000000000005
1791-08-01,1791,8,19.514000000000003
1791-08-01,1791,8,19.131
1791-08-01,1791,8,22.006
1791-09-01,1791,9,14.861
1791-09-01,1791,9,12.728000000000002
1791-09-01,1791,9,12.395
1791-09-01,1791,9,16.157
1791-10-01,1791,10,8.492999999999999
1791-10-01,1791,10,6.485000000000001
1791-10-01,1791,10,7.220000000000002
1791-10-01,1791,10,11.467
1791-11-01,1791,11,3.7850000000000015
1791-11-01,1791,11,1.543
1791-11-01,1791,11,2.100999999999998
1791-11-01,1791,11,8.43
1791-12-01,1791,12,0.5310000000000019
1791-12-01,1791,12,-1.0519999999999996
1791-12-01,1791,12,-0.3960000000000008
1791-12-01,1791,12,5.53
1792-01-01,1792,1,-5.293
1792-01-01,1792,1,-7.5310000000000015
1792-01-01,1792,1,-4.62
1792-01-01,1792,1,-0.4190000000000005
1792-02-01,1792,2,-3.5930000000000004
1792-02-01,1792,2,-5.962
1792-02-01,1792,2,-4.838
1792-02-01,1792,2,-0.2229999999999993
1792-03-01,1792,3,0.7400000000000004
1792-03-01,1792,3,-1.3490000000000002
1792-03-01,1792,3,0.3139999999999985
1792-03-01,1792,3,2.28
1792-04-01,1792,4,8.25
1792-04-01,1792,4,7.046
1792-04-01,1792,4,7.598999999999999
1792-04-01,1792,4,7.894000000000002
1792-05-01,1792,5,15.315
1792-05-01,1792,5,14.241
1792-05-01,1792,5,12.576
1792-05-01,1792,5,13.941999999999998
1792-06-01,1792,6,20.690000000000005
1792-06-01,1792,6,19.166000000000004
1792-06-01,1792,6,17.479
1792-06-01,1792,6,19.396
1792-07-01,1792,7,22.821
1792-07-01,1792,7,21.214
1792-07-01,1792,7,19.724000000000004
1792-07-01,1792,7,21.923
1792-08-01,1792,8,20.256000000000004
1792-08-01,1792,8,18.259
1792-08-01,1792,8,17.625
1792-08-01,1792,8,20.273
1792-09-01,1792,9,17.386000000000003
1792-09-01,1792,9,15.595
1792-09-01,1792,9,14.178999999999998
1792-09-01,1792,9,18.473
1792-10-01,1792,10,7.388000000000001
1792-10-01,1792,10,5.145000000000001
1792-10-01,1792,10,5.731000000000002
1792-10-01,1792,10,10.523
1792-11-01,1792,11,1.6970000000000005
1792-11-01,1792,11,-0.2580000000000007
1792-11-01,1792,11,1.0959999999999996
1792-11-01,1792,11,6.300999999999999
1792-12-01,1792,12,-1.185999999999999
1792-12-01,1792,12,-2.758000000000001
1792-12-01,1792,12,-1.715
1792-12-01,1792,12,3.845
1793-01-01,1793,1,-6.631
1793-01-01,1793,1,-8.572
1793-01-01,1793,1,-6.716999999999999
1793-01-01,1793,1,-1.900000000000001
1793-02-01,1793,2,-0.5279999999999991
1793-02-01,1793,2,-2.059999999999999
1793-02-01,1793,2,-0.7740000000000001
1793-02-01,1793,2,2.434
1793-03-01,1793,3,0.4430000000000018
1793-03-01,1793,3,-1.2849999999999993
1793-03-01,1793,3,-0.5109999999999992
1793-03-01,1793,3,1.8299999999999983
1793-04-01,1793,4,7.750000000000002
1793-04-01,1793,4,6.678999999999999
1793-04-01,1793,4,5.599999999999999
1793-04-01,1793,4,7.220000000000002
1793-05-01,1793,5,15.08
1793-05-01,1793,5,14.293
1793-05-01,1793,5,12.904000000000003
1793-05-01,1793,5,13.553
1793-06-01,1793,6,19.786
1793-06-01,1793,6,18.705
1793-06-01,1793,6,17.015
1793-06-01,1793,6,18.259
1793-07-01,1793,7,22.879
1793-07-01,1793,7,21.142
1793-07-01,1793,7,19.809
1793-07-01,1793,7,22.023000000000003
1793-08-01,1793,8,20.766
1793-08-01,1793,8,18.654000000000003
1793-08-01,1793,8,17.912999999999997
1793-08-01,1793,8,20.864
1793-09-01,1793,9,15.625
1793-09-01,1793,9,13.216
1793-09-01,1793,9,12.552
1793-09-01,1793,9,17.082
1793-10-01,1793,10,9.298000000000002
1793-10-01,1793,10,7.572000000000003
1793-10-01,1793,10,8.738
1793-10-01,1793,10,12.198
1793-11-01,1793,11,3.9610000000000016
1793-11-01,1793,11,2.3189999999999995
1793-11-01,1793,11,3.552
1793-11-01,1793,11,8.322
1793-12-01,1793,12,-2.326000000000001
1793-12-01,1793,12,-4.592999999999999
1793-12-01,1793,12,-2.086
1793-12-01,1793,12,3.108
1794-01-01,1794,1,-1.5650000000000002
1794-01-01,1794,1,-3.1560000000000006
1794-01-01,1794,1,-2.379
1794-01-01,1794,1,2.9409999999999985
1794-02-01,1794,2,-1.5949999999999993
1794-02-01,1794,2,-3.2960000000000003
1794-02-01,1794,2,-1.1349999999999996
1794-02-01,1794,2,1.5549999999999995
1794-03-01,1794,3,2.8300000000000005
1794-03-01,1794,3,1.4970000000000008
1794-03-01,1794,3,3.301
1794-03-01,1794,3,4.036999999999998
1794-04-01,1794,4,10.671
1794-04-01,1794,4,9.447000000000005
1794-04-01,1794,4,9.751
1794-04-01,1794,4,10.308
1794-05-01,1794,5,17.96
1794-05-01,1794,5,17.217
1794-05-01,1794,5,15.689000000000002
1794-05-01,1794,5,16.406
1794-06-01,1794,6,20.153
1794-06-01,1794,6,19.09
1794-06-01,1794,6,18.232
1794-06-01,1794,6,18.672
1794-07-01,1794,7,22.154000000000003
1794-07-01,1794,7,20.305000000000003
1794-07-01,1794,7,20.051
1794-07-01,1794,7,21.437
1794-08-01,1794,8,20.286999999999995
1794-08-01,1794,8,18.075
1794-08-01,1794,8,16.726
1794-08-01,1794,8,20.411
1794-09-01,1794,9,14.769000000000002
1794-09-01,1794,9,12.48
1794-09-01,1794,9,11.45
1794-09-01,1794,9,16.144
1794-10-01,1794,10,9.27
1794-10-01,1794,10,7.572000000000003
1794-10-01,1794,10,7.801999999999999
1794-10-01,1794,10,12.083000000000002
1794-11-01,1794,11,2.9520000000000004
1794-11-01,1794,11,1.1829999999999985
1794-11-01,1794,11,2.369000000000001
1794-11-01,1794,11,7.434000000000001
1794-12-01,1794,12,-3.7920000000000007
1794-12-01,1794,12,-5.989999999999999
1794-12-01,1794,12,-5.061
1794-12-01,1794,12,1.573999999999999
1795-01-01,1795,1,-7.416
1795-01-01,1795,1,-9.707
1795-01-01,1795,1,-10.475
1795-01-01,1795,1,-2.645
1795-02-01,1795,2,-2.160000000000001
1795-02-01,1795,2,-4.495000000000001
1795-02-01,1795,2,-3.5629999999999997
1795-02-01,1795,2,1.1249999999999991
1795-03-01,1795,3,2.716000000000002
1795-03-01,1795,3,0.625
1795-03-01,1795,3,1.2619999999999996
1795-03-01,1795,3,4.158
1795-04-01,1795,4,10.656
1795-04-01,1795,4,9.662
1795-04-01,1795,4,9.847
1795-04-01,1795,4,10.115
1795-05-01,1795,5,15.677999999999995
1795-05-01,1795,5,14.529
1795-05-01,1795,5,13.364
1795-05-01,1795,5,14.368999999999996
1795-06-01,1795,6,20.834
1795-06-01,1795,6,19.451
1795-06-01,1795,6,18.130000000000003
1795-06-01,1795,6,19.431
1795-07-01,1795,7,21.447000000000003
1795-07-01,1795,7,19.445000000000004
1795-07-01,1795,7,17.225
1795-07-01,1795,7,20.658
1795-08-01,1795,8,20.377
1795-08-01,1795,8,18.071
1795-08-01,1795,8,17.189
1795-08-01,1795,8,20.573000000000004
1795-09-01,1795,9,14.734
1795-09-01,1795,9,12.752
1795-09-01,1795,9,12.662999999999998
1795-09-01,1795,9,16.011
1795-10-01,1795,10,9.412999999999998
1795-10-01,1795,10,7.291999999999998
1795-10-01,1795,10,9.317
1795-10-01,1795,10,12.503999999999998
1795-11-01,1795,11,2.3220000000000005
1795-11-01,1795,11,0.5840000000000009
1795-11-01,1795,11,1.026000000000001
1795-11-01,1795,11,6.766000000000002
1795-12-01,1795,12,-1.062
1795-12-01,1795,12,-3.0690000000000004
1795-12-01,1795,12,-0.6479999999999997
1795-12-01,1795,12,4.1880000000000015
1796-01-01,1796,1,-0.8039999999999993
1796-01-01,1796,1,-2.1890000000000005
1796-01-01,1796,1,0.9630000000000016
1796-01-01,1796,1,3.662
1796-02-01,1796,2,-2.976
1796-02-01,1796,2,-4.913
1796-02-01,1796,2,-2.932
1796-02-01,1796,2,0.3130000000000008
1796-03-01,1796,3,-1.941
1796-03-01,1796,3,-3.956
1796-03-01,1796,3,-3.502
1796-03-01,1796,3,-0.4070000000000008
1796-04-01,1796,4,6.668000000000001
1796-04-01,1796,4,5.477999999999999
1796-04-01,1796,4,5.064999999999999
1796-04-01,1796,4,6.260000000000001
1796-05-01,1796,5,16.007
1796-05-01,1796,5,14.953
1796-05-01,1796,5,13.765999999999998
1796-05-01,1796,5,14.611
1796-06-01,1796,6,20.924000000000003
1796-06-01,1796,6,19.712000000000003
1796-06-01,1796,6,17.787999999999997
1796-06-01,1796,6,19.43
1796-07-01,1796,7,22.391
1796-07-01,1796,7,20.448
1796-07-01,1796,7,18.829
1796-07-01,1796,7,21.617
1796-08-01,1796,8,22.118
1796-08-01,1796,8,19.915
1796-08-01,1796,8,18.767000000000003
1796-08-01,1796,8,22.184
1796-09-01,1796,9,16.396
1796-09-01,1796,9,14.061
1796-09-01,1796,9,14.169
1796-09-01,1796,9,17.834999999999997
1796-10-01,1796,10,9.432
1796-10-01,1796,10,7.321999999999999
1796-10-01,1796,10,7.564000000000001
1796-10-01,1796,10,12.485
1796-11-01,1796,11,2.3440000000000003
1796-11-01,1796,11,0.2429999999999981
1796-11-01,1796,11,0.9920000000000012
1796-11-01,1796,11,6.986999999999999
1796-12-01,1796,12,-3.894
1796-12-01,1796,12,-6.221
1796-12-01,1796,12,-4.577000000000002
1796-12-01,1796,12,1.521
1797-01-01,1797,1,-2.005000000000001
1797-01-01,1797,1,-3.733
1797-01-01,1797,1,-2.5569999999999995
1797-01-01,1797,1,2.5400000000000014
1797-02-01,1797,2,0.0389999999999998
1797-02-01,1797,2,-1.211
1797-02-01,1797,2,0.1529999999999987
1797-02-01,1797,2,2.9280000000000013
1797-03-01,1797,3,0.3160000000000017
1797-03-01,1797,3,-1.25
1797-03-01,1797,3,-0.0629999999999992
1797-03-01,1797,3,1.6190000000000009
1797-04-01,1797,4,8.902999999999999
1797-04-01,1797,4,7.642999999999997
1797-04-01,1797,4,8.717000000000002
1797-05-01,1797,5,16.944000000000003
1797-05-01,1797,5,15.969
1797-05-01,1797,5,16.188
1797-05-01,1797,5,15.562
1797-06-01,1797,6,21.973
1797-06-01,1797,6,20.84
1797-06-01,1797,6,19.142000000000003
1797-06-01,1797,6,20.41
1797-07-01,1797,7,22.586
1797-07-01,1797,7,20.556
1797-07-01,1797,7,20.052
1797-07-01,1797,7,21.874
1797-08-01,1797,8,21.918
1797-08-01,1797,8,19.596000000000004
1797-08-01,1797,8,19.158
1797-08-01,1797,8,22.098
1797-09-01,1797,9,17.777
1797-09-01,1797,9,16.015
1797-09-01,1797,9,15.487000000000002
1797-09-01,1797,9,18.941
1797-10-01,1797,10,10.374000000000002
1797-10-01,1797,10,8.482999999999997
1797-10-01,1797,10,9.176000000000002
1797-10-01,1797,10,13.29
1797-11-01,1797,11,2.3050000000000006
1797-11-01,1797,11,0.3720000000000014
1797-11-01,1797,11,2.036
1797-11-01,1797,11,6.902
1797-12-01,1797,12,-0.7039999999999994
1797-12-01,1797,12,-2.2230000000000003
1797-12-01,1797,12,-0.9909999999999995
1797-12-01,1797,12,4.336
1798-01-01,1798,1,-2.999999999999999
1798-01-01,1798,1,-4.869
1798-01-01,1798,1,-3.457
1798-01-01,1798,1,1.6440000000000017
1798-02-01,1798,2,-1.6599999999999997
1798-02-01,1798,2,-3.5890000000000004
1798-02-01,1798,2,-1.0220000000000005
1798-02-01,1798,2,1.6050000000000015
1798-03-01,1798,3,3.657
1798-03-01,1798,3,1.8029999999999984
1798-03-01,1798,3,2.623999999999999
1798-03-01,1798,3,5.013000000000002
1798-04-01,1798,4,9.39
1798-04-01,1798,4,8.372999999999998
1798-04-01,1798,4,8.767
1798-04-01,1798,4,8.870000000000001
1798-05-01,1798,5,16.464
1798-05-01,1798,5,15.986
1798-05-01,1798,5,14.848
1798-06-01,1798,6,20.027
1798-06-01,1798,6,18.67900000000001
1798-06-01,1798,6,17.724
1798-06-01,1798,6,18.655
1798-07-01,1798,7,23.055
1798-07-01,1798,7,21.247
1798-07-01,1798,7,19.697
1798-07-01,1798,7,22.228
1798-08-01,1798,8,22.619000000000003
1798-08-01,1798,8,20.655
1798-08-01,1798,8,19.219
1798-08-01,1798,8,22.572
1798-09-01,1798,9,17.048
1798-09-01,1798,9,14.985
1798-09-01,1798,9,15.312
1798-09-01,1798,9,18.335
1798-10-01,1798,10,8.299
1798-10-01,1798,10,6.375000000000001
1798-10-01,1798,10,6.824999999999998
1798-10-01,1798,10,11.268
1798-11-01,1798,11,2.2220000000000004
1798-11-01,1798,11,-0.0710000000000003
1798-11-01,1798,11,0.6350000000000003
1798-11-01,1798,11,6.952999999999999
1798-12-01,1798,12,-5.729000000000001
1798-12-01,1798,12,-8.161999999999999
1798-12-01,1798,12,-8.020999999999999
1798-12-01,1798,12,-0.2650000000000002
1799-01-01,1799,1,-7.593
1799-01-01,1799,1,-9.515999999999998
1799-01-01,1799,1,-9.591
1799-01-01,1799,1,-2.949
1799-02-01,1799,2,-8.042
1799-02-01,1799,2,-11.361
1799-02-01,1799,2,-9.486
1799-02-01,1799,2,-4.099999999999999
1799-03-01,1799,3,-0.9749999999999994
1799-03-01,1799,3,-3.409
1799-03-01,1799,3,-2.490999999999999
1799-03-01,1799,3,0.7580000000000019
1799-04-01,1799,4,9.427
1799-04-01,1799,4,7.984000000000001
1799-04-01,1799,4,6.971999999999999
1799-04-01,1799,4,9.049
1799-05-01,1799,5,15.746
1799-05-01,1799,5,14.537000000000004
1799-05-01,1799,5,12.786
1799-05-01,1799,5,14.398000000000003
1799-06-01,1799,6,19.986000000000004
1799-06-01,1799,6,18.576000000000004
1799-06-01,1799,6,16.051000000000002
1799-06-01,1799,6,18.563
1799-07-01,1799,7,22.215
1799-07-01,1799,7,20.12
1799-07-01,1799,7,17.817
1799-07-01,1799,7,21.471000000000004
1799-08-01,1799,8,21.617
1799-08-01,1799,8,19.172999999999995
1799-08-01,1799,8,17.772000000000002
1799-08-01,1799,8,21.805
1799-09-01,1799,9,16.040000000000003
1799-09-01,1799,9,13.915
1799-09-01,1799,9,12.678
1799-09-01,1799,9,17.337000000000003
1799-10-01,1799,10,10.035000000000002
1799-10-01,1799,10,7.7890000000000015
1799-10-01,1799,10,7.850999999999999
1799-10-01,1799,10,13.114
1799-11-01,1799,11,3.851000000000001
1799-11-01,1799,11,2.271000000000001
1799-11-01,1799,11,3.1069999999999984
1799-11-01,1799,11,8.199999999999998
1799-12-01,1799,12,-5.251
1799-12-01,1799,12,-7.830999999999999
1799-12-01,1799,12,-7.742999999999999
1799-12-01,1799,12,0.293
1800-01-01,1800,1,-4.742
1800-01-01,1800,1,-7.153
1800-01-01,1800,1,-6.007000000000001
1800-01-01,1800,1,0.2030000000000006
1800-02-01,1800,2,-3.141
1800-02-01,1800,2,-5.465999999999999
1800-02-01,1800,2,-3.971000000000001
1800-02-01,1800,2,0.3319999999999999
1800-03-01,1800,3,-1.9549999999999992
1800-03-01,1800,3,-4.27
1800-03-01,1800,3,-3.8360000000000007
1800-03-01,1800,3,-0.3570000000000008
1800-04-01,1800,4,11.851
1800-04-01,1800,4,10.534
1800-04-01,1800,4,11.631
1800-04-01,1800,4,11.525
1800-05-01,1800,5,15.880000000000004
1800-05-01,1800,5,14.905
1800-05-01,1800,5,14.62
1800-05-01,1800,5,14.539
1800-06-01,1800,6,19.495
1800-06-01,1800,6,17.987
1800-06-01,1800,6,15.599999999999998
1800-06-01,1800,6,18.124
1800-07-01,1800,7,20.233
1800-07-01,1800,7,17.995000000000005
1800-07-01,1800,7,16.138999999999996
1800-07-01,1800,7,19.626
1800-08-01,1800,8,21.187
1800-08-01,1800,8,18.914
1800-08-01,1800,8,17.853
1800-08-01,1800,8,21.289
1800-09-01,1800,9,14.602
1800-09-01,1800,9,12.268
1800-09-01,1800,9,12.288999999999998
1800-09-01,1800,9,16.041999999999998
1800-10-01,1800,10,9.521
1800-10-01,1800,10,7.561000000000001
1800-10-01,1800,10,7.845999999999999
1800-10-01,1800,10,12.447
1800-11-01,1800,11,4.317999999999999
1800-11-01,1800,11,2.5980000000000008
1800-11-01,1800,11,4.158999999999998
1800-11-01,1800,11,8.753000000000002
1800-12-01,1800,12,-0.8390000000000006
1800-12-01,1800,12,-2.53
1800-12-01,1800,12,-1.683999999999999
1800-12-01,1800,12,4.239000000000001
1801-01-01,1801,1,-3.1070000000000007
1801-01-01,1801,1,-4.981000000000001
1801-01-01,1801,1,-3.250000000000001
1801-01-01,1801,1,1.5419999999999985
1801-02-01,1801,2,-4.009
1801-02-01,1801,2,-6.051
1801-02-01,1801,2,-4.244
1801-02-01,1801,2,-0.6869999999999996
1801-03-01,1801,3,4.287
1801-03-01,1801,3,2.5860000000000007
1801-03-01,1801,3,3.9410000000000007
1801-03-01,1801,3,5.611999999999998
1801-04-01,1801,4,8.778
1801-04-01,1801,4,7.581000000000001
1801-04-01,1801,4,7.696999999999999
1801-04-01,1801,4,8.404999999999998
1801-05-01,1801,5,19.112
1801-05-01,1801,5,18.754
1801-05-01,1801,5,17.91
1801-06-01,1801,6,18.81
1801-06-01,1801,6,17.308000000000003
1801-06-01,1801,6,15.59
1801-06-01,1801,6,17.506999999999998
1801-07-01,1801,7,22.974000000000004
1801-07-01,1801,7,21.065
1801-07-01,1801,7,19.416000000000004
1801-07-01,1801,7,22.192
1801-08-01,1801,8,19.47
1801-08-01,1801,8,17.183
1801-08-01,1801,8,19.612
1801-09-01,1801,9,16.519999999999996
1801-09-01,1801,9,14.324999999999998
1801-09-01,1801,9,14.598
1801-09-01,1801,9,17.855
1801-10-01,1801,10,9.866999999999996
1801-10-01,1801,10,7.614999999999999
1801-10-01,1801,10,8.643
1801-10-01,1801,10,12.989
1801-11-01,1801,11,4.935000000000001
1801-11-01,1801,11,3.033999999999999
1801-11-01,1801,11,4.432999999999999
1801-11-01,1801,11,9.467
1801-12-01,1801,12,0.4160000000000015
1801-12-01,1801,12,-1.6709999999999998
1801-12-01,1801,12,-0.765999999999999
1801-12-01,1801,12,5.618999999999998
1802-01-01,1802,1,-2.944999999999999
1802-01-01,1802,1,-5.323
1802-01-01,1802,1,-4.522000000000001
1802-01-01,1802,1,1.8519999999999983
1802-02-01,1802,2,-2.129
1802-02-01,1802,2,-3.945
1802-02-01,1802,2,-2.207
1802-02-01,1802,2,1.0299999999999996
1802-03-01,1802,3,3.975000000000001
1802-03-01,1802,3,2.5869999999999984
1802-03-01,1802,3,3.65
1802-03-01,1802,3,5.135000000000002
1802-04-01,1802,4,9.461
1802-04-01,1802,4,8.628
1802-04-01,1802,4,8.372999999999998
1802-04-01,1802,4,8.873999999999999
1802-05-01,1802,5,14.752999999999998
1802-05-01,1802,5,13.762
1802-05-01,1802,5,12.545000000000002
1802-05-01,1802,5,13.34
1802-06-01,1802,6,20.307
1802-06-01,1802,6,18.408
1802-06-01,1802,6,16.697
1802-06-01,1802,6,19.196
1802-07-01,1802,7,23.656
1802-07-01,1802,7,21.495
1802-07-01,1802,7,19.833
1802-07-01,1802,7,22.933
1802-08-01,1802,8,22.451
1802-08-01,1802,8,20.35
1802-08-01,1802,8,19.743
1802-08-01,1802,8,22.512000000000004
1802-09-01,1802,9,15.589000000000002
1802-09-01,1802,9,13.197000000000005
1802-09-01,1802,9,12.873
1802-09-01,1802,9,17.027
1802-10-01,1802,10,11.075
1802-10-01,1802,10,9.101
1802-10-01,1802,10,10.213
1802-10-01,1802,10,14.07
1802-11-01,1802,11,2.786999999999998
1802-11-01,1802,11,0.1320000000000002
1802-11-01,1802,11,1.7730000000000008
1802-11-01,1802,11,7.693
1802-12-01,1802,12,-0.9259999999999992
1802-12-01,1802,12,-2.988999999999999
1802-12-01,1802,12,-1.0749999999999993
1802-12-01,1802,12,4.376000000000001
1803-01-01,1803,1,-10.374000000000002
1803-01-01,1803,1,-13.812
1803-01-01,1803,1,-13.225
1803-01-01,1803,1,-4.885999999999999
1803-02-01,1803,2,-6.792
1803-02-01,1803,2,-9.241
1803-02-01,1803,2,-7.671
1803-02-01,1803,2,-3.324
1803-03-01,1803,3,0.8410000000000019
1803-03-01,1803,3,-0.9170000000000004
1803-03-01,1803,3,0.21
1803-03-01,1803,3,2.203999999999999
1803-04-01,1803,4,10.919000000000002
1803-04-01,1803,4,9.826
1803-04-01,1803,4,10.154
1803-04-01,1803,4,10.486
1803-05-01,1803,5,16.900000000000002
1803-05-01,1803,5,16.58
1803-05-01,1803,5,14.79
1803-06-01,1803,6,19.426
1803-06-01,1803,6,17.92
1803-06-01,1803,6,16.003
1803-06-01,1803,6,18.111000000000004
1803-07-01,1803,7,22.715
1803-07-01,1803,7,20.789
1803-07-01,1803,7,19.33
1803-07-01,1803,7,21.922
1803-08-01,1803,8,22.66
1803-08-01,1803,8,20.674
1803-08-01,1803,8,19.214
1803-08-01,1803,8,22.62
1803-09-01,1803,9,15.506999999999998
1803-09-01,1803,9,13.276
1803-09-01,1803,9,12.06
1803-09-01,1803,9,16.817
1803-10-01,1803,10,8.775
1803-10-01,1803,10,6.672
1803-10-01,1803,10,6.839000000000001
1803-10-01,1803,10,11.777
1803-11-01,1803,11,3.4310000000000014
1803-11-01,1803,11,1.0909999999999995
1803-11-01,1803,11,2.330999999999999
1803-11-01,1803,11,8.154
1803-12-01,1803,12,-3.923
1803-12-01,1803,12,-6.78
1803-12-01,1803,12,-4.561000000000001
1803-12-01,1803,12,1.7320000000000018
1804-01-01,1804,1,-1.892
1804-01-01,1804,1,-3.711
1804-01-01,1804,1,-1.1239999999999997
1804-01-01,1804,1,2.760000000000002
1804-02-01,1804,2,-4.28
1804-02-01,1804,2,-6.548
1804-02-01,1804,2,-4.718
1804-02-01,1804,2,-0.9079999999999996
1804-03-01,1804,3,-0.8660000000000009
1804-03-01,1804,3,-3.099999999999999
1804-03-01,1804,3,-2.503000000000001
1804-03-01,1804,3,0.7230000000000005
1804-04-01,1804,4,10.392
1804-04-01,1804,4,9.21
1804-04-01,1804,4,8.060000000000002
1804-04-01,1804,4,9.884000000000002
1804-05-01,1804,5,15.796
1804-05-01,1804,5,15.066
1804-05-01,1804,5,13.804
1804-05-01,1804,5,14.297
1804-06-01,1804,6,19.458
1804-06-01,1804,6,17.96
1804-06-01,1804,6,16.159
1804-06-01,1804,6,18.177
1804-07-01,1804,7,23.277
1804-07-01,1804,7,21.295
1804-07-01,1804,7,19.321
1804-07-01,1804,7,22.506000000000004
1804-08-01,1804,8,21.213000000000005
1804-08-01,1804,8,19.079
1804-08-01,1804,8,17.39
1804-08-01,1804,8,21.265
1804-09-01,1804,9,16.881000000000004
1804-09-01,1804,9,14.865
1804-09-01,1804,9,14.749000000000002
1804-09-01,1804,9,18.133
1804-10-01,1804,10,9.124000000000002
1804-10-01,1804,10,7.208000000000002
1804-10-01,1804,10,7.762
1804-10-01,1804,10,12.097
1804-11-01,1804,11,1.3830000000000018
1804-11-01,1804,11,-0.9280000000000004
1804-11-01,1804,11,-1.1700000000000008
1804-11-01,1804,11,6.072999999999998
1804-12-01,1804,12,-5.073
1804-12-01,1804,12,-7.914
1804-12-01,1804,12,-7.042
1804-12-01,1804,12,0.5759999999999997
1805-01-01,1805,1,-5.377
1805-01-01,1805,1,-7.815999999999999
1805-01-01,1805,1,-7.665
1805-01-01,1805,1,-0.4449999999999991
1805-02-01,1805,2,-4.359999999999999
1805-02-01,1805,2,-6.867000000000001
1805-02-01,1805,2,-4.931000000000001
1805-02-01,1805,2,-0.863
1805-03-01,1805,3,1.3889999999999998
1805-03-01,1805,3,-0.2559999999999994
1805-03-01,1805,3,0.0769999999999981
1805-03-01,1805,3,2.676
1805-04-01,1805,4,7.227999999999999
1805-04-01,1805,4,6.021999999999999
1805-04-01,1805,4,5.167000000000002
1805-04-01,1805,4,6.771000000000002
1805-05-01,1805,5,14.996
1805-05-01,1805,5,14.178999999999998
1805-05-01,1805,5,12.398999999999996
1805-05-01,1805,5,13.462
1805-06-01,1805,6,19.64
1805-06-01,1805,6,17.914
1805-06-01,1805,6,15.577000000000002
1805-06-01,1805,6,18.405999999999995
1805-07-01,1805,7,22.172
1805-07-01,1805,7,20.402999999999995
1805-07-01,1805,7,17.979
1805-07-01,1805,7,21.31
1805-08-01,1805,8,21.235
1805-08-01,1805,8,19.227
1805-08-01,1805,8,16.802000000000003
1805-08-01,1805,8,21.196
1805-09-01,1805,9,16.645
1805-09-01,1805,9,14.79
1805-09-01,1805,9,14.531
1805-09-01,1805,9,17.802
1805-10-01,1805,10,5.592000000000002
1805-10-01,1805,10,2.9339999999999997
1805-10-01,1805,10,8.84
1805-11-01,1805,11,0.1930000000000002
1805-11-01,1805,11,-2.069
1805-11-01,1805,11,-1.3270000000000002
1805-11-01,1805,11,4.852999999999999
1805-12-01,1805,12,-0.3719999999999995
1805-12-01,1805,12,-2.1890000000000005
1805-12-01,1805,12,-1.211
1805-12-01,1805,12,4.7200000000000015
1806-01-01,1806,1,-1.3299999999999992
1806-01-01,1806,1,-2.9879999999999995
1806-01-01,1806,1,-0.7670000000000007
1806-01-01,1806,1,3.2149999999999994
1806-02-01,1806,2,-3.0020000000000007
1806-02-01,1806,2,-5.314000000000001
1806-02-01,1806,2,-2.184
1806-02-01,1806,2,0.4430000000000018
1806-03-01,1806,3,1.3600000000000003
1806-03-01,1806,3,-0.7529999999999997
1806-03-01,1806,3,0.73
1806-03-01,1806,3,2.8910000000000005
1806-04-01,1806,4,8.541999999999998
1806-04-01,1806,4,7.325000000000001
1806-04-01,1806,4,6.666999999999999
1806-04-01,1806,4,8.088000000000001
1806-05-01,1806,5,16.526
1806-05-01,1806,5,15.535
1806-05-01,1806,5,14.974999999999998
1806-05-01,1806,5,15.135
1806-06-01,1806,6,17.88
1806-06-01,1806,6,15.988
1806-06-01,1806,6,14.734
1806-06-01,1806,6,16.773999999999997
1806-07-01,1806,7,20.95
1806-07-01,1806,7,18.488999999999997
1806-07-01,1806,7,20.399
1806-08-01,1806,8,21.503
1806-08-01,1806,8,19.664
1806-08-01,1806,8,17.941999999999993
1806-08-01,1806,8,21.385
1806-09-01,1806,9,17.718000000000004
1806-09-01,1806,9,16.099000000000004
1806-09-01,1806,9,15.794999999999996
1806-09-01,1806,9,18.754
1806-10-01,1806,10,8.101
1806-10-01,1806,10,6.121
1806-10-01,1806,10,7.026
1806-10-01,1806,10,11.088
1806-11-01,1806,11,2.874000000000001
1806-11-01,1806,11,0.7389999999999988
1806-11-01,1806,11,2.6699999999999986
1806-11-01,1806,11,7.528000000000001
1806-12-01,1806,12,0.682999999999999
1806-12-01,1806,12,-0.9469999999999996
1806-12-01,1806,12,1.2870000000000006
1806-12-01,1806,12,5.772999999999999
1807-01-01,1807,1,-4.396000000000001
1807-01-01,1807,1,-6.367999999999999
1807-01-01,1807,1,-3.973999999999999
1807-01-01,1807,1,0.3030000000000004
1807-02-01,1807,2,-1.1909999999999994
1807-02-01,1807,2,-2.522
1807-02-01,1807,2,-1.1849999999999996
1807-02-01,1807,2,1.753
1807-03-01,1807,3,0.7380000000000011
1807-03-01,1807,3,-1.2210000000000003
1807-03-01,1807,3,-0.7500000000000008
1807-03-01,1807,3,2.164999999999999
1807-04-01,1807,4,7.445000000000003
1807-04-01,1807,4,6.094999999999998
1807-04-01,1807,4,7.032000000000001
1807-05-01,1807,5,14.237000000000002
1807-05-01,1807,5,13.011000000000005
1807-05-01,1807,5,13.238
1807-05-01,1807,5,13.009000000000002
1807-06-01,1807,6,19.359
1807-06-01,1807,6,17.838000000000005
1807-06-01,1807,6,16.218
1807-06-01,1807,6,18.062
1807-07-01,1807,7,21.799000000000003
1807-07-01,1807,7,19.641000000000005
1807-07-01,1807,7,18.877
1807-07-01,1807,7,21.186
1807-08-01,1807,8,23.042
1807-08-01,1807,8,21.073
1807-08-01,1807,8,21.112
1807-08-01,1807,8,23.083
1807-09-01,1807,9,16.799
1807-09-01,1807,9,14.386
1807-09-01,1807,9,13.55
1807-09-01,1807,9,18.221
1807-10-01,1807,10,9.515999999999998
1807-10-01,1807,10,7.203999999999998
1807-10-01,1807,10,8.341000000000001
1807-10-01,1807,10,12.647
1807-11-01,1807,11,5.313000000000001
1807-11-01,1807,11,3.326999999999999
1807-11-01,1807,11,4.718000000000002
1807-11-01,1807,11,9.888
1807-12-01,1807,12,0.472999999999999
1807-12-01,1807,12,-1.141999999999999
1807-12-01,1807,12,-0.2839999999999993
1807-12-01,1807,12,5.484000000000001
1808-01-01,1808,1,-2.572
1808-01-01,1808,1,-4.166
1808-01-01,1808,1,-3.526000000000001
1808-01-01,1808,1,1.9470000000000016
1808-02-01,1808,2,-4.613
1808-02-01,1808,2,-6.548
1808-02-01,1808,2,-5.191000000000001
1808-02-01,1808,2,-1.380000000000001
1808-03-01,1808,3,-3.54
1808-03-01,1808,3,-5.6850000000000005
1808-03-01,1808,3,-5.504999999999999
1808-03-01,1808,3,-1.996
1808-04-01,1808,4,7.125000000000002
1808-04-01,1808,4,5.562999999999999
1808-04-01,1808,4,5.472000000000001
1808-04-01,1808,4,6.814
1808-05-01,1808,5,14.159
1808-05-01,1808,5,13.201999999999998
1808-05-01,1808,5,13.361
1808-05-01,1808,5,12.822
1808-06-01,1808,6,20.132
1808-06-01,1808,6,18.845
1808-06-01,1808,6,17.215
1808-06-01,1808,6,18.706
1808-07-01,1808,7,22.312000000000005
1808-07-01,1808,7,20.304
1808-07-01,1808,7,19.247
1808-07-01,1808,7,21.584000000000003
1808-08-01,1808,8,21.751999999999995
1808-08-01,1808,8,19.8
1808-08-01,1808,8,19.625
1808-08-01,1808,8,21.756
1808-09-01,1808,9,17.735
1808-09-01,1808,9,15.678999999999998
1808-09-01,1808,9,15.169000000000002
1808-09-01,1808,9,19.032
1808-10-01,1808,10,9.797
1808-10-01,1808,10,8.006
1808-10-01,1808,10,8.0
1808-10-01,1808,10,12.395
1808-11-01,1808,11,1.2780000000000018
1808-11-01,1808,11,-0.433999999999999
1808-11-01,1808,11,0.9509999999999982
1808-11-01,1808,11,5.935
1808-12-01,1808,12,-6.677999999999999
1808-12-01,1808,12,-9.042
1808-12-01,1808,12,-7.305000000000001
1808-12-01,1808,12,-1.2239999999999993
1809-01-01,1809,1,-8.93
1809-01-01,1809,1,-12.352
1809-01-01,1809,1,-9.410999999999998
1809-01-01,1809,1,-3.313
1809-02-01,1809,2,-2.5490000000000004
1809-02-01,1809,2,-5.144
1809-02-01,1809,2,-1.7240000000000006
1809-02-01,1809,2,0.8040000000000013
1809-03-01,1809,3,-3.3440000000000007
1809-03-01,1809,3,-5.6690000000000005
1809-03-01,1809,3,-3.0769999999999995
1809-03-01,1809,3,-1.4009999999999994
1809-04-01,1809,4,7.144000000000001
1809-04-01,1809,4,5.482000000000002
1809-04-01,1809,4,5.1690000000000005
1809-04-01,1809,4,6.8580000000000005
1809-05-01,1809,5,13.983
1809-05-01,1809,5,13.333999999999998
1809-05-01,1809,5,13.642
1809-05-01,1809,5,12.646
1809-06-01,1809,6,19.863
1809-06-01,1809,6,18.504
1809-06-01,1809,6,16.773
1809-06-01,1809,6,18.554
1809-07-01,1809,7,20.126
1809-07-01,1809,7,18.766
1809-07-01,1809,7,18.066
1809-07-01,1809,7,19.447
1809-08-01,1809,8,21.195
1809-08-01,1809,8,19.287
1809-08-01,1809,8,18.593
1809-08-01,1809,8,21.171
1809-09-01,1809,9,14.368000000000002
1809-09-01,1809,9,13.93
1809-09-01,1809,9,17.272
1809-10-01,1809,10,8.020000000000001
1809-10-01,1809,10,5.845000000000001
1809-10-01,1809,10,6.157
1809-10-01,1809,10,10.999999999999998
1809-11-01,1809,11,-0.1310000000000006
1809-11-01,1809,11,-2.0890000000000004
1809-11-01,1809,11,0.6639999999999999
1809-11-01,1809,11,4.6030000000000015
1809-12-01,1809,12,-1.6800000000000006
1809-12-01,1809,12,-2.738
1809-12-01,1809,12,-0.0860000000000009
1809-12-01,1809,12,3.3979999999999992
1810-01-01,1810,1,-5.408
1810-01-01,1810,1,-6.617
1810-01-01,1810,1,-4.430000000000001
1810-01-01,1810,1,-0.7240000000000002
1810-02-01,1810,2,-1.8219999999999992
1810-02-01,1810,2,-4.59
1810-02-01,1810,2,-3.139000000000001
1810-02-01,1810,2,1.4179999999999993
1810-03-01,1810,3,2.2359999999999998
1810-03-01,1810,3,-0.8649999999999992
1810-03-01,1810,3,0.5439999999999993
1810-03-01,1810,3,4.0360000000000005
1810-04-01,1810,4,6.373000000000001
1810-04-01,1810,4,4.417000000000001
1810-04-01,1810,4,4.732999999999999
1810-04-01,1810,4,6.370999999999999
1810-05-01,1810,5,13.435
1810-05-01,1810,5,12.235
1810-05-01,1810,5,12.154999999999998
1810-05-01,1810,5,12.424
1810-06-01,1810,6,16.987
1810-06-01,1810,6,15.235
1810-06-01,1810,6,13.709
1810-06-01,1810,6,15.814999999999998
1810-07-01,1810,7,21.155
1810-07-01,1810,7,19.069000000000003
1810-07-01,1810,7,18.26
1810-07-01,1810,7,20.421000000000003
1810-08-01,1810,8,19.622
1810-08-01,1810,8,17.711
1810-08-01,1810,8,17.059
1810-08-01,1810,8,19.762
1810-09-01,1810,9,14.665
1810-09-01,1810,9,12.969
1810-09-01,1810,9,13.965
1810-09-01,1810,9,16.045
1810-10-01,1810,10,6.006
1810-10-01,1810,10,4.565
1810-10-01,1810,10,6.016000000000001
1810-10-01,1810,10,9.091
1810-11-01,1810,11,1.2380000000000004
1810-11-01,1810,11,-0.755000000000001
1810-11-01,1810,11,2.041
1810-11-01,1810,11,5.991
1810-12-01,1810,12,-0.3240000000000008
1810-12-01,1810,12,-2.263
1810-12-01,1810,12,-0.7149999999999994
1810-12-01,1810,12,4.771000000000001
1811-01-01,1811,1,-7.203999999999998
1811-01-01,1811,1,-8.849
1811-01-01,1811,1,-8.309999999999999
1811-01-01,1811,1,-2.423
1811-02-01,1811,2,-4.912
1811-02-01,1811,2,-7.163
1811-02-01,1811,2,-4.893000000000001
1811-02-01,1811,2,-1.5260000000000002
1811-03-01,1811,3,2.0950000000000006
1811-03-01,1811,3,0.8090000000000015
1811-03-01,1811,3,2.4130000000000016
1811-03-01,1811,3,3.2790000000000004
1811-04-01,1811,4,6.365999999999998
1811-04-01,1811,4,5.208999999999999
1811-04-01,1811,4,6.282999999999998
1811-04-01,1811,4,6.163999999999999
1811-05-01,1811,5,16.135
1811-05-01,1811,5,15.584
1811-05-01,1811,5,16.373000000000005
1811-05-01,1811,5,14.693999999999996
1811-06-01,1811,6,20.500999999999998
1811-06-01,1811,6,20.007000000000005
1811-06-01,1811,6,20.409
1811-06-01,1811,6,19.112
1811-07-01,1811,7,21.635
1811-07-01,1811,7,20.239
1811-07-01,1811,7,20.839
1811-07-01,1811,7,20.937
1811-08-01,1811,8,22.381
1811-08-01,1811,8,20.015
1811-08-01,1811,8,19.286
1811-08-01,1811,8,22.414
1811-09-01,1811,9,13.662
1811-09-01,1811,9,11.683000000000002
1811-09-01,1811,9,12.354
1811-09-01,1811,9,15.201000000000002
1811-10-01,1811,10,8.873000000000001
1811-10-01,1811,10,6.196
1811-10-01,1811,10,9.084
1811-10-01,1811,10,12.211
1811-11-01,1811,11,1.5170000000000017
1811-11-01,1811,11,0.1350000000000011
1811-11-01,1811,11,2.153
1811-11-01,1811,11,6.0280000000000005
1811-12-01,1811,12,-0.0169999999999998
1811-12-01,1811,12,-1.7020000000000006
1811-12-01,1811,12,-0.7230000000000005
1811-12-01,1811,12,4.8690000000000015
1812-01-01,1812,1,-6.736999999999999
1812-01-01,1812,1,-8.963999999999999
1812-01-01,1812,1,-8.497
1812-01-01,1812,1,-2.081999999999999
1812-02-01,1812,2,-5.056
1812-02-01,1812,2,-6.697
1812-02-01,1812,2,-4.057
1812-02-01,1812,2,-1.7649999999999997
1812-03-01,1812,3,0.0969999999999989
1812-03-01,1812,3,-1.7769999999999997
1812-03-01,1812,3,0.6430000000000015
1812-03-01,1812,3,1.6199999999999983
1812-04-01,1812,4,6.158999999999999
1812-04-01,1812,4,4.381000000000002
1812-04-01,1812,4,3.8340000000000014
1812-04-01,1812,4,5.838999999999999
1812-05-01,1812,5,13.714999999999998
1812-05-01,1812,5,12.418
1812-05-01,1812,5,12.564999999999998
1812-05-01,1812,5,12.612
1812-06-01,1812,6,19.682
1812-06-01,1812,6,17.938
1812-06-01,1812,6,17.095000000000002
1812-06-01,1812,6,18.387
1812-07-01,1812,7,23.195999999999994
1812-07-01,1812,7,20.85
1812-07-01,1812,7,18.371
1812-07-01,1812,7,22.212000000000003
1812-08-01,1812,8,22.469
1812-08-01,1812,8,20.003
1812-08-01,1812,8,17.802
1812-08-01,1812,8,22.365
1812-09-01,1812,9,13.297999999999998
1812-09-01,1812,9,11.562
1812-09-01,1812,9,11.479
1812-09-01,1812,9,14.677
1812-10-01,1812,10,9.914
1812-10-01,1812,10,8.323999999999998
1812-10-01,1812,10,9.727
1812-10-01,1812,10,12.707
1812-11-01,1812,11,1.966000000000001
1812-11-01,1812,11,-0.4219999999999994
1812-11-01,1812,11,0.5430000000000016
1812-11-01,1812,11,6.629999999999999
1812-12-01,1812,12,-9.186
1812-12-01,1812,12,-11.478
1812-12-01,1812,12,-9.848
1812-12-01,1812,12,-3.219
1813-01-01,1813,1,-10.671
1813-01-01,1813,1,-12.152
1813-01-01,1813,1,-9.266
1813-01-01,1813,1,-5.667000000000001
1813-02-01,1813,2,-4.152000000000001
1813-02-01,1813,2,-4.754000000000001
1813-02-01,1813,2,-1.438
1813-02-01,1813,2,-1.1909999999999994
1813-03-01,1813,3,-1.2069999999999996
1813-03-01,1813,3,-1.886
1813-03-01,1813,3,-0.0530000000000008
1813-03-01,1813,3,-0.0200000000000007
1813-04-01,1813,4,8.563
1813-04-01,1813,4,7.952000000000002
1813-04-01,1813,4,8.579
1813-04-01,1813,4,8.161999999999999
1813-05-01,1813,5,16.249
1813-05-01,1813,5,14.181
1813-05-01,1813,5,13.292000000000002
1813-05-01,1813,5,15.176
1813-06-01,1813,6,18.04
1813-06-01,1813,6,16.275999999999996
1813-06-01,1813,6,14.947000000000005
1813-06-01,1813,6,16.876
1813-07-01,1813,7,20.373000000000005
1813-07-01,1813,7,19.375
1813-07-01,1813,7,17.801
1813-07-01,1813,7,19.454
1813-08-01,1813,8,19.382000000000005
1813-08-01,1813,8,17.481
1813-08-01,1813,8,16.272000000000002
1813-09-01,1813,9,15.352
1813-09-01,1813,9,13.78
1813-09-01,1813,9,12.681
1813-09-01,1813,9,16.424999999999997
1813-10-01,1813,10,8.079999999999998
1813-10-01,1813,10,5.62
1813-10-01,1813,10,5.986
1813-10-01,1813,10,11.353000000000002
1813-11-01,1813,11,6.16
1813-11-01,1813,11,4.075999999999998
1813-11-01,1813,11,3.24
1813-11-01,1813,11,10.316000000000004
1813-12-01,1813,12,-1.4090000000000005
1813-12-01,1813,12,-4.212000000000001
1813-12-01,1813,12,-1.6119999999999992
1813-12-01,1813,12,3.975999999999998
1814-01-01,1814,1,-3.3649999999999998
1814-01-01,1814,1,-6.963
1814-01-01,1814,1,-5.852
1814-01-01,1814,1,1.7760000000000018
1814-02-01,1814,2,-6.965999999999998
1814-02-01,1814,2,-9.776000000000002
1814-02-01,1814,2,-9.262
1814-02-01,1814,2,-3.5160000000000005
1814-03-01,1814,3,1.0739999999999996
1814-03-01,1814,3,-1.016000000000001
1814-03-01,1814,3,-0.3520000000000007
1814-03-01,1814,3,2.525000000000001
1814-04-01,1814,4,9.068
1814-04-01,1814,4,7.513999999999999
1814-04-01,1814,4,8.692
1814-04-01,1814,4,8.762
1814-05-01,1814,5,12.266
1814-05-01,1814,5,10.980000000000002
1814-05-01,1814,5,10.197
1814-05-01,1814,5,11.014
1814-06-01,1814,6,18.287000000000003
1814-06-01,1814,6,16.992
1814-06-01,1814,6,15.142000000000005
1814-06-01,1814,6,16.955
1814-07-01,1814,7,21.741
1814-07-01,1814,7,20.581
1814-07-01,1814,7,19.51
1814-07-01,1814,7,20.643
1814-08-01,1814,8,20.729000000000003
1814-08-01,1814,8,18.736000000000004
1814-08-01,1814,8,17.525000000000002
1814-08-01,1814,8,20.67
1814-09-01,1814,9,13.74
1814-09-01,1814,9,12.051
1814-09-01,1814,9,10.771
1814-09-01,1814,9,14.824
1814-10-01,1814,10,6.765
1814-10-01,1814,10,4.532000000000001
1814-10-01,1814,10,5.994999999999998
1814-10-01,1814,10,9.97
1814-11-01,1814,11,1.6220000000000014
1814-11-01,1814,11,0.1230000000000015
1814-11-01,1814,11,1.709
1814-11-01,1814,11,6.262
1814-12-01,1814,12,2.1279999999999983
1814-12-01,1814,12,-0.5719999999999992
1814-12-01,1814,12,-0.304
1814-12-01,1814,12,7.236
1815-01-01,1815,1,-6.333
1815-01-01,1815,1,-9.49
1815-01-01,1815,1,-8.414
1815-01-01,1815,1,-1.272
1815-02-01,1815,2,-3.931000000000001
1815-02-01,1815,2,-5.675999999999999
1815-02-01,1815,2,-2.835000000000001
1815-02-01,1815,2,-0.494999999999999
1815-03-01,1815,3,-0.5340000000000009
1815-03-01,1815,3,-2.007
1815-03-01,1815,3,0.8750000000000016
1815-03-01,1815,3,1.0380000000000007
1815-04-01,1815,4,7.661
1815-04-01,1815,4,6.346999999999999
1815-04-01,1815,4,7.020999999999999
1815-04-01,1815,4,7.403000000000001
1815-05-01,1815,5,15.066
1815-05-01,1815,5,13.951
1815-05-01,1815,5,13.459
1815-06-01,1815,6,19.28400000000001
1815-06-01,1815,6,17.509
1815-06-01,1815,6,16.816
1815-06-01,1815,6,17.977999999999998
1815-07-01,1815,7,20.36
1815-07-01,1815,7,17.61
1815-07-01,1815,7,15.853000000000002
1815-07-01,1815,7,19.783
1815-08-01,1815,8,20.154
1815-08-01,1815,8,17.818
1815-08-01,1815,8,16.614999999999995
1815-08-01,1815,8,20.076
1815-09-01,1815,9,14.622999999999998
1815-09-01,1815,9,12.031
1815-09-01,1815,9,11.209
1815-09-01,1815,9,15.938
1815-10-01,1815,10,8.723
1815-10-01,1815,10,6.241000000000001
1815-10-01,1815,10,7.542999999999998
1815-10-01,1815,10,11.741
1815-11-01,1815,11,3.945
1815-11-01,1815,11,1.8980000000000017
1815-11-01,1815,11,1.7880000000000014
1815-11-01,1815,11,8.211999999999998
1815-12-01,1815,12,-5.6850000000000005
1815-12-01,1815,12,-7.633
1815-12-01,1815,12,-6.489999999999999
1815-12-01,1815,12,-0.3339999999999992
1816-01-01,1816,1,-2.826
1816-01-01,1816,1,-4.518000000000001
1816-01-01,1816,1,-3.1950000000000007
1816-01-01,1816,1,1.700999999999999
1816-02-01,1816,2,-6.329999999999999
1816-02-01,1816,2,-9.081
1816-02-01,1816,2,-6.409000000000001
1816-02-01,1816,2,-2.75
1816-03-01,1816,3,1.887
1816-03-01,1816,3,0.2080000000000007
1816-03-01,1816,3,0.7999999999999987
1816-03-01,1816,3,3.148000000000001
1816-04-01,1816,4,7.918999999999999
1816-04-01,1816,4,6.883000000000001
1816-04-01,1816,4,6.966999999999999
1816-04-01,1816,4,7.469
1816-05-01,1816,5,14.768
1816-05-01,1816,5,13.504
1816-05-01,1816,5,12.499
1816-05-01,1816,5,13.488
1816-06-01,1816,6,19.427
1816-06-01,1816,6,18.44
1816-06-01,1816,6,16.629
1816-06-01,1816,6,17.94
1816-07-01,1816,7,19.796000000000003
1816-07-01,1816,7,18.215999999999998
1816-07-01,1816,7,16.813
1816-07-01,1816,7,18.989
1816-08-01,1816,8,19.314
1816-08-01,1816,8,17.016000000000002
1816-08-01,1816,8,15.9
1816-08-01,1816,8,19.447
1816-09-01,1816,9,15.101000000000004
1816-09-01,1816,9,13.53
1816-09-01,1816,9,12.666
1816-09-01,1816,9,16.183
1816-10-01,1816,10,6.490999999999999
1816-10-01,1816,10,4.8100000000000005
1816-10-01,1816,10,6.094
1816-10-01,1816,10,9.387
1816-11-01,1816,11,3.338000000000001
1816-11-01,1816,11,1.441000000000001
1816-11-01,1816,11,1.9680000000000004
1816-11-01,1816,11,7.816999999999999
1816-12-01,1816,12,-4.198
1816-12-01,1816,12,-5.553000000000001
1816-12-01,1816,12,0.8190000000000018
1817-01-01,1817,1,-2.805999999999999
1817-01-01,1817,1,-3.5170000000000003
1817-01-01,1817,1,-1.819
1817-01-01,1817,1,1.4399999999999993
1817-02-01,1817,2,-0.6230000000000007
1817-02-01,1817,2,-2.007
1817-02-01,1817,2,0.0019999999999992
1817-02-01,1817,2,2.3270000000000004
1817-03-01,1817,3,2.6910000000000007
1817-03-01,1817,3,1.1439999999999984
1817-03-01,1817,3,1.814
1817-03-01,1817,3,3.9099999999999984
1817-04-01,1817,4,5.894000000000001
1817-04-01,1817,4,4.788
1817-04-01,1817,4,3.470000000000001
1817-04-01,1817,4,5.467999999999999
1817-05-01,1817,5,13.968000000000002
1817-05-01,1817,5,13.697
1817-05-01,1817,5,13.398
1817-05-01,1817,5,12.524
1817-06-01,1817,6,18.213
1817-06-01,1817,6,17.412
1817-06-01,1817,6,17.051000000000002
1817-06-01,1817,6,16.939999999999998
1817-07-01,1817,7,21.927
1817-07-01,1817,7,19.81
1817-07-01,1817,7,17.848
1817-07-01,1817,7,21.001
1817-08-01,1817,8,22.84
1817-08-01,1817,8,20.595
1817-08-01,1817,8,18.328
1817-08-01,1817,8,22.638
1817-09-01,1817,9,13.458000000000002
1817-09-01,1817,9,11.399
1817-09-01,1817,9,12.469
1817-09-01,1817,9,14.912
1817-10-01,1817,10,5.251
1817-10-01,1817,10,3.050999999999999
1817-10-01,1817,10,4.038
1817-10-01,1817,10,8.547
1817-11-01,1817,11,1.7270000000000014
1817-11-01,1817,11,-0.2260000000000002
1817-11-01,1817,11,2.4100000000000006
1817-11-01,1817,11,6.441999999999998
1817-12-01,1817,12,-2.412
1817-12-01,1817,12,-5.842999999999999
1817-12-01,1817,12,-3.257
1817-12-01,1817,12,3.1700000000000017
1818-01-01,1818,1,-4.672000000000001
1818-01-01,1818,1,-5.165
1818-01-01,1818,1,-3.4550000000000005
1818-01-01,1818,1,-0.3119999999999991
1818-02-01,1818,2,-2.103
1818-02-01,1818,2,-3.3400000000000003
1818-02-01,1818,2,-1.8209999999999995
1818-02-01,1818,2,0.7740000000000001
1818-03-01,1818,3,3.902000000000001
1818-03-01,1818,3,2.3799999999999994
1818-03-01,1818,3,3.094000000000001
1818-03-01,1818,3,5.179999999999999
1818-04-01,1818,4,10.980000000000002
1818-04-01,1818,4,8.890000000000002
1818-04-01,1818,4,8.170000000000002
1818-04-01,1818,4,10.685
1818-05-01,1818,5,13.160000000000002
1818-05-01,1818,5,12.643999999999998
1818-05-01,1818,5,13.791
1818-06-01,1818,6,18.603
1818-06-01,1818,6,16.676000000000002
1818-06-01,1818,6,15.404999999999998
1818-06-01,1818,6,17.441
1818-07-01,1818,7,21.065
1818-07-01,1818,7,19.434
1818-07-01,1818,7,18.271
1818-07-01,1818,7,20.231
1818-08-01,1818,8,20.509
1818-08-01,1818,8,18.112000000000005
1818-08-01,1818,8,16.207
1818-08-01,1818,8,20.6
1818-09-01,1818,9,14.854
1818-09-01,1818,9,12.881
1818-09-01,1818,9,12.886
1818-09-01,1818,9,16.163
1818-10-01,1818,10,7.896000000000001
1818-10-01,1818,10,6.370000000000001
1818-10-01,1818,10,7.042000000000002
1818-10-01,1818,10,10.759
1818-11-01,1818,11,2.4409999999999994
1818-11-01,1818,11,0.5539999999999997
1818-11-01,1818,11,2.261000000000001
1818-11-01,1818,11,7.049000000000001
1818-12-01,1818,12,-3.579
1818-12-01,1818,12,-5.104000000000001
1818-12-01,1818,12,-3.622
1818-12-01,1818,12,1.7109999999999994
1819-01-01,1819,1,-3.936000000000001
1819-01-01,1819,1,-4.37
1819-01-01,1819,1,-2.958
1819-01-01,1819,1,0.093999999999998
1819-02-01,1819,2,-2.911
1819-02-01,1819,2,-5.194999999999999
1819-02-01,1819,2,-1.889000000000001
1819-02-01,1819,2,0.577999999999999
1819-03-01,1819,3,2.203000000000001
1819-03-01,1819,3,0.2269999999999999
1819-03-01,1819,3,2.1889999999999983
1819-03-01,1819,3,3.723
1819-04-01,1819,4,9.251
1819-04-01,1819,4,7.945999999999998
1819-04-01,1819,4,7.830999999999999
1819-04-01,1819,4,8.865999999999998
1819-05-01,1819,5,13.855
1819-05-01,1819,5,13.157999999999998
1819-05-01,1819,5,12.498
1819-05-01,1819,5,12.355
1819-06-01,1819,6,19.062
1819-06-01,1819,6,18.866
1819-06-01,1819,6,17.720000000000002
1819-06-01,1819,6,17.264
1819-07-01,1819,7,20.178000000000004
1819-07-01,1819,7,18.87
1819-07-01,1819,7,18.182
1819-07-01,1819,7,19.258
1819-08-01,1819,8,20.125
1819-08-01,1819,8,18.855
1819-08-01,1819,8,18.11
1819-08-01,1819,8,19.906
1819-09-01,1819,9,16.475
1819-09-01,1819,9,15.203
1819-09-01,1819,9,14.279
1819-09-01,1819,9,17.418999999999997
1819-10-01,1819,10,10.728999999999996
1819-10-01,1819,10,8.782000000000002
1819-10-01,1819,10,8.189999999999998
1819-10-01,1819,10,13.55
1819-11-01,1819,11,3.863999999999999
1819-11-01,1819,11,0.8219999999999987
1819-11-01,1819,11,1.9179999999999984
1819-11-01,1819,11,8.778
1819-12-01,1819,12,-4.456
1819-12-01,1819,12,-8.632
1819-12-01,1819,12,-7.047000000000001
1819-12-01,1819,12,1.7419999999999982
1820-01-01,1820,1,-6.477
1820-01-01,1820,1,-9.503
1820-01-01,1820,1,-8.598
1820-01-01,1820,1,-1.4520000000000008
1820-02-01,1820,2,-4.835999999999999
1820-02-01,1820,2,-7.17
1820-02-01,1820,2,-4.307
1820-02-01,1820,2,-1.3030000000000008
1820-03-01,1820,3,1.1460000000000017
1820-03-01,1820,3,-0.6699999999999997
1820-03-01,1820,3,0.1200000000000006
1820-03-01,1820,3,2.535000000000001
1820-04-01,1820,4,9.774
1820-04-01,1820,4,8.723
1820-04-01,1820,4,8.870000000000001
1820-04-01,1820,4,9.276000000000002
1820-05-01,1820,5,16.369
1820-05-01,1820,5,15.281999999999998
1820-05-01,1820,5,14.807
1820-05-01,1820,5,15.074
1820-06-01,1820,6,18.163
1820-06-01,1820,6,16.661
1820-06-01,1820,6,15.018
1820-06-01,1820,6,16.964000000000002
1820-07-01,1820,7,19.507
1820-07-01,1820,7,17.334
1820-07-01,1820,7,16.184
1820-07-01,1820,7,18.943
1820-08-01,1820,8,20.953
1820-08-01,1820,8,18.661
1820-08-01,1820,8,18.948
1820-08-01,1820,8,21.17
1820-09-01,1820,9,14.849000000000002
1820-09-01,1820,9,12.943000000000003
1820-09-01,1820,9,12.640999999999998
1820-09-01,1820,9,16.13
1820-10-01,1820,10,8.077000000000002
1820-10-01,1820,10,7.09
1820-10-01,1820,10,7.915
1820-10-01,1820,10,10.73
1820-11-01,1820,11,2.6039999999999983
1820-11-01,1820,11,0.5589999999999998
1820-11-01,1820,11,1.4220000000000017
1820-11-01,1820,11,7.190000000000001
1820-12-01,1820,12,-3.624999999999999
1820-12-01,1820,12,-6.892999999999999
1820-12-01,1820,12,-5.952999999999999
1820-12-01,1820,12,2.056999999999998
1821-01-01,1821,1,-2.474999999999999
1821-01-01,1821,1,-3.99
1821-01-01,1821,1,-3.182999999999999
1821-01-01,1821,1,2.002
1821-02-01,1821,2,-4.511
1821-02-01,1821,2,-6.397000000000001
1821-02-01,1821,2,-5.774
1821-02-01,1821,2,-1.2899999999999996
1821-03-01,1821,3,1.2680000000000016
1821-03-01,1821,3,-1.7489999999999997
1821-03-01,1821,3,-1.4820000000000002
1821-03-01,1821,3,3.114000000000002
1821-04-01,1821,4,10.223999999999998
1821-04-01,1821,4,9.463
1821-04-01,1821,4,10.382
1821-04-01,1821,4,9.630000000000004
1821-05-01,1821,5,16.64
1821-05-01,1821,5,15.744
1821-05-01,1821,5,14.237000000000002
1821-05-01,1821,5,15.242
1821-06-01,1821,6,16.998000000000005
1821-06-01,1821,6,15.623
1821-06-01,1821,6,13.586
1821-06-01,1821,6,15.567
1821-07-01,1821,7,19.787000000000003
1821-07-01,1821,7,17.914
1821-07-01,1821,7,16.165000000000003
1821-07-01,1821,7,18.922
1821-08-01,1821,8,16.334999999999997
1821-08-01,1821,8,15.816999999999998
1821-08-01,1821,8,19.257
1821-09-01,1821,9,14.439000000000002
1821-09-01,1821,9,12.339
1821-09-01,1821,9,13.575
1821-09-01,1821,9,15.853999999999996
1821-10-01,1821,10,7.922000000000001
1821-10-01,1821,10,6.584
1821-10-01,1821,10,7.689000000000003
1821-10-01,1821,10,10.755999999999998
1821-11-01,1821,11,2.7030000000000007
1821-11-01,1821,11,1.7639999999999982
1821-11-01,1821,11,4.122999999999999
1821-11-01,1821,11,6.98
1821-12-01,1821,12,0.5679999999999986
1821-12-01,1821,12,-0.8770000000000009
1821-12-01,1821,12,0.6210000000000014
1821-12-01,1821,12,5.565000000000001
1822-01-01,1822,1,-1.6939999999999995
1822-01-01,1822,1,-3.4979999999999998
1822-01-01,1822,1,-2.9339999999999997
1822-01-01,1822,1,2.7590000000000003
1822-02-01,1822,2,-2.6700000000000004
1822-02-01,1822,2,-3.042
1822-02-01,1822,2,-1.1050000000000004
1822-02-01,1822,2,0.0869999999999985
1822-03-01,1822,3,2.6779999999999995
1822-03-01,1822,3,2.422
1822-03-01,1822,3,4.183999999999999
1822-03-01,1822,3,3.631999999999999
1822-04-01,1822,4,9.705999999999998
1822-04-01,1822,4,9.6
1822-04-01,1822,4,9.611
1822-04-01,1822,4,8.917000000000002
1822-05-01,1822,5,14.207999999999998
1822-05-01,1822,5,14.321000000000002
1822-05-01,1822,5,12.848999999999998
1822-06-01,1822,6,18.619000000000003
1822-06-01,1822,6,16.272000000000002
1822-06-01,1822,6,16.487000000000002
1822-06-01,1822,6,17.888
1822-07-01,1822,7,21.689
1822-07-01,1822,7,20.068
1822-07-01,1822,7,19.805
1822-07-01,1822,7,20.954
1822-08-01,1822,8,19.969
1822-08-01,1822,8,18.003
1822-08-01,1822,8,16.993000000000002
1822-08-01,1822,8,20.082
1822-09-01,1822,9,14.385
1822-09-01,1822,9,12.676
1822-09-01,1822,9,12.596
1822-09-01,1822,9,15.676
1822-10-01,1822,10,9.129
1822-10-01,1822,10,7.809999999999999
1822-10-01,1822,10,9.576
1822-10-01,1822,10,11.955
1822-11-01,1822,11,3.189000000000001
1822-11-01,1822,11,1.7689999999999984
1822-11-01,1822,11,2.884000000000001
1822-11-01,1822,11,7.529
1822-12-01,1822,12,-4.297000000000001
1822-12-01,1822,12,-4.656000000000001
1822-12-01,1822,12,-3.7310000000000008
1822-12-01,1822,12,0.4849999999999986
1823-01-01,1823,1,-7.492000000000001
1823-01-01,1823,1,-11.519
1823-01-01,1823,1,-11.968
1823-01-01,1823,1,-2.0369999999999995
1823-02-01,1823,2,-1.959
1823-02-01,1823,2,-5.430000000000001
1823-02-01,1823,2,-4.28
1823-02-01,1823,2,1.7989999999999997
1823-03-01,1823,3,3.63
1823-03-01,1823,3,1.9200000000000017
1823-03-01,1823,3,1.6379999999999997
1823-03-01,1823,3,4.827000000000001
1823-04-01,1823,4,7.559000000000001
1823-04-01,1823,4,6.214000000000001
1823-04-01,1823,4,5.972
1823-04-01,1823,4,7.244
1823-05-01,1823,5,15.867
1823-05-01,1823,5,14.351
1823-05-01,1823,5,13.416
1823-05-01,1823,5,14.652000000000005
1823-06-01,1823,6,21.144
1823-06-01,1823,6,19.788
1823-06-01,1823,6,17.804000000000002
1823-06-01,1823,6,19.637
1823-07-01,1823,7,22.247
1823-07-01,1823,7,20.344000000000005
1823-07-01,1823,7,18.419
1823-07-01,1823,7,21.357
1823-08-01,1823,8,21.508
1823-08-01,1823,8,19.728
1823-08-01,1823,8,18.92
1823-08-01,1823,8,21.407
1823-09-01,1823,9,15.413000000000002
1823-09-01,1823,9,13.475
1823-09-01,1823,9,13.470999999999998
1823-09-01,1823,9,16.392999999999997
1823-10-01,1823,10,8.714999999999998
1823-10-01,1823,10,7.739
1823-10-01,1823,10,9.297
1823-10-01,1823,10,11.181
1823-11-01,1823,11,3.135999999999998
1823-11-01,1823,11,1.941
1823-11-01,1823,11,3.2350000000000003
1823-11-01,1823,11,7.220999999999999
1823-12-01,1823,12,1.2149999999999987
1823-12-01,1823,12,-0.5140000000000001
1823-12-01,1823,12,-0.6219999999999991
1823-12-01,1823,12,5.965000000000001
1824-01-01,1824,1,-1.5559999999999994
1824-01-01,1824,1,-3.2869999999999995
1824-01-01,1824,1,-2.4650000000000007
1824-01-01,1824,1,2.971
1824-02-01,1824,2,-0.6589999999999997
1824-02-01,1824,2,-2.5760000000000005
1824-02-01,1824,2,-1.004000000000001
1824-02-01,1824,2,2.1740000000000017
1824-03-01,1824,3,4.7780000000000005
1824-03-01,1824,3,3.006000000000001
1824-03-01,1824,3,2.4429999999999987
1824-03-01,1824,3,5.654
1824-04-01,1824,4,9.357
1824-04-01,1824,4,7.922000000000001
1824-04-01,1824,4,7.430000000000001
1824-04-01,1824,4,8.755
1824-05-01,1824,5,15.48
1824-05-01,1824,5,13.264
1824-05-01,1824,5,11.875
1824-05-01,1824,5,14.296
1824-06-01,1824,6,19.42
1824-06-01,1824,6,16.767
1824-06-01,1824,6,15.482999999999995
1824-06-01,1824,6,18.51
1824-07-01,1824,7,21.297
1824-07-01,1824,7,18.558
1824-07-01,1824,7,17.438
1824-07-01,1824,7,20.612000000000005
1824-08-01,1824,8,22.302000000000003
1824-08-01,1824,8,19.132
1824-08-01,1824,8,17.856
1824-08-01,1824,8,22.421
1824-09-01,1824,9,17.046
1824-09-01,1824,9,15.945
1824-09-01,1824,9,15.692
1824-09-01,1824,9,18.178
1824-10-01,1824,10,10.178
1824-10-01,1824,10,8.0
1824-10-01,1824,10,8.694
1824-10-01,1824,10,13.02
1824-11-01,1824,11,4.954000000000001
1824-11-01,1824,11,3.072000000000001
1824-11-01,1824,11,3.692999999999999
1824-11-01,1824,11,9.187
1824-12-01,1824,12,2.5899999999999994
1824-12-01,1824,12,1.4610000000000016
1824-12-01,1824,12,2.0420000000000016
1824-12-01,1824,12,7.039999999999998
1825-01-01,1825,1,-3.268
1825-01-01,1825,1,-3.649000000000001
1825-01-01,1825,1,-1.7960000000000005
1825-01-01,1825,1,0.7750000000000017
1825-02-01,1825,2,-5.132000000000001
1825-02-01,1825,2,-6.117
1825-02-01,1825,2,-4.109999999999999
1825-02-01,1825,2,-2.048999999999999
1825-03-01,1825,3,-2.7430000000000003
1825-03-01,1825,3,-4.234000000000001
1825-03-01,1825,3,-3.1130000000000004
1825-03-01,1825,3,-1.1160000000000003
1825-04-01,1825,4,6.055999999999998
1825-04-01,1825,4,5.388
1825-04-01,1825,4,6.052
1825-04-01,1825,4,5.7970000000000015
1825-05-01,1825,5,14.449999999999998
1825-05-01,1825,5,13.156
1825-05-01,1825,5,13.081
1825-05-01,1825,5,13.117
1825-06-01,1825,6,19.622
1825-06-01,1825,6,17.906
1825-06-01,1825,6,16.28
1825-06-01,1825,6,18.143
1825-07-01,1825,7,20.878
1825-07-01,1825,7,18.012
1825-07-01,1825,7,16.796
1825-07-01,1825,7,20.282
1825-08-01,1825,8,20.153
1825-08-01,1825,8,17.532999999999998
1825-08-01,1825,8,16.849000000000004
1825-08-01,1825,8,20.392000000000003
1825-09-01,1825,9,14.853
1825-09-01,1825,9,12.811
1825-09-01,1825,9,13.069
1825-09-01,1825,9,16.093
1825-10-01,1825,10,8.283
1825-10-01,1825,10,6.568999999999999
1825-10-01,1825,10,7.505
1825-10-01,1825,10,11.343
1825-11-01,1825,11,7.432999999999999
1825-11-01,1825,11,4.693999999999999
1825-11-01,1825,11,5.598
1825-11-01,1825,11,11.895
1825-12-01,1825,12,0.6199999999999998
1825-12-01,1825,12,-1.405
1825-12-01,1825,12,1.6390000000000011
1825-12-01,1825,12,5.7010000000000005
1826-01-01,1826,1,-5.612000000000001
1826-01-01,1826,1,-8.645999999999999
1826-01-01,1826,1,-8.55
1826-01-01,1826,1,-0.4379999999999996
1826-02-01,1826,2,-6.124
1826-02-01,1826,2,-6.593
1826-02-01,1826,2,-3.619
1826-02-01,1826,2,-2.9250000000000003
1826-03-01,1826,3,0.389999999999999
1826-03-01,1826,3,-0.4240000000000006
1826-03-01,1826,3,0.9240000000000018
1826-03-01,1826,3,1.492999999999998
1826-04-01,1826,4,6.773999999999998
1826-04-01,1826,4,6.001
1826-04-01,1826,4,6.231999999999998
1826-04-01,1826,4,6.197999999999999
1826-05-01,1826,5,14.159
1826-05-01,1826,5,13.906
1826-05-01,1826,5,12.475
1826-05-01,1826,5,12.537
1826-06-01,1826,6,18.507
1826-06-01,1826,6,18.024999999999995
1826-06-01,1826,6,17.03
1826-06-01,1826,6,16.898000000000003
1826-07-01,1826,7,24.287
1826-07-01,1826,7,22.484
1826-07-01,1826,7,21.262000000000004
1826-07-01,1826,7,23.167
1826-08-01,1826,8,21.368
1826-08-01,1826,8,19.044
1826-08-01,1826,8,18.701
1826-08-01,1826,8,21.588000000000005
1826-09-01,1826,9,15.892000000000005
1826-09-01,1826,9,13.897
1826-09-01,1826,9,13.576
1826-09-01,1826,9,17.122999999999998
1826-10-01,1826,10,7.923999999999999
1826-10-01,1826,10,6.853
1826-10-01,1826,10,8.861000000000002
1826-10-01,1826,10,10.883
1826-11-01,1826,11,4.901000000000002
1826-11-01,1826,11,2.510999999999998
1826-11-01,1826,11,2.9139999999999984
1826-11-01,1826,11,9.496
1826-12-01,1826,12,2.007
1826-12-01,1826,12,0.1980000000000004
1826-12-01,1826,12,0.2010000000000013
1826-12-01,1826,12,6.727999999999999
1827-01-01,1827,1,-2.776
1827-01-01,1827,1,-2.466
1827-01-01,1827,1,4.058000000000001
1827-02-01,1827,2,-3.5940000000000003
1827-02-01,1827,2,-6.472999999999999
1827-02-01,1827,2,-7.588
1827-02-01,1827,2,-0.411999999999999
1827-03-01,1827,3,4.061000000000002
1827-03-01,1827,3,1.77
1827-03-01,1827,3,2.550000000000002
1827-03-01,1827,3,5.325
1827-04-01,1827,4,8.812999999999999
1827-04-01,1827,4,8.319
1827-04-01,1827,4,8.887
1827-04-01,1827,4,8.345
1827-05-01,1827,5,15.603
1827-05-01,1827,5,15.223999999999998
1827-05-01,1827,5,14.757
1827-05-01,1827,5,14.08
1827-06-01,1827,6,21.730000000000004
1827-06-01,1827,6,20.411
1827-06-01,1827,6,19.464
1827-06-01,1827,6,20.195
1827-07-01,1827,7,23.172
1827-07-01,1827,7,20.396
1827-07-01,1827,7,18.861
1827-07-01,1827,7,22.526000000000003
1827-08-01,1827,8,21.036
1827-08-01,1827,8,18.718000000000004
1827-08-01,1827,8,17.407
1827-08-01,1827,8,21.239
1827-09-01,1827,9,14.045
1827-09-01,1827,9,12.586999999999998
1827-09-01,1827,9,12.867
1827-09-01,1827,9,15.252
1827-10-01,1827,10,9.285
1827-10-01,1827,10,6.97
1827-10-01,1827,10,8.826
1827-10-01,1827,10,12.574000000000002
1827-11-01,1827,11,3.1210000000000013
1827-11-01,1827,11,-0.1760000000000003
1827-11-01,1827,11,-0.1260000000000004
1827-11-01,1827,11,7.965000000000002
1827-12-01,1827,12,-1.5179999999999991
1827-12-01,1827,12,-2.911999999999999
1827-12-01,1827,12,-0.6730000000000006
1827-12-01,1827,12,3.628
1828-01-01,1828,1,-8.674
1828-01-01,1828,1,-8.584
1828-01-01,1828,1,-3.545
1828-02-01,1828,2,-7.886
1828-02-01,1828,2,-9.975
1828-02-01,1828,2,-6.78
1828-02-01,1828,2,-3.921
1828-03-01,1828,3,3.0080000000000005
1828-03-01,1828,3,0.4380000000000016
1828-03-01,1828,3,1.9120000000000008
1828-03-01,1828,3,4.515999999999999
1828-04-01,1828,4,9.656999999999998
1828-04-01,1828,4,8.176
1828-04-01,1828,4,8.618
1828-04-01,1828,4,9.256
1828-05-01,1828,5,14.888999999999998
1828-05-01,1828,5,13.973999999999998
1828-05-01,1828,5,12.69
1828-05-01,1828,5,13.598
1828-06-01,1828,6,20.895
1828-06-01,1828,6,19.481
1828-06-01,1828,6,17.458
1828-06-01,1828,6,19.642
1828-07-01,1828,7,23.225000000000005
1828-07-01,1828,7,21.066000000000003
1828-07-01,1828,7,19.741
1828-07-01,1828,7,22.652
1828-08-01,1828,8,21.454
1828-08-01,1828,8,18.385000000000005
1828-08-01,1828,8,16.705000000000002
1828-08-01,1828,8,21.636
1828-09-01,1828,9,13.422
1828-09-01,1828,9,11.336999999999998
1828-09-01,1828,9,11.524
1828-09-01,1828,9,14.805
1828-10-01,1828,10,7.193999999999998
1828-10-01,1828,10,6.084
1828-10-01,1828,10,6.702000000000001
1828-10-01,1828,10,9.949
1828-11-01,1828,11,2.2440000000000007
1828-11-01,1828,11,0.1400000000000013
1828-11-01,1828,11,1.6689999999999985
1828-11-01,1828,11,7.056999999999999
1828-12-01,1828,12,-5.508
1828-12-01,1828,12,-6.912000000000001
1828-12-01,1828,12,-3.319
1828-12-01,1828,12,-0.0430000000000004
1829-01-01,1829,1,-8.088000000000001
1829-01-01,1829,1,-11.144
1829-01-01,1829,1,-9.881999999999998
1829-01-01,1829,1,-2.578
1829-02-01,1829,2,-5.635000000000001
1829-02-01,1829,2,-8.326
1829-02-01,1829,2,-7.958
1829-02-01,1829,2,-1.9070000000000005
1829-03-01,1829,3,0.3520000000000007
1829-03-01,1829,3,-2.6700000000000004
1829-03-01,1829,3,-1.8570000000000004
1829-03-01,1829,3,2.286999999999999
1829-04-01,1829,4,10.728999999999996
1829-04-01,1829,4,8.106000000000002
1829-04-01,1829,4,8.033000000000001
1829-04-01,1829,4,10.624
1829-05-01,1829,5,14.175
1829-05-01,1829,5,12.974
1829-05-01,1829,5,11.661
1829-05-01,1829,5,12.913000000000002
1829-06-01,1829,6,17.742
1829-06-01,1829,6,16.976000000000003
1829-06-01,1829,6,15.337000000000002
1829-06-01,1829,6,16.363
1829-07-01,1829,7,21.637
1829-07-01,1829,7,20.818
1829-07-01,1829,7,18.726
1829-07-01,1829,7,20.543
1829-08-01,1829,8,20.727
1829-08-01,1829,8,18.618
1829-08-01,1829,8,17.053
1829-08-01,1829,8,20.735
1829-09-01,1829,9,16.496
1829-09-01,1829,9,15.234
1829-09-01,1829,9,15.006999999999998
1829-09-01,1829,9,17.430999999999997
1829-10-01,1829,10,7.698999999999998
1829-10-01,1829,10,5.149
1829-10-01,1829,10,5.071000000000001
1829-10-01,1829,10,10.748
1829-11-01,1829,11,-0.4360000000000003
1829-11-01,1829,11,-2.91
1829-11-01,1829,11,-3.0900000000000007
1829-11-01,1829,11,4.461999999999999
1829-12-01,1829,12,-7.825000000000001
1829-12-01,1829,12,-10.355
1829-12-01,1829,12,-11.148
1829-12-01,1829,12,-1.832
1830-01-01,1830,1,-7.899999999999999
1830-01-01,1830,1,-10.966
1830-01-01,1830,1,-11.114
1830-01-01,1830,1,-2.7729999999999992
1830-02-01,1830,2,-6.081
1830-02-01,1830,2,-8.237
1830-02-01,1830,2,-7.947999999999999
1830-02-01,1830,2,-2.405
1830-03-01,1830,3,-0.9770000000000008
1830-03-01,1830,3,-1.9269999999999992
1830-03-01,1830,3,-0.7759999999999994
1830-04-01,1830,4,7.767000000000002
1830-04-01,1830,4,7.361
1830-04-01,1830,4,8.059000000000001
1830-04-01,1830,4,7.388999999999998
1830-05-01,1830,5,15.957
1830-05-01,1830,5,14.827000000000002
1830-05-01,1830,5,13.243000000000002
1830-05-01,1830,5,14.656
1830-06-01,1830,6,20.541
1830-06-01,1830,6,19.465999999999998
1830-06-01,1830,6,18.228
1830-06-01,1830,6,19.169
1830-07-01,1830,7,20.68
1830-07-01,1830,7,18.620999999999995
1830-07-01,1830,7,17.917999999999996
1830-07-01,1830,7,20.317
1830-08-01,1830,8,22.452
1830-08-01,1830,8,20.827000000000005
1830-08-01,1830,8,22.235
1830-09-01,1830,9,14.632
1830-09-01,1830,9,12.581
1830-09-01,1830,9,12.728000000000002
1830-09-01,1830,9,16.0
1830-10-01,1830,10,6.864000000000002
1830-10-01,1830,10,5.504999999999999
1830-10-01,1830,10,5.847
1830-10-01,1830,10,9.625000000000002
1830-11-01,1830,11,2.642000000000001
1830-11-01,1830,11,1.5299999999999987
1830-11-01,1830,11,3.575000000000001
1830-11-01,1830,11,7.108000000000001
1830-12-01,1830,12,2.8670000000000013
1830-12-01,1830,12,-0.0970000000000009
1830-12-01,1830,12,0.284999999999999
1830-12-01,1830,12,7.828000000000001
1831-01-01,1831,1,-5.792
1831-01-01,1831,1,-8.502999999999998
1831-01-01,1831,1,-8.392999999999999
1831-01-01,1831,1,-0.7780000000000007
1831-02-01,1831,2,-2.898
1831-02-01,1831,2,-4.9590000000000005
1831-02-01,1831,2,-3.3209999999999997
1831-02-01,1831,2,0.5130000000000005
1831-03-01,1831,3,1.053999999999999
1831-03-01,1831,3,-1.466
1831-03-01,1831,3,-0.022
1831-03-01,1831,3,2.7250000000000005
1831-04-01,1831,4,8.931000000000001
1831-04-01,1831,4,8.580000000000002
1831-04-01,1831,4,10.103000000000002
1831-04-01,1831,4,8.433
1831-05-01,1831,5,15.472
1831-05-01,1831,5,14.47
1831-05-01,1831,5,14.221
1831-06-01,1831,6,18.889000000000003
1831-06-01,1831,6,17.802
1831-06-01,1831,6,16.006
1831-06-01,1831,6,17.773
1831-07-01,1831,7,20.6
1831-07-01,1831,7,19.279000000000003
1831-07-01,1831,7,18.48
1831-07-01,1831,7,19.933000000000003
1831-08-01,1831,8,18.722
1831-08-01,1831,8,17.318
1831-08-01,1831,8,16.598
1831-08-01,1831,8,18.863
1831-09-01,1831,9,13.383
1831-09-01,1831,9,11.975
1831-09-01,1831,9,11.490999999999998
1831-09-01,1831,9,14.532000000000002
1831-10-01,1831,10,6.812999999999999
1831-10-01,1831,10,6.453999999999998
1831-10-01,1831,10,8.597999999999999
1831-10-01,1831,10,9.656
1831-11-01,1831,11,1.9739999999999984
1831-11-01,1831,11,-0.2899999999999991
1831-11-01,1831,11,0.7459999999999982
1831-11-01,1831,11,6.661000000000001
1831-12-01,1831,12,-3.966
1831-12-01,1831,12,-5.678000000000001
1831-12-01,1831,12,-3.3120000000000003
1831-12-01,1831,12,1.6739999999999986
1832-01-01,1832,1,-5.117999999999999
1832-01-01,1832,1,-6.666
1832-01-01,1832,1,-5.274000000000001
1832-01-01,1832,1,-0.4140000000000003
1832-02-01,1832,2,-4.9590000000000005
1832-02-01,1832,2,-5.667000000000001
1832-02-01,1832,2,-3.6519999999999992
1832-02-01,1832,2,-2.015999999999999
1832-03-01,1832,3,-2.1990000000000007
1832-03-01,1832,3,-3.131
1832-03-01,1832,3,-0.7089999999999996
1832-03-01,1832,3,-0.4939999999999994
1832-04-01,1832,4,5.702999999999999
1832-04-01,1832,4,5.081999999999998
1832-04-01,1832,4,5.686
1832-04-01,1832,4,5.415
1832-05-01,1832,5,14.54
1832-05-01,1832,5,13.756000000000002
1832-05-01,1832,5,11.636
1832-05-01,1832,5,13.049
1832-06-01,1832,6,17.665
1832-06-01,1832,6,15.955
1832-06-01,1832,6,15.286
1832-06-01,1832,6,16.554
1832-07-01,1832,7,18.224000000000004
1832-07-01,1832,7,16.463
1832-07-01,1832,7,14.82
1832-07-01,1832,7,17.698999999999998
1832-08-01,1832,8,18.698000000000004
1832-08-01,1832,8,17.141000000000002
1832-08-01,1832,8,16.999
1832-08-01,1832,8,18.820000000000004
1832-09-01,1832,9,13.089999999999998
1832-09-01,1832,9,11.131
1832-09-01,1832,9,10.509000000000002
1832-09-01,1832,9,14.409
1832-10-01,1832,10,6.968
1832-10-01,1832,10,5.860999999999999
1832-10-01,1832,10,7.166999999999998
1832-10-01,1832,10,9.834
1832-11-01,1832,11,-1.969
1832-11-01,1832,11,-3.2890000000000006
1832-11-01,1832,11,-0.8570000000000001
1832-11-01,1832,11,2.967999999999998
1832-12-01,1832,12,-5.792
1832-12-01,1832,12,-7.592
1832-12-01,1832,12,-5.266
1832-12-01,1832,12,-0.0629999999999992
1833-01-01,1833,1,-7.324
1833-01-01,1833,1,-8.375999999999998
1833-01-01,1833,1,-7.536000000000001
1833-01-01,1833,1,-2.7030000000000007
1833-02-01,1833,2,-1.289
1833-02-01,1833,2,-3.38
1833-02-01,1833,2,-0.9479999999999992
1833-02-01,1833,2,1.9640000000000015
1833-03-01,1833,3,0.6820000000000014
1833-03-01,1833,3,-0.9340000000000004
1833-03-01,1833,3,1.206
1833-03-01,1833,3,2.1939999999999986
1833-04-01,1833,4,8.145999999999999
1833-04-01,1833,4,6.998000000000001
1833-04-01,1833,4,6.185000000000001
1833-04-01,1833,4,7.738000000000003
1833-05-01,1833,5,15.422
1833-05-01,1833,5,14.825
1833-05-01,1833,5,15.136
1833-05-01,1833,5,14.114999999999998
1833-06-01,1833,6,22.226
1833-06-01,1833,6,21.015
1833-06-01,1833,6,19.043
1833-06-01,1833,6,20.504
1833-07-01,1833,7,22.295
1833-07-01,1833,7,20.026000000000003
1833-07-01,1833,7,18.089
1833-07-01,1833,7,21.427000000000003
1833-08-01,1833,8,18.365
1833-08-01,1833,8,15.44
1833-08-01,1833,8,14.361999999999998
1833-08-01,1833,8,18.765
1833-09-01,1833,9,15.064000000000002
1833-09-01,1833,9,12.986
1833-09-01,1833,9,12.955000000000002
1833-09-01,1833,9,16.435
1833-10-01,1833,10,6.490000000000001
1833-10-01,1833,10,4.912
1833-10-01,1833,10,6.202000000000002
1833-10-01,1833,10,9.635000000000002
1833-11-01,1833,11,2.2479999999999998
1833-11-01,1833,11,0.7140000000000017
1833-11-01,1833,11,1.9560000000000008
1833-11-01,1833,11,6.622999999999999
1833-12-01,1833,12,-1.508000000000001
1833-12-01,1833,12,-2.7150000000000003
1833-12-01,1833,12,0.5389999999999991
1833-12-01,1833,12,3.670000000000001
1834-01-01,1834,1,-4.315999999999999
1834-01-01,1834,1,-6.105
1834-01-01,1834,1,-2.402999999999999
1834-01-01,1834,1,0.6979999999999996
1834-02-01,1834,2,-6.681000000000001
1834-02-01,1834,2,-7.373
1834-02-01,1834,2,-3.4199999999999995
1834-02-01,1834,2,-3.402
1834-03-01,1834,3,1.5390000000000017
1834-03-01,1834,3,0.3130000000000008
1834-03-01,1834,3,0.1849999999999991
1834-03-01,1834,3,2.730000000000001
1834-04-01,1834,4,6.944000000000001
1834-04-01,1834,4,5.860000000000001
1834-04-01,1834,4,5.960999999999999
1834-04-01,1834,4,6.739000000000001
1834-05-01,1834,5,17.887
1834-05-01,1834,5,17.002
1834-05-01,1834,5,16.483999999999998
1834-05-01,1834,5,16.424999999999997
1834-06-01,1834,6,20.129999999999995
1834-06-01,1834,6,18.649999999999995
1834-06-01,1834,6,17.921000000000003
1834-06-01,1834,6,18.734
1834-07-01,1834,7,22.006
1834-07-01,1834,7,21.369000000000003
1834-07-01,1834,7,21.503
1834-07-01,1834,7,20.875
1834-08-01,1834,8,21.598
1834-08-01,1834,8,21.075000000000003
1834-08-01,1834,8,20.562
1834-08-01,1834,8,21.277
1834-09-01,1834,9,16.545
1834-09-01,1834,9,14.720999999999997
1834-09-01,1834,9,14.871
1834-09-01,1834,9,17.664
1834-10-01,1834,10,7.843000000000002
1834-10-01,1834,10,6.665
1834-10-01,1834,10,6.958
1834-10-01,1834,10,10.564
1834-11-01,1834,11,3.260999999999999
1834-11-01,1834,11,1.441000000000001
1834-11-01,1834,11,2.357999999999999
1834-11-01,1834,11,7.547000000000001
1834-12-01,1834,12,-1.895000000000001
1834-12-01,1834,12,-3.2149999999999994
1834-12-01,1834,12,-1.4789999999999992
1834-12-01,1834,12,2.9210000000000016
1835-01-01,1835,1,-3.12
1835-01-01,1835,1,-4.52
1835-01-01,1835,1,-2.466
1835-01-01,1835,1,1.4290000000000012
1835-02-01,1835,2,-0.1889999999999996
1835-02-01,1835,2,-1.947
1835-02-01,1835,2,-0.6960000000000003
1835-02-01,1835,2,2.6940000000000017
1835-03-01,1835,3,2.889000000000001
1835-03-01,1835,3,1.1110000000000002
1835-03-01,1835,3,1.5650000000000002
1835-03-01,1835,3,4.001
1835-04-01,1835,4,7.825000000000001
1835-04-01,1835,4,6.873000000000001
1835-04-01,1835,4,6.038999999999998
1835-04-01,1835,4,7.334
1835-05-01,1835,5,14.71
1835-05-01,1835,5,13.867
1835-05-01,1835,5,13.325
1835-05-01,1835,5,13.361
1835-06-01,1835,6,19.566
1835-06-01,1835,6,18.575000000000003
1835-06-01,1835,6,17.777
1835-06-01,1835,6,18.112000000000005
1835-07-01,1835,7,21.295
1835-07-01,1835,7,19.381000000000004
1835-07-01,1835,7,18.840000000000003
1835-07-01,1835,7,20.47600000000001
1835-08-01,1835,8,17.721999999999998
1835-08-01,1835,8,15.369
1835-08-01,1835,8,15.559
1835-08-01,1835,8,18.153
1835-09-01,1835,9,12.650000000000002
1835-09-01,1835,9,12.034
1835-09-01,1835,9,12.777000000000005
1835-09-01,1835,9,13.731000000000002
1835-10-01,1835,10,9.786
1835-10-01,1835,10,7.0120000000000005
1835-10-01,1835,10,7.430999999999999
1835-10-01,1835,10,12.912
1835-11-01,1835,11,-1.4729999999999994
1835-11-01,1835,11,-3.69
1835-11-01,1835,11,-2.6980000000000004
1835-11-01,1835,11,3.521000000000001
1835-12-01,1835,12,-6.937999999999999
1835-12-01,1835,12,-8.947
1835-12-01,1835,12,-6.301999999999999
1835-12-01,1835,12,-1.2999999999999998
1836-01-01,1836,1,-7.583
1836-01-01,1836,1,-8.354
1836-01-01,1836,1,-6.798
1836-01-01,1836,1,-3.0350000000000006
1836-02-01,1836,2,-3.136
1836-02-01,1836,2,-4.309
1836-02-01,1836,2,-2.2390000000000003
1836-02-01,1836,2,-0.1779999999999996
1836-03-01,1836,3,5.728999999999998
1836-03-01,1836,3,4.434999999999999
1836-03-01,1836,3,6.710999999999999
1836-03-01,1836,3,6.942000000000002
1836-04-01,1836,4,9.595999999999997
1836-04-01,1836,4,9.396
1836-04-01,1836,4,9.047
1836-04-01,1836,4,8.780999999999999
1836-05-01,1836,5,13.504
1836-05-01,1836,5,11.641
1836-05-01,1836,5,10.706
1836-05-01,1836,5,12.381
1836-06-01,1836,6,19.273
1836-06-01,1836,6,17.154999999999998
1836-06-01,1836,6,16.843
1836-06-01,1836,6,18.136000000000003
1836-07-01,1836,7,19.026
1836-07-01,1836,7,17.4
1836-07-01,1836,7,16.691
1836-07-01,1836,7,18.410999999999994
1836-08-01,1836,8,18.556
1836-08-01,1836,8,16.241
1836-08-01,1836,8,15.518999999999998
1836-08-01,1836,8,18.745
1836-09-01,1836,9,14.873
1836-09-01,1836,9,12.407
1836-09-01,1836,9,13.246
1836-09-01,1836,9,16.272000000000002
1836-10-01,1836,10,11.18
1836-10-01,1836,10,9.58
1836-10-01,1836,10,10.699000000000002
1836-10-01,1836,10,13.842
1836-11-01,1836,11,2.793
1836-11-01,1836,11,-0.2179999999999992
1836-11-01,1836,11,0.2749999999999986
1836-11-01,1836,11,7.52
1836-12-01,1836,12,1.0500000000000005
1836-12-01,1836,12,-1.5630000000000008
1836-12-01,1836,12,-0.697
1836-12-01,1836,12,6.155
1837-01-01,1837,1,-4.047000000000001
1837-01-01,1837,1,-6.08
1837-01-01,1837,1,-4.668
1837-01-01,1837,1,0.7430000000000013
1837-02-01,1837,2,-5.244
1837-02-01,1837,2,-6.642
1837-02-01,1837,2,-5.16
1837-02-01,1837,2,-2.1110000000000007
1837-03-01,1837,3,1.3009999999999995
1837-03-01,1837,3,-0.896
1837-03-01,1837,3,-0.5659999999999994
1837-03-01,1837,3,2.7039999999999984
1837-04-01,1837,4,10.435999999999998
1837-04-01,1837,4,9.007000000000001
1837-04-01,1837,4,8.143999999999998
1837-04-01,1837,4,9.827000000000002
1837-05-01,1837,5,15.328
1837-05-01,1837,5,14.285
1837-05-01,1837,5,12.762
1837-05-01,1837,5,13.842
1837-06-01,1837,6,17.567999999999998
1837-06-01,1837,6,15.975
1837-06-01,1837,6,15.42
1837-06-01,1837,6,16.476
1837-07-01,1837,7,18.362
1837-07-01,1837,7,16.477
1837-07-01,1837,7,15.654
1837-07-01,1837,7,18.021
1837-08-01,1837,8,20.478
1837-08-01,1837,8,18.964
1837-08-01,1837,8,18.105
1837-08-01,1837,8,20.523
1837-09-01,1837,9,15.570000000000002
1837-09-01,1837,9,13.262999999999998
1837-09-01,1837,9,12.278
1837-09-01,1837,9,16.858
1837-10-01,1837,10,6.311
1837-10-01,1837,10,5.130999999999999
1837-10-01,1837,10,6.859000000000002
1837-10-01,1837,10,9.241999999999996
1837-11-01,1837,11,3.1099999999999994
1837-11-01,1837,11,1.6739999999999986
1837-11-01,1837,11,3.197000000000002
1837-11-01,1837,11,7.369999999999998
1837-12-01,1837,12,-6.077999999999999
1837-12-01,1837,12,-8.321
1837-12-01,1837,12,-5.864
1837-12-01,1837,12,-0.5070000000000007
1838-01-01,1838,1,-12.2
1838-01-01,1838,1,-14.88
1838-01-01,1838,1,-13.613
1838-01-01,1838,1,-6.585000000000001
1838-02-01,1838,2,-3.209
1838-02-01,1838,2,-6.893999999999999
1838-02-01,1838,2,-6.989000000000001
1838-02-01,1838,2,0.0509999999999995
1838-03-01,1838,3,1.3090000000000006
1838-03-01,1838,3,-0.9010000000000002
1838-03-01,1838,3,0.4149999999999999
1838-03-01,1838,3,2.649
1838-04-01,1838,4,8.308
1838-04-01,1838,4,7.1960000000000015
1838-04-01,1838,4,6.217000000000002
1838-04-01,1838,4,7.689999999999999
1838-05-01,1838,5,15.42
1838-05-01,1838,5,14.685
1838-05-01,1838,5,13.545
1838-05-01,1838,5,13.726999999999997
1838-06-01,1838,6,18.046
1838-06-01,1838,6,16.864
1838-06-01,1838,6,16.057000000000002
1838-06-01,1838,6,16.843
1838-07-01,1838,7,19.486
1838-07-01,1838,7,18.35
1838-07-01,1838,7,16.872
1838-07-01,1838,7,18.836
1838-08-01,1838,8,18.752
1838-08-01,1838,8,16.689
1838-08-01,1838,8,15.401000000000002
1838-08-01,1838,8,18.847
1838-09-01,1838,9,16.897000000000002
1838-09-01,1838,9,15.398
1838-09-01,1838,9,14.730000000000002
1838-09-01,1838,9,17.94
1838-10-01,1838,10,6.138999999999999
1838-10-01,1838,10,4.888000000000001
1838-10-01,1838,10,5.313999999999998
1838-10-01,1838,10,8.870000000000001
1838-11-01,1838,11,4.033
1838-11-01,1838,11,0.7960000000000002
1838-11-01,1838,11,1.0940000000000003
1838-11-01,1838,11,8.701
1838-12-01,1838,12,-2.754
1838-12-01,1838,12,-3.917
1838-12-01,1838,12,-3.521000000000001
1838-12-01,1838,12,2.1860000000000017
1839-01-01,1839,1,-4.303999999999999
1839-01-01,1839,1,-5.966
1839-01-01,1839,1,-5.178
1839-01-01,1839,1,-0.0559999999999997
1839-02-01,1839,2,-3.031
1839-02-01,1839,2,-5.628000000000001
1839-02-01,1839,2,-3.682
1839-02-01,1839,2,0.0790000000000014
1839-03-01,1839,3,-3.401
1839-03-01,1839,3,-5.728000000000001
1839-03-01,1839,3,-3.842000000000001
1839-03-01,1839,3,-1.768000000000001
1839-04-01,1839,4,5.284999999999999
1839-04-01,1839,4,4.021
1839-04-01,1839,4,3.5759999999999987
1839-04-01,1839,4,4.839
1839-05-01,1839,5,15.957
1839-05-01,1839,5,16.006
1839-05-01,1839,5,14.627999999999998
1839-05-01,1839,5,14.252999999999998
1839-06-01,1839,6,20.032
1839-06-01,1839,6,18.998
1839-06-01,1839,6,17.926000000000002
1839-06-01,1839,6,18.565
1839-07-01,1839,7,22.108
1839-07-01,1839,7,20.746
1839-07-01,1839,7,19.139
1839-07-01,1839,7,21.317
1839-08-01,1839,8,23.838
1839-08-01,1839,8,21.703
1839-08-01,1839,8,18.498000000000005
1839-08-01,1839,8,23.267000000000003
1839-09-01,1839,9,16.907
1839-09-01,1839,9,15.609000000000002
1839-09-01,1839,9,15.506
1839-09-01,1839,9,17.747
1839-10-01,1839,10,8.137
1839-10-01,1839,10,6.573000000000001
1839-10-01,1839,10,11.094
1839-11-01,1839,11,3.343999999999999
1839-11-01,1839,11,1.246999999999999
1839-11-01,1839,11,3.1230000000000007
1839-11-01,1839,11,7.788
1839-12-01,1839,12,-7.004
1839-12-01,1839,12,-10.085
1839-12-01,1839,12,-5.7940000000000005
1839-12-01,1839,12,-0.7730000000000005
1840-01-01,1840,1,-5.244
1840-01-01,1840,1,-6.248000000000001
1840-01-01,1840,1,-4.953000000000001
1840-01-01,1840,1,-0.7929999999999993
1840-02-01,1840,2,-5.619
1840-02-01,1840,2,-7.428000000000001
1840-02-01,1840,2,-4.7780000000000005
1840-02-01,1840,2,-1.936
1840-03-01,1840,3,-1.876
1840-03-01,1840,3,-3.06
1840-03-01,1840,3,-3.3039999999999994
1840-03-01,1840,3,-0.6709999999999994
1840-04-01,1840,4,5.389000000000001
1840-04-01,1840,4,4.416
1840-04-01,1840,4,5.037999999999999
1840-05-01,1840,5,12.775
1840-05-01,1840,5,12.076999999999998
1840-05-01,1840,5,11.137
1840-05-01,1840,5,11.754
1840-06-01,1840,6,18.012
1840-06-01,1840,6,16.951
1840-06-01,1840,6,15.986
1840-06-01,1840,6,16.646
1840-07-01,1840,7,23.732000000000003
1840-07-01,1840,7,21.088
1840-07-01,1840,7,18.762999999999995
1840-07-01,1840,7,22.956000000000003
1840-08-01,1840,8,19.177000000000003
1840-08-01,1840,8,17.094
1840-08-01,1840,8,16.016000000000002
1840-08-01,1840,8,19.399
1840-09-01,1840,9,16.726
1840-09-01,1840,9,15.011
1840-09-01,1840,9,14.810000000000002
1840-09-01,1840,9,17.798000000000002
1840-10-01,1840,10,7.930999999999999
1840-10-01,1840,10,5.357999999999999
1840-10-01,1840,10,5.301999999999999
1840-10-01,1840,10,11.146999999999998
1840-11-01,1840,11,3.4169999999999985
1840-11-01,1840,11,1.1360000000000012
1840-11-01,1840,11,3.309000000000001
1840-11-01,1840,11,8.048000000000002
1840-12-01,1840,12,-9.038
1840-12-01,1840,12,-10.672999999999998
1840-12-01,1840,12,-9.664
1840-12-01,1840,12,-3.524
1841-01-01,1841,1,-4.479000000000001
1841-01-01,1841,1,-7.244
1841-01-01,1841,1,-5.305
1841-01-01,1841,1,0.6210000000000014
1841-02-01,1841,2,-9.145
1841-02-01,1841,2,-12.573
1841-02-01,1841,2,-10.234
1841-02-01,1841,2,-4.745
1841-03-01,1841,3,-1.3849999999999991
1841-03-01,1841,3,-2.446
1841-03-01,1841,3,0.2919999999999984
1841-03-01,1841,3,0.1770000000000019
1841-04-01,1841,4,9.119
1841-04-01,1841,4,7.320000000000001
1841-04-01,1841,4,8.761
1841-04-01,1841,4,8.955
1841-05-01,1841,5,16.249
1841-05-01,1841,5,16.095
1841-05-01,1841,5,16.034
1841-05-01,1841,5,14.631
1841-06-01,1841,6,21.168
1841-06-01,1841,6,20.261000000000006
1841-06-01,1841,6,18.165000000000003
1841-06-01,1841,6,19.445999999999994
1841-07-01,1841,7,24.756
1841-07-01,1841,7,22.503
1841-07-01,1841,7,19.501
1841-07-01,1841,7,23.657
1841-08-01,1841,8,21.960000000000004
1841-08-01,1841,8,20.271
1841-08-01,1841,8,18.808
1841-08-01,1841,8,21.818
1841-09-01,1841,9,17.15
1841-09-01,1841,9,14.842
1841-09-01,1841,9,14.175
1841-09-01,1841,9,18.327000000000005
1841-10-01,1841,10,11.303
1841-10-01,1841,10,9.263999999999998
1841-10-01,1841,10,10.386
1841-10-01,1841,10,14.25
1841-11-01,1841,11,3.8020000000000014
1841-11-01,1841,11,2.159999999999999
1841-11-01,1841,11,3.3190000000000017
1841-11-01,1841,11,8.118999999999998
1841-12-01,1841,12,0.1019999999999991
1841-12-01,1841,12,-1.7910000000000004
1841-12-01,1841,12,-0.1899999999999993
1841-12-01,1841,12,5.4380000000000015
1842-01-01,1842,1,-6.882999999999999
1842-01-01,1842,1,-10.257
1842-01-01,1842,1,-8.719
1842-01-01,1842,1,-1.4619999999999993
1842-02-01,1842,2,-4.656000000000001
1842-02-01,1842,2,-5.758
1842-02-01,1842,2,-5.346
1842-02-01,1842,2,-1.959
1842-03-01,1842,3,0.733000000000001
1842-03-01,1842,3,-1.0629999999999995
1842-03-01,1842,3,0.885000000000002
1842-03-01,1842,3,2.0789999999999984
1842-04-01,1842,4,6.082000000000001
1842-04-01,1842,4,4.287
1842-04-01,1842,4,4.254999999999999
1842-04-01,1842,4,5.94
1842-05-01,1842,5,14.925000000000002
1842-05-01,1842,5,14.586
1842-05-01,1842,5,13.858
1842-05-01,1842,5,13.341
1842-06-01,1842,6,19.128000000000004
1842-06-01,1842,6,17.501
1842-06-01,1842,6,15.941000000000004
1842-06-01,1842,6,17.749
1842-07-01,1842,7,20.503
1842-07-01,1842,7,18.525
1842-07-01,1842,7,16.869999999999997
1842-08-01,1842,8,19.457
1842-08-01,1842,8,17.92
1842-08-01,1842,8,18.935
1842-08-01,1842,8,19.591
1842-09-01,1842,9,15.736999999999998
1842-09-01,1842,9,12.962000000000002
1842-09-01,1842,9,13.103
1842-09-01,1842,9,17.122
1842-10-01,1842,10,7.983
1842-10-01,1842,10,5.528000000000001
1842-10-01,1842,10,5.296999999999999
1842-10-01,1842,10,11.027
1842-11-01,1842,11,3.6709999999999994
1842-11-01,1842,11,0.4309999999999981
1842-11-01,1842,11,-0.3080000000000006
1842-11-01,1842,11,8.421999999999999
1842-12-01,1842,12,0.188
1842-12-01,1842,12,-0.8570000000000001
1842-12-01,1842,12,0.4509999999999989
1842-12-01,1842,12,4.9270000000000005
1843-01-01,1843,1,-0.9610000000000004
1843-01-01,1843,1,-2.5660000000000003
1843-01-01,1843,1,-2.0570000000000004
1843-01-01,1843,1,3.291
1843-02-01,1843,2,3.3459999999999983
1843-02-01,1843,2,2.347999999999999
1843-02-01,1843,2,2.756
1843-02-01,1843,2,5.823
1843-03-01,1843,3,0.9280000000000004
1843-03-01,1843,3,-0.6890000000000008
1843-03-01,1843,3,-0.3269999999999997
1843-03-01,1843,3,2.044000000000001
1843-04-01,1843,4,7.858999999999999
1843-04-01,1843,4,6.883999999999999
1843-04-01,1843,4,7.186000000000001
1843-05-01,1843,5,12.356000000000002
1843-05-01,1843,5,10.701
1843-05-01,1843,5,10.337
1843-05-01,1843,5,11.421
1843-06-01,1843,6,19.492
1843-06-01,1843,6,19.018
1843-06-01,1843,6,17.73
1843-07-01,1843,7,19.721
1843-07-01,1843,7,17.915000000000003
1843-07-01,1843,7,17.457
1843-07-01,1843,7,19.195
1843-08-01,1843,8,19.57
1843-08-01,1843,8,18.188
1843-08-01,1843,8,17.825999999999997
1843-08-01,1843,8,19.437
1843-09-01,1843,9,12.868
1843-09-01,1843,9,11.169
1843-09-01,1843,9,11.248
1843-09-01,1843,9,14.291999999999998
1843-10-01,1843,10,9.598
1843-10-01,1843,10,7.298999999999999
1843-10-01,1843,10,7.2810000000000015
1843-10-01,1843,10,12.416
1843-11-01,1843,11,2.615
1843-11-01,1843,11,1.1260000000000008
1843-11-01,1843,11,1.6750000000000005
1843-11-01,1843,11,6.849999999999999
1843-12-01,1843,12,-0.1119999999999995
1843-12-01,1843,12,-0.7520000000000001
1843-12-01,1843,12,1.4800000000000009
1843-12-01,1843,12,4.608999999999999
1844-01-01,1844,1,-4.558999999999999
1844-01-01,1844,1,-6.273
1844-01-01,1844,1,-5.579000000000001
1844-01-01,1844,1,-0.1700000000000005
1844-02-01,1844,2,-0.1100000000000002
1844-02-01,1844,2,-3.06
1844-02-01,1844,2,-4.458
1844-02-01,1844,2,3.043999999999999
1844-03-01,1844,3,0.9249999999999996
1844-03-01,1844,3,-1.7900000000000007
1844-03-01,1844,3,-1.2509999999999997
1844-03-01,1844,3,2.418000000000001
1844-04-01,1844,4,5.471
1844-04-01,1844,4,4.871
1844-04-01,1844,4,6.009999999999999
1844-04-01,1844,4,4.898000000000001
1844-05-01,1844,5,15.364999999999997
1844-05-01,1844,5,15.59
1844-05-01,1844,5,14.201
1844-05-01,1844,5,13.54
1844-06-01,1844,6,17.851
1844-06-01,1844,6,16.136000000000003
1844-06-01,1844,6,15.367
1844-06-01,1844,6,16.837000000000003
1844-07-01,1844,7,21.646
1844-07-01,1844,7,18.382
1844-07-01,1844,7,15.759
1844-07-01,1844,7,21.311000000000003
1844-08-01,1844,8,20.631000000000004
1844-08-01,1844,8,17.75
1844-08-01,1844,8,16.035
1844-08-01,1844,8,20.976
1844-09-01,1844,9,16.668999999999997
1844-09-01,1844,9,14.2
1844-09-01,1844,9,13.383
1844-09-01,1844,9,18.053000000000004
1844-10-01,1844,10,8.237
1844-10-01,1844,10,6.307999999999999
1844-10-01,1844,10,7.998
1844-10-01,1844,10,11.512999999999998
1844-11-01,1844,11,1.4210000000000005
1844-11-01,1844,11,-1.847
1844-11-01,1844,11,1.9739999999999984
1844-11-01,1844,11,6.815000000000001
1844-12-01,1844,12,-7.442000000000001
1844-12-01,1844,12,-9.041
1844-12-01,1844,12,-6.981999999999999
1844-12-01,1844,12,-1.9819999999999995
1845-01-01,1845,1,-3.331999999999999
1845-01-01,1845,1,-4.768999999999999
1845-01-01,1845,1,-2.8130000000000006
1845-01-01,1845,1,1.3059999999999998
1845-02-01,1845,2,-6.386
1845-02-01,1845,2,-10.660999999999998
1845-02-01,1845,2,-10.174
1845-02-01,1845,2,-2.3629999999999995
1845-03-01,1845,3,-0.7020000000000002
1845-03-01,1845,3,-4.995
1845-03-01,1845,3,-5.742999999999999
1845-03-01,1845,3,1.4889999999999997
1845-04-01,1845,4,8.634000000000002
1845-04-01,1845,4,6.138000000000001
1845-04-01,1845,4,7.015999999999999
1845-04-01,1845,4,8.673000000000002
1845-05-01,1845,5,14.845
1845-05-01,1845,5,13.029
1845-05-01,1845,5,12.113000000000005
1845-05-01,1845,5,13.726999999999997
1845-06-01,1845,6,19.488
1845-06-01,1845,6,17.897000000000006
1845-06-01,1845,6,17.502
1845-06-01,1845,6,18.258
1845-07-01,1845,7,23.525
1845-07-01,1845,7,21.628000000000004
1845-07-01,1845,7,19.783
1845-07-01,1845,7,22.808
1845-08-01,1845,8,20.325
1845-08-01,1845,8,17.766000000000002
1845-08-01,1845,8,16.602
1845-08-01,1845,8,20.527
1845-09-01,1845,9,13.562
1845-09-01,1845,9,11.519999999999998
1845-09-01,1845,9,11.773
1845-09-01,1845,9,15.061
1845-10-01,1845,10,8.928
1845-10-01,1845,10,6.406
1845-10-01,1845,10,7.596999999999999
1845-10-01,1845,10,12.127999999999998
1845-11-01,1845,11,3.8020000000000014
1845-11-01,1845,11,2.5450000000000017
1845-11-01,1845,11,3.985999999999999
1845-11-01,1845,11,8.040999999999999
1845-12-01,1845,12,0.7450000000000006
1845-12-01,1845,12,-1.1760000000000008
1845-12-01,1845,12,-0.4319999999999998
1845-12-01,1845,12,5.635000000000001
1846-01-01,1846,1,-2.608000000000001
1846-01-01,1846,1,-5.077
1846-01-01,1846,1,-3.712999999999999
1846-01-01,1846,1,2.088000000000001
1846-02-01,1846,2,-2.166000000000001
1846-02-01,1846,2,-4.476999999999999
1846-02-01,1846,2,-2.7190000000000007
1846-02-01,1846,2,0.8469999999999998
1846-03-01,1846,3,3.638999999999998
1846-03-01,1846,3,2.391999999999999
1846-03-01,1846,3,4.383999999999999
1846-03-01,1846,3,4.968
1846-04-01,1846,4,9.931
1846-04-01,1846,4,8.458000000000002
1846-04-01,1846,4,9.043
1846-04-01,1846,4,9.571000000000002
1846-05-01,1846,5,13.863999999999995
1846-05-01,1846,5,12.307
1846-05-01,1846,5,11.73
1846-05-01,1846,5,12.872000000000002
1846-06-01,1846,6,16.494
1846-06-01,1846,6,15.416000000000004
1846-06-01,1846,6,15.716
1846-06-01,1846,6,15.512
1846-07-01,1846,7,22.438
1846-07-01,1846,7,20.595
1846-07-01,1846,7,19.681
1846-07-01,1846,7,21.852
1846-08-01,1846,8,21.320999999999994
1846-08-01,1846,8,20.634
1846-08-01,1846,8,22.861
1846-09-01,1846,9,16.402
1846-09-01,1846,9,13.624000000000002
1846-09-01,1846,9,13.655
1846-09-01,1846,9,17.902
1846-10-01,1846,10,10.258
1846-10-01,1846,10,8.791
1846-10-01,1846,10,10.722
1846-10-01,1846,10,13.436
1846-11-01,1846,11,-1.1469999999999994
1846-11-01,1846,11,-1.9269999999999992
1846-11-01,1846,11,-0.3559999999999992
1846-11-01,1846,11,3.350999999999998
1846-12-01,1846,12,0.3849999999999988
1846-12-01,1846,12,-3.313
1846-12-01,1846,12,-4.016
1846-12-01,1846,12,5.909999999999999
1847-01-01,1847,1,-8.958000000000002
1847-01-01,1847,1,-9.825
1847-01-01,1847,1,-8.624
1847-01-01,1847,1,-4.172999999999998
1847-02-01,1847,2,-1.6470000000000005
1847-02-01,1847,2,-4.193
1847-02-01,1847,2,-4.0200000000000005
1847-02-01,1847,2,1.4179999999999993
1847-03-01,1847,3,-0.9359999999999996
1847-03-01,1847,3,-2.0060000000000007
1847-03-01,1847,3,-0.3910000000000006
1847-03-01,1847,3,0.6509999999999986
1847-04-01,1847,4,9.488999999999995
1847-04-01,1847,4,7.233999999999999
1847-04-01,1847,4,6.390999999999999
1847-04-01,1847,4,9.429999999999998
1847-05-01,1847,5,15.688
1847-05-01,1847,5,14.204
1847-05-01,1847,5,14.839
1847-06-01,1847,6,19.010000000000005
1847-06-01,1847,6,17.810999999999996
1847-06-01,1847,6,15.715
1847-06-01,1847,6,17.749
1847-07-01,1847,7,21.546
1847-07-01,1847,7,18.595
1847-07-01,1847,7,17.281
1847-07-01,1847,7,21.221
1847-08-01,1847,8,22.016
1847-08-01,1847,8,20.297
1847-08-01,1847,8,19.262
1847-08-01,1847,8,22.193
1847-09-01,1847,9,16.868000000000002
1847-09-01,1847,9,14.748
1847-09-01,1847,9,12.291000000000002
1847-09-01,1847,9,18.052000000000003
1847-10-01,1847,10,7.895
1847-10-01,1847,10,5.957
1847-10-01,1847,10,6.148000000000001
1847-10-01,1847,10,10.922
1847-11-01,1847,11,1.5660000000000016
1847-11-01,1847,11,0.4849999999999986
1847-11-01,1847,11,1.761999999999999
1847-11-01,1847,11,6.090000000000002
1847-12-01,1847,12,-5.8180000000000005
1847-12-01,1847,12,-6.646000000000001
1847-12-01,1847,12,-4.126
1847-12-01,1847,12,-0.4259999999999999
1848-01-01,1848,1,-10.660999999999998
1848-01-01,1848,1,-14.334
1848-01-01,1848,1,-13.483
1848-01-01,1848,1,-4.971
1848-02-01,1848,2,-0.8579999999999998
1848-02-01,1848,2,-2.184
1848-02-01,1848,2,-1.117
1848-02-01,1848,2,1.9810000000000016
1848-03-01,1848,3,2.923000000000001
1848-03-01,1848,3,1.9780000000000009
1848-03-01,1848,3,3.267000000000001
1848-03-01,1848,3,3.9610000000000016
1848-04-01,1848,4,12.235
1848-04-01,1848,4,11.956
1848-04-01,1848,4,11.238
1848-04-01,1848,4,11.485
1848-05-01,1848,5,14.820999999999998
1848-05-01,1848,5,13.847
1848-05-01,1848,5,13.033
1848-05-01,1848,5,13.447
1848-06-01,1848,6,22.812
1848-06-01,1848,6,20.769000000000005
1848-06-01,1848,6,21.59
1848-07-01,1848,7,23.493
1848-07-01,1848,7,20.9
1848-07-01,1848,7,18.801
1848-07-01,1848,7,22.722000000000005
1848-08-01,1848,8,22.793
1848-08-01,1848,8,19.971
1848-08-01,1848,8,17.718000000000004
1848-08-01,1848,8,22.729
1848-09-01,1848,9,15.017
1848-09-01,1848,9,13.46
1848-09-01,1848,9,12.39
1848-09-01,1848,9,15.966
1848-10-01,1848,10,10.609000000000002
1848-10-01,1848,10,8.411999999999999
1848-10-01,1848,10,9.642000000000005
1848-10-01,1848,10,13.751
1848-11-01,1848,11,3.7850000000000015
1848-11-01,1848,11,1.7070000000000007
1848-11-01,1848,11,2.539
1848-11-01,1848,11,8.326
1848-12-01,1848,12,-3.0489999999999995
1848-12-01,1848,12,-4.151000000000001
1848-12-01,1848,12,-1.2509999999999997
1848-12-01,1848,12,1.892
1849-01-01,1849,1,-7.108999999999999
1849-01-01,1849,1,-8.93
1849-01-01,1849,1,-6.859999999999999
1849-01-01,1849,1,-2.379
1849-02-01,1849,2,-2.7059999999999995
1849-02-01,1849,2,-3.6639999999999993
1849-02-01,1849,2,-1.3820000000000003
1849-02-01,1849,2,-0.044
1849-03-01,1849,3,0.1019999999999991
1849-03-01,1849,3,-2.0730000000000004
1849-03-01,1849,3,-0.8830000000000007
1849-03-01,1849,3,1.473999999999999
1849-04-01,1849,4,7.2570000000000014
1849-04-01,1849,4,5.106999999999999
1849-04-01,1849,4,6.0310000000000015
1849-04-01,1849,4,7.447000000000001
1849-05-01,1849,5,15.118000000000002
1849-05-01,1849,5,14.321000000000002
1849-05-01,1849,5,13.916
1849-05-01,1849,5,13.767
1849-06-01,1849,6,20.743
1849-06-01,1849,6,18.369
1849-06-01,1849,6,16.673999999999996
1849-06-01,1849,6,19.375
1849-07-01,1849,7,21.973
1849-07-01,1849,7,19.73
1849-07-01,1849,7,17.118
1849-07-01,1849,7,21.004
1849-08-01,1849,8,21.482
1849-08-01,1849,8,18.811000000000003
1849-08-01,1849,8,16.485
1849-08-01,1849,8,21.407
1849-09-01,1849,9,13.941
1849-09-01,1849,9,11.975
1849-09-01,1849,9,11.602
1849-09-01,1849,9,15.273
1849-10-01,1849,10,10.008
1849-10-01,1849,10,7.760999999999999
1849-10-01,1849,10,7.385000000000001
1849-10-01,1849,10,12.921
1849-11-01,1849,11,6.336000000000001
1849-11-01,1849,11,3.4949999999999983
1849-11-01,1849,11,2.7150000000000003
1849-11-01,1849,11,10.669
1849-12-01,1849,12,-4.246
1849-12-01,1849,12,-6.924
1849-12-01,1849,12,-6.754
1849-12-01,1849,12,1.267
1850-01-01,1850,1,-9.283
1850-01-01,1850,1,-12.865
1850-01-01,1850,1,-11.771
1850-01-01,1850,1,-3.989
1850-02-01,1850,2,-2.861999999999999
1850-02-01,1850,2,-4.617000000000001
1850-02-01,1850,2,-2.733
1850-02-01,1850,2,0.0919999999999987
1850-03-01,1850,3,-1.0799999999999994
1850-03-01,1850,3,-3.155
1850-03-01,1850,3,-2.286
1850-03-01,1850,3,0.2030000000000006
1850-04-01,1850,4,7.024
1850-04-01,1850,4,5.623999999999999
1850-04-01,1850,4,6.312999999999999
1850-04-01,1850,4,6.604
1850-05-01,1850,5,15.052999999999995
1850-05-01,1850,5,15.306000000000004
1850-05-01,1850,5,14.271999999999998
1850-05-01,1850,5,13.174
1850-06-01,1850,6,21.940000000000005
1850-06-01,1850,6,20.332
1850-06-01,1850,6,18.569
1850-06-01,1850,6,20.455
1850-07-01,1850,7,22.716
1850-07-01,1850,7,20.444
1850-07-01,1850,7,18.535
1850-07-01,1850,7,21.911999999999995
1850-08-01,1850,8,24.08
1850-08-01,1850,8,21.967
1850-08-01,1850,8,19.751
1850-08-01,1850,8,23.859
1850-09-01,1850,9,14.635000000000003
1850-09-01,1850,9,12.344
1850-09-01,1850,9,11.339000000000002
1850-09-01,1850,9,15.842
1850-10-01,1850,10,10.082
1850-10-01,1850,10,7.186000000000001
1850-10-01,1850,10,7.520999999999999
1850-10-01,1850,10,13.345
1850-11-01,1850,11,3.4389999999999983
1850-11-01,1850,11,1.3480000000000003
1850-11-01,1850,11,1.827999999999999
1850-11-01,1850,11,7.786000000000001
1850-12-01,1850,12,-0.9620000000000002
1850-12-01,1850,12,-2.069
1850-12-01,1850,12,-1.2490000000000003
1850-12-01,1850,12,3.807999999999999
1851-01-01,1851,1,-5.88
1851-01-01,1851,1,-7.904999999999999
1851-01-01,1851,1,-6.286000000000001
1851-01-01,1851,1,-1.0490000000000006
1851-02-01,1851,2,-4.371
1851-02-01,1851,2,-6.469
1851-02-01,1851,2,-3.9410000000000007
1851-02-01,1851,2,-1.1179999999999997
1851-03-01,1851,3,0.9029999999999996
1851-03-01,1851,3,-1.8240000000000005
1851-03-01,1851,3,0.9949999999999982
1851-03-01,1851,3,2.949
1851-04-01,1851,4,9.461999999999998
1851-04-01,1851,4,8.801
1851-04-01,1851,4,9.129
1851-04-01,1851,4,8.900000000000002
1851-05-01,1851,5,18.615
1851-05-01,1851,5,15.73
1851-05-01,1851,5,12.166
1851-05-01,1851,5,17.154999999999998
1851-06-01,1851,6,18.919
1851-06-01,1851,6,17.209
1851-06-01,1851,6,15.504
1851-06-01,1851,6,17.561
1851-07-01,1851,7,22.402
1851-07-01,1851,7,20.335
1851-07-01,1851,7,18.019
1851-07-01,1851,7,21.424
1851-08-01,1851,8,22.135000000000005
1851-08-01,1851,8,19.358
1851-08-01,1851,8,17.679000000000002
1851-08-01,1851,8,22.222
1851-09-01,1851,9,17.756
1851-09-01,1851,9,15.556
1851-09-01,1851,9,12.715
1851-09-01,1851,9,18.502
1851-10-01,1851,10,10.82
1851-10-01,1851,10,8.901
1851-10-01,1851,10,9.934
1851-10-01,1851,10,13.838
1851-11-01,1851,11,8.524000000000001
1851-11-01,1851,11,5.582000000000002
1851-11-01,1851,11,4.227000000000001
1851-11-01,1851,11,13.316999999999998
1851-12-01,1851,12,-1.2349999999999994
1851-12-01,1851,12,-1.943999999999999
1851-12-01,1851,12,-1.4800000000000009
1851-12-01,1851,12,3.414999999999999
1852-01-01,1852,1,-2.105000000000001
1852-01-01,1852,1,-4.294
1852-01-01,1852,1,-1.7489999999999997
1852-01-01,1852,1,2.6540000000000004
1852-02-01,1852,2,-3.283000000000001
1852-02-01,1852,2,-5.864999999999999
1852-02-01,1852,2,-3.819
1852-02-01,1852,2,0.2330000000000017
1852-03-01,1852,3,-0.1569999999999992
1852-03-01,1852,3,-2.3249999999999997
1852-03-01,1852,3,-1.7819999999999996
1852-03-01,1852,3,1.2569999999999997
1852-04-01,1852,4,4.744000000000001
1852-04-01,1852,4,2.564000000000001
1852-04-01,1852,4,2.945999999999999
1852-04-01,1852,4,4.688999999999998
1852-05-01,1852,5,13.887999999999998
1852-05-01,1852,5,12.95
1852-05-01,1852,5,12.786
1852-05-01,1852,5,12.747999999999998
1852-06-01,1852,6,19.866
1852-06-01,1852,6,19.121
1852-06-01,1852,6,17.630999999999997
1852-06-01,1852,6,18.376
1852-07-01,1852,7,19.865
1852-07-01,1852,7,18.036
1852-07-01,1852,7,18.198
1852-07-01,1852,7,19.413
1852-08-01,1852,8,20.042
1852-08-01,1852,8,18.435
1852-08-01,1852,8,17.819000000000003
1852-08-01,1852,8,20.014
1852-09-01,1852,9,14.851
1852-09-01,1852,9,13.025
1852-09-01,1852,9,13.147
1852-09-01,1852,9,16.197999999999997
1852-10-01,1852,10,9.581
1852-10-01,1852,10,6.146999999999999
1852-10-01,1852,10,6.707999999999998
1852-10-01,1852,10,12.797
1852-11-01,1852,11,4.222000000000001
1852-11-01,1852,11,0.765999999999999
1852-11-01,1852,11,2.474000000000001
1852-11-01,1852,11,9.076
1852-12-01,1852,12,0.4439999999999994
1852-12-01,1852,12,-1.4360000000000008
1852-12-01,1852,12,1.270000000000001
1852-12-01,1852,12,5.626999999999999
1853-01-01,1853,1,-1.010000000000001
1853-01-01,1853,1,-3.257
1853-01-01,1853,1,-1.815
1853-01-01,1853,1,3.696
1853-02-01,1853,2,0.1930000000000002
1853-02-01,1853,2,-2.882
1853-02-01,1853,2,-2.899
1853-02-01,1853,2,3.735
1853-03-01,1853,3,3.281
1853-03-01,1853,3,-0.8529999999999995
1853-03-01,1853,3,-1.25
1853-03-01,1853,3,5.084000000000001
1853-04-01,1853,4,7.081000000000001
1853-04-01,1853,4,5.157999999999999
1853-04-01,1853,4,4.344000000000001
1853-04-01,1853,4,6.802999999999998
1853-05-01,1853,5,16.028000000000002
1853-05-01,1853,5,14.465
1853-05-01,1853,5,13.250999999999998
1853-05-01,1853,5,14.704
1853-06-01,1853,6,19.78
1853-06-01,1853,6,18.419
1853-06-01,1853,6,17.703999999999997
1853-06-01,1853,6,18.535
1853-07-01,1853,7,20.104000000000003
1853-07-01,1853,7,18.478
1853-07-01,1853,7,22.178
1853-08-01,1853,8,22.209000000000003
1853-08-01,1853,8,19.084000000000003
1853-08-01,1853,8,17.076999999999998
1853-08-01,1853,8,22.372
1853-09-01,1853,9,14.615999999999998
1853-09-01,1853,9,12.209
1853-09-01,1853,9,12.284
1853-09-01,1853,9,16.237
1853-10-01,1853,10,11.404
1853-10-01,1853,10,9.131
1853-10-01,1853,10,9.159
1853-10-01,1853,10,14.402
1853-11-01,1853,11,1.6029999999999984
1853-11-01,1853,11,-0.6680000000000005
1853-11-01,1853,11,0.032999999999998
1853-11-01,1853,11,6.278000000000002
1853-12-01,1853,12,-4.187999999999999
1853-12-01,1853,12,-6.373999999999999
1853-12-01,1853,12,-5.958
1853-12-01,1853,12,1.5850000000000009
1854-01-01,1854,1,-5.821
1854-01-01,1854,1,-8.753000000000002
1854-01-01,1854,1,-4.522000000000001
1854-01-01,1854,1,-0.2130000000000009
1854-02-01,1854,2,-4.010999999999999
1854-02-01,1854,2,-5.846
1854-02-01,1854,2,-4.826000000000001
1854-02-01,1854,2,-0.9880000000000008
1854-03-01,1854,3,-3.148999999999999
1854-03-01,1854,3,-1.0000000000000004
1854-03-01,1854,3,-0.5879999999999994
1854-04-01,1854,4,5.593
1854-04-01,1854,4,4.642000000000001
1854-04-01,1854,4,5.483
1854-04-01,1854,4,5.379999999999999
1854-05-01,1854,5,17.03
1854-05-01,1854,5,17.051000000000002
1854-05-01,1854,5,15.214
1854-05-01,1854,5,15.268999999999998
1854-06-01,1854,6,18.786999999999995
1854-06-01,1854,6,17.548
1854-06-01,1854,6,15.647
1854-06-01,1854,6,17.581000000000003
1854-07-01,1854,7,22.687
1854-07-01,1854,7,20.937
1854-07-01,1854,7,19.384
1854-07-01,1854,7,21.901000000000003
1854-08-01,1854,8,20.637000000000004
1854-08-01,1854,8,19.247
1854-08-01,1854,8,17.546
1854-08-01,1854,8,20.573000000000004
1854-09-01,1854,9,13.799
1854-09-01,1854,9,11.751
1854-09-01,1854,9,11.135
1854-09-01,1854,9,15.050000000000002
1854-10-01,1854,10,10.537
1854-10-01,1854,10,8.115
1854-10-01,1854,10,8.244
1854-10-01,1854,10,13.336000000000002
1854-11-01,1854,11,3.8979999999999984
1854-11-01,1854,11,1.3589999999999989
1854-11-01,1854,11,0.3779999999999993
1854-11-01,1854,11,8.404000000000002
1854-12-01,1854,12,1.578999999999999
1854-12-01,1854,12,-0.8350000000000001
1854-12-01,1854,12,-0.7599999999999992
1854-12-01,1854,12,6.405000000000002
1855-01-01,1855,1,-5.975999999999999
1855-01-01,1855,1,-8.648000000000001
1855-01-01,1855,1,-7.241
1855-01-01,1855,1,-1.034
1855-02-01,1855,2,-4.001
1855-02-01,1855,2,-8.872
1855-02-01,1855,2,-8.772
1855-02-01,1855,2,0.0180000000000014
1855-03-01,1855,3,3.826999999999998
1855-03-01,1855,3,0.6149999999999997
1855-03-01,1855,3,1.2179999999999995
1855-03-01,1855,3,5.349
1855-04-01,1855,4,9.275
1855-04-01,1855,4,8.169
1855-04-01,1855,4,6.223
1855-04-01,1855,4,8.392000000000003
1855-05-01,1855,5,17.706000000000003
1855-05-01,1855,5,16.605000000000004
1855-05-01,1855,5,13.342
1855-05-01,1855,5,16.118000000000002
1855-06-01,1855,6,22.602
1855-06-01,1855,6,20.892
1855-06-01,1855,6,19.183
1855-06-01,1855,6,20.915000000000003
1855-07-01,1855,7,22.05
1855-07-01,1855,7,20.630000000000003
1855-07-01,1855,7,19.108000000000004
1855-07-01,1855,7,21.144
1855-08-01,1855,8,20.619
1855-08-01,1855,8,18.089
1855-08-01,1855,8,17.857000000000003
1855-08-01,1855,8,20.773999999999997
1855-09-01,1855,9,12.49
1855-09-01,1855,9,10.771
1855-09-01,1855,9,11.37
1855-09-01,1855,9,13.903
1855-10-01,1855,10,11.332
1855-10-01,1855,10,9.346
1855-10-01,1855,10,10.353
1855-10-01,1855,10,14.098999999999998
1855-11-01,1855,11,1.5299999999999987
1855-11-01,1855,11,-0.6190000000000002
1855-11-01,1855,11,0.9249999999999996
1855-11-01,1855,11,6.668999999999999
1855-12-01,1855,12,-7.667
1855-12-01,1855,12,-11.134
1855-12-01,1855,12,-9.251
1855-12-01,1855,12,-1.2119999999999995
1856-01-01,1856,1,-0.708
1856-01-01,1856,1,-2.3160000000000007
1856-01-01,1856,1,-2.5789999999999997
1856-01-01,1856,1,3.4480000000000013
1856-02-01,1856,2,-2.24
1856-02-01,1856,2,-4.816000000000001
1856-02-01,1856,2,-2.6679999999999997
1856-02-01,1856,2,0.8999999999999986
1856-03-01,1856,3,-2.4689999999999994
1856-03-01,1856,3,-4.461000000000001
1856-03-01,1856,3,-2.4210000000000007
1856-03-01,1856,3,-1.0349999999999997
1856-04-01,1856,4,7.71
1856-04-01,1856,4,7.063
1856-04-01,1856,4,8.511000000000001
1856-04-01,1856,4,7.025000000000002
1856-05-01,1856,5,15.512
1856-05-01,1856,5,15.091
1856-05-01,1856,5,12.874999999999998
1856-05-01,1856,5,13.821000000000002
1856-06-01,1856,6,20.336
1856-06-01,1856,6,19.189
1856-06-01,1856,6,17.343
1856-06-01,1856,6,18.957000000000004
1856-07-01,1856,7,20.489
1856-07-01,1856,7,18.619000000000003
1856-07-01,1856,7,16.517999999999997
1856-07-01,1856,7,19.722
1856-08-01,1856,8,19.921
1856-08-01,1856,8,16.72
1856-08-01,1856,8,16.305999999999997
1856-08-01,1856,8,20.382
1856-09-01,1856,9,15.250999999999998
1856-09-01,1856,9,13.233
1856-09-01,1856,9,16.536999999999995
1856-10-01,1856,10,7.315000000000001
1856-10-01,1856,10,6.004999999999999
1856-10-01,1856,10,7.887999999999999
1856-10-01,1856,10,10.187
1856-11-01,1856,11,-0.5329999999999993
1856-11-01,1856,11,-2.367
1856-11-01,1856,11,-1.72
1856-11-01,1856,11,4.134000000000001
1856-12-01,1856,12,1.8379999999999996
1856-12-01,1856,12,-0.1320000000000002
1856-12-01,1856,12,-0.6329999999999991
1856-12-01,1856,12,6.516
1857-01-01,1857,1,-1.3600000000000003
1857-01-01,1857,1,-3.9339999999999993
1857-01-01,1857,1,-3.786000000000002
1857-01-01,1857,1,3.1539999999999995
1857-02-01,1857,2,-5.444999999999999
1857-02-01,1857,2,-7.1690000000000005
1857-02-01,1857,2,-6.173
1857-02-01,1857,2,-2.1170000000000004
1857-03-01,1857,3,1.267
1857-03-01,1857,3,0.3380000000000017
1857-03-01,1857,3,0.1400000000000013
1857-03-01,1857,3,2.315000000000001
1857-04-01,1857,4,10.156
1857-04-01,1857,4,8.770000000000001
1857-04-01,1857,4,8.392000000000003
1857-04-01,1857,4,9.356000000000002
1857-05-01,1857,5,15.551
1857-05-01,1857,5,14.021
1857-05-01,1857,5,12.271
1857-05-01,1857,5,13.900000000000002
1857-06-01,1857,6,19.531
1857-06-01,1857,6,18.278
1857-06-01,1857,6,16.571
1857-06-01,1857,6,17.716
1857-07-01,1857,7,20.539
1857-07-01,1857,7,18.549
1857-07-01,1857,7,17.966
1857-07-01,1857,7,19.616000000000003
1857-08-01,1857,8,19.366
1857-08-01,1857,8,17.554999999999996
1857-08-01,1857,8,17.754
1857-08-01,1857,8,19.28
1857-09-01,1857,9,12.705
1857-09-01,1857,9,11.196
1857-09-01,1857,9,12.578
1857-09-01,1857,9,13.933
1857-10-01,1857,10,9.363
1857-10-01,1857,10,8.234
1857-10-01,1857,10,10.177
1857-10-01,1857,10,12.325
1857-11-01,1857,11,1.7989999999999997
1857-11-01,1857,11,0.3529999999999983
1857-11-01,1857,11,0.8400000000000003
1857-11-01,1857,11,6.217000000000002
1857-12-01,1857,12,-0.996
1857-12-01,1857,12,-1.2440000000000002
1857-12-01,1857,12,0.0490000000000002
1857-12-01,1857,12,3.385000000000002
1858-01-01,1858,1,-8.594000000000001
1858-01-01,1858,1,-8.604000000000001
1858-01-01,1858,1,-7.810999999999999
1858-01-01,1858,1,-4.331
1858-02-01,1858,2,-8.248999999999999
1858-02-01,1858,2,-9.246
1858-02-01,1858,2,-10.025999999999998
1858-02-01,1858,2,-5.271999999999999
1858-03-01,1858,3,0.057999999999999
1858-03-01,1858,3,-1.681
1858-03-01,1858,3,-1.6850000000000007
1858-03-01,1858,3,1.409999999999998
1858-04-01,1858,4,6.912000000000001
1858-04-01,1858,4,5.843999999999999
1858-04-01,1858,4,5.255999999999999
1858-04-01,1858,4,6.488000000000002
1858-05-01,1858,5,15.396000000000004
1858-05-01,1858,5,15.059
1858-05-01,1858,5,13.066
1858-05-01,1858,5,13.746999999999998
1858-06-01,1858,6,17.811999999999998
1858-06-01,1858,6,17.261
1858-06-01,1858,6,17.302
1858-06-01,1858,6,16.457
1858-07-01,1858,7,22.934
1858-07-01,1858,7,21.819
1858-07-01,1858,7,19.489999999999995
1858-07-01,1858,7,21.886000000000003
1858-08-01,1858,8,20.513
1858-08-01,1858,8,19.101
1858-08-01,1858,8,18.071
1858-08-01,1858,8,20.586
1858-09-01,1858,9,15.359
1858-09-01,1858,9,13.912999999999998
1858-09-01,1858,9,13.79
1858-09-01,1858,9,16.666000000000004
1858-10-01,1858,10,11.363999999999995
1858-10-01,1858,10,9.512999999999998
1858-10-01,1858,10,9.720999999999998
1858-10-01,1858,10,14.497000000000002
1858-11-01,1858,11,-0.494999999999999
1858-11-01,1858,11,-3.74
1858-11-01,1858,11,-2.890000000000001
1858-11-01,1858,11,4.954999999999998
1858-12-01,1858,12,-1.5360000000000005
1858-12-01,1858,12,-3.818
1858-12-01,1858,12,-3.388000000000001
1858-12-01,1858,12,3.709000000000001
1859-01-01,1859,1,-3.854000000000001
1859-01-01,1859,1,-4.179
1859-01-01,1859,1,-3.016
1859-01-01,1859,1,0.0989999999999982
1859-02-01,1859,2,-1.6939999999999995
1859-02-01,1859,2,-2.8640000000000003
1859-02-01,1859,2,-0.6489999999999994
1859-02-01,1859,2,1.3830000000000018
1859-03-01,1859,3,1.678999999999999
1859-03-01,1859,3,0.127
1859-03-01,1859,3,2.601999999999999
1859-03-01,1859,3,3.0459999999999985
1859-04-01,1859,4,10.164
1859-04-01,1859,4,8.536000000000001
1859-04-01,1859,4,7.752999999999998
1859-04-01,1859,4,9.838
1859-05-01,1859,5,16.576999999999998
1859-05-01,1859,5,15.073
1859-05-01,1859,5,13.911
1859-05-01,1859,5,15.431
1859-06-01,1859,6,18.746
1859-06-01,1859,6,18.152
1859-06-01,1859,6,16.831
1859-06-01,1859,6,17.243
1859-07-01,1859,7,22.148
1859-07-01,1859,7,20.444
1859-07-01,1859,7,19.804
1859-07-01,1859,7,21.22
1859-08-01,1859,8,23.154
1859-08-01,1859,8,20.781
1859-08-01,1859,8,19.892
1859-08-01,1859,8,23.096
1859-09-01,1859,9,16.788
1859-09-01,1859,9,14.021
1859-09-01,1859,9,12.346
1859-09-01,1859,9,17.941000000000003
1859-10-01,1859,10,9.935000000000002
1859-10-01,1859,10,8.101
1859-10-01,1859,10,8.616999999999997
1859-10-01,1859,10,12.896
1859-11-01,1859,11,2.3499999999999983
1859-11-01,1859,11,1.0489999999999986
1859-11-01,1859,11,1.8760000000000017
1859-11-01,1859,11,6.839000000000001
1859-12-01,1859,12,-0.2980000000000002
1859-12-01,1859,12,-3.746999999999999
1859-12-01,1859,12,-4.4510000000000005
1859-12-01,1859,12,4.922000000000001
1860-01-01,1860,1,-1.4860000000000009
1860-01-01,1860,1,-3.648000000000001
1860-01-01,1860,1,-2.068
1860-01-01,1860,1,3.052999999999998
1860-02-01,1860,2,-1.947
1860-02-01,1860,2,-4.782000000000001
1860-02-01,1860,2,-3.894999999999999
1860-02-01,1860,2,1.2920000000000007
1860-03-01,1860,3,-1.743999999999999
1860-03-01,1860,3,-3.976000000000001
1860-03-01,1860,3,-1.5470000000000006
1860-03-01,1860,3,0.2840000000000013
1860-04-01,1860,4,8.736
1860-04-01,1860,4,7.71
1860-04-01,1860,4,7.9529999999999985
1860-04-01,1860,4,8.604999999999999
1860-05-01,1860,5,14.556999999999997
1860-05-01,1860,5,14.283000000000005
1860-05-01,1860,5,13.64
1860-05-01,1860,5,13.052
1860-06-01,1860,6,20.779
1860-06-01,1860,6,19.357000000000003
1860-06-01,1860,6,17.88
1860-06-01,1860,6,19.636000000000006
1860-07-01,1860,7,21.657
1860-07-01,1860,7,19.895000000000003
1860-07-01,1860,7,17.457
1860-07-01,1860,7,20.921
1860-08-01,1860,8,22.097000000000005
1860-08-01,1860,8,19.836
1860-08-01,1860,8,17.846999999999998
1860-08-01,1860,8,22.193
1860-09-01,1860,9,17.269000000000002
1860-09-01,1860,9,15.091999999999995
1860-09-01,1860,9,14.127000000000002
1860-09-01,1860,9,18.525
1860-10-01,1860,10,8.455999999999998
1860-10-01,1860,10,6.365999999999998
1860-10-01,1860,10,5.914999999999999
1860-10-01,1860,10,11.429000000000002
1860-11-01,1860,11,1.697999999999998
1860-11-01,1860,11,-0.4109999999999993
1860-11-01,1860,11,0.6450000000000008
1860-11-01,1860,11,6.351000000000002
1860-12-01,1860,12,-1.3260000000000003
1860-12-01,1860,12,-4.970000000000001
1860-12-01,1860,12,-3.771000000000001
1860-12-01,1860,12,4.416
1861-01-01,1861,1,-11.622000000000002
1861-01-01,1861,1,-14.217999999999998
1861-01-01,1861,1,-10.476
1861-01-01,1861,1,-5.979
1861-02-01,1861,2,-4.2410000000000005
1861-02-01,1861,2,-5.1190000000000015
1861-02-01,1861,2,-0.3729999999999991
1861-02-01,1861,2,-0.592
1861-03-01,1861,3,2.506000000000002
1861-03-01,1861,3,1.3730000000000016
1861-03-01,1861,3,2.649
1861-03-01,1861,3,3.757
1861-04-01,1861,4,5.738999999999999
1861-04-01,1861,4,4.373999999999999
1861-04-01,1861,4,4.752999999999999
1861-04-01,1861,4,5.587999999999999
1861-05-01,1861,5,12.125000000000002
1861-05-01,1861,5,11.826
1861-05-01,1861,5,10.416000000000002
1861-05-01,1861,5,10.561
1861-06-01,1861,6,19.168
1861-06-01,1861,6,18.475
1861-06-01,1861,6,18.421
1861-06-01,1861,6,17.858000000000004
1861-07-01,1861,7,20.903
1861-07-01,1861,7,19.713000000000005
1861-07-01,1861,7,21.167
1861-08-01,1861,8,19.899
1861-08-01,1861,8,18.051
1861-08-01,1861,8,17.698
1861-08-01,1861,8,20.149999999999995
1861-09-01,1861,9,15.140000000000002
1861-09-01,1861,9,13.249
1861-09-01,1861,9,12.911
1861-09-01,1861,9,16.271
1861-10-01,1861,10,7.108000000000001
1861-10-01,1861,10,5.864
1861-10-01,1861,10,7.103999999999999
1861-10-01,1861,10,9.966
1861-11-01,1861,11,6.25
1861-11-01,1861,11,3.548000000000001
1861-11-01,1861,11,3.658999999999999
1861-11-01,1861,11,10.404000000000003
1861-12-01,1861,12,-4.916
1861-12-01,1861,12,-5.617000000000001
1861-12-01,1861,12,-3.716
1861-12-01,1861,12,0.0470000000000009
1862-01-01,1862,1,-7.297000000000001
1862-01-01,1862,1,-11.108
1862-01-01,1862,1,-8.475999999999999
1862-01-01,1862,1,-1.9070000000000005
1862-02-01,1862,2,-8.841
1862-02-01,1862,2,-11.416
1862-02-01,1862,2,-7.555000000000001
1862-02-01,1862,2,-4.535
1862-03-01,1862,3,2.911999999999999
1862-03-01,1862,3,0.8079999999999998
1862-03-01,1862,3,2.1159999999999988
1862-03-01,1862,3,4.376999999999999
1862-04-01,1862,4,9.819
1862-04-01,1862,4,7.862000000000001
1862-04-01,1862,4,8.238000000000001
1862-04-01,1862,4,9.514
1862-05-01,1862,5,16.367
1862-05-01,1862,5,14.954
1862-05-01,1862,5,14.697
1862-05-01,1862,5,15.037999999999998
1862-06-01,1862,6,21.46
1862-06-01,1862,6,19.401000000000003
1862-06-01,1862,6,17.291000000000004
1862-06-01,1862,6,20.025
1862-07-01,1862,7,22.241
1862-07-01,1862,7,19.992000000000004
1862-07-01,1862,7,18.295
1862-07-01,1862,7,21.469
1862-08-01,1862,8,20.522
1862-08-01,1862,8,18.299
1862-08-01,1862,8,17.39
1862-08-01,1862,8,20.508
1862-09-01,1862,9,15.855999999999998
1862-09-01,1862,9,14.019999999999998
1862-09-01,1862,9,13.729
1862-09-01,1862,9,16.798000000000002
1862-10-01,1862,10,7.564000000000001
1862-10-01,1862,10,6.528
1862-10-01,1862,10,8.475999999999999
1862-10-01,1862,10,10.333000000000002
1862-11-01,1862,11,-0.9500000000000004
1862-11-01,1862,11,-3.226999999999999
1862-11-01,1862,11,-0.376
1862-11-01,1862,11,4.287
1862-12-01,1862,12,-8.644
1862-12-01,1862,12,-10.57
1862-12-01,1862,12,-7.643000000000001
1862-12-01,1862,12,-2.455
1863-01-01,1863,1,-2.649
1863-01-01,1863,1,-2.8119999999999994
1863-01-01,1863,1,-0.4810000000000001
1863-01-01,1863,1,1.8240000000000005
1863-02-01,1863,2,-1.366
1863-02-01,1863,2,-2.333
1863-02-01,1863,2,-1.058999999999999
1863-02-01,1863,2,1.2340000000000018
1863-03-01,1863,3,3.862
1863-03-01,1863,3,1.885999999999998
1863-03-01,1863,3,3.1439999999999992
1863-03-01,1863,3,5.306000000000001
1863-04-01,1863,4,6.280000000000001
1863-04-01,1863,4,5.526000000000002
1863-04-01,1863,4,6.158000000000001
1863-04-01,1863,4,6.070999999999999
1863-05-01,1863,5,17.092
1863-05-01,1863,5,15.841
1863-05-01,1863,5,14.237000000000002
1863-05-01,1863,5,15.681
1863-06-01,1863,6,19.014
1863-06-01,1863,6,17.265
1863-06-01,1863,6,16.851999999999997
1863-06-01,1863,6,17.985999999999997
1863-07-01,1863,7,20.78
1863-07-01,1863,7,18.117000000000004
1863-07-01,1863,7,16.881000000000004
1863-07-01,1863,7,20.184
1863-08-01,1863,8,20.765
1863-08-01,1863,8,18.858
1863-08-01,1863,8,18.354
1863-08-01,1863,8,20.799
1863-09-01,1863,9,18.228
1863-09-01,1863,9,16.727
1863-09-01,1863,9,15.302
1863-09-01,1863,9,19.144
1863-10-01,1863,10,9.028
1863-10-01,1863,10,7.549
1863-10-01,1863,10,9.328
1863-10-01,1863,10,11.992
1863-11-01,1863,11,4.017999999999999
1863-11-01,1863,11,2.786999999999998
1863-11-01,1863,11,3.753000000000001
1863-11-01,1863,11,8.179
1863-12-01,1863,12,-2.9599999999999995
1863-12-01,1863,12,-3.635
1863-12-01,1863,12,-1.6250000000000004
1863-12-01,1863,12,1.9730000000000003
1864-01-01,1864,1,-8.758
1864-01-01,1864,1,-8.753000000000002
1864-01-01,1864,1,-8.432
1864-01-01,1864,1,-4.563
1864-02-01,1864,2,-2.6090000000000004
1864-02-01,1864,2,-4.555000000000001
1864-02-01,1864,2,-2.911999999999999
1864-02-01,1864,2,0.8890000000000006
1864-03-01,1864,3,4.923000000000002
1864-03-01,1864,3,2.713999999999998
1864-03-01,1864,3,3.302000000000002
1864-03-01,1864,3,6.241000000000001
1864-04-01,1864,4,8.174
1864-04-01,1864,4,6.971999999999999
1864-04-01,1864,4,5.1690000000000005
1864-04-01,1864,4,7.396999999999999
1864-05-01,1864,5,12.225
1864-05-01,1864,5,10.11
1864-05-01,1864,5,8.672
1864-05-01,1864,5,11.253999999999998
1864-06-01,1864,6,21.19
1864-06-01,1864,6,19.982000000000003
1864-06-01,1864,6,17.866
1864-06-01,1864,6,19.494000000000003
1864-07-01,1864,7,19.693
1864-07-01,1864,7,18.167
1864-07-01,1864,7,16.302000000000003
1864-07-01,1864,7,18.967
1864-08-01,1864,8,19.976
1864-08-01,1864,8,17.162999999999997
1864-08-01,1864,8,15.333000000000002
1864-08-01,1864,8,20.006000000000004
1864-09-01,1864,9,15.447
1864-09-01,1864,9,13.276
1864-09-01,1864,9,12.939
1864-09-01,1864,9,16.712999999999997
1864-10-01,1864,10,7.828999999999998
1864-10-01,1864,10,5.215
1864-10-01,1864,10,6.043000000000001
1864-10-01,1864,10,10.78
1864-11-01,1864,11,1.5399999999999991
1864-11-01,1864,11,-2.1550000000000007
1864-11-01,1864,11,0.2289999999999992
1864-11-01,1864,11,6.905999999999999
1864-12-01,1864,12,-6.223
1864-12-01,1864,12,-8.168
1864-12-01,1864,12,-6.925000000000001
1864-12-01,1864,12,-0.4420000000000001
1865-01-01,1865,1,-0.4510000000000009
1865-01-01,1865,1,-3.3610000000000007
1865-01-01,1865,1,-3.0340000000000007
1865-01-01,1865,1,4.16
1865-02-01,1865,2,-5.280000000000001
1865-02-01,1865,2,-9.395
1865-02-01,1865,2,-8.963000000000001
1865-02-01,1865,2,-1.2069999999999996
1865-03-01,1865,3,0.3080000000000006
1865-03-01,1865,3,-2.9080000000000004
1865-03-01,1865,3,-2.210000000000001
1865-03-01,1865,3,2.4139999999999997
1865-04-01,1865,4,7.000999999999999
1865-04-01,1865,4,5.837
1865-04-01,1865,4,6.963
1865-04-01,1865,4,6.593999999999999
1865-05-01,1865,5,15.942
1865-05-01,1865,5,15.247999999999998
1865-05-01,1865,5,15.621
1865-05-01,1865,5,14.271000000000004
1865-06-01,1865,6,16.982
1865-06-01,1865,6,14.730000000000002
1865-06-01,1865,6,13.734000000000002
1865-06-01,1865,6,15.872999999999998
1865-07-01,1865,7,22.554
1865-07-01,1865,7,21.678
1865-07-01,1865,7,20.734
1865-07-01,1865,7,21.323
1865-08-01,1865,8,20.745
1865-08-01,1865,8,17.93
1865-08-01,1865,8,16.722
1865-08-01,1865,8,20.886000000000006
1865-09-01,1865,9,12.891
1865-09-01,1865,9,11.587
1865-09-01,1865,9,11.951999999999998
1865-09-01,1865,9,14.1
1865-10-01,1865,10,10.057
1865-10-01,1865,10,7.0470000000000015
1865-10-01,1865,10,7.750999999999999
1865-10-01,1865,10,13.392000000000005
1865-11-01,1865,11,4.095999999999999
1865-11-01,1865,11,2.39
1865-11-01,1865,11,3.4689999999999994
1865-11-01,1865,11,8.488
1865-12-01,1865,12,-3.253
1865-12-01,1865,12,-3.6390000000000007
1865-12-01,1865,12,-2.1259999999999994
1865-12-01,1865,12,1.2789999999999997
1866-01-01,1866,1,-2.18
1866-01-01,1866,1,-2.581000000000001
1866-01-01,1866,1,-1.0990000000000006
1866-01-01,1866,1,1.6889999999999992
1866-02-01,1866,2,-3.2319999999999998
1866-02-01,1866,2,-5.73
1866-02-01,1866,2,-1.871
1866-02-01,1866,2,0.4679999999999988
1866-03-01,1866,3,4.507000000000001
1866-03-01,1866,3,1.3780000000000017
1866-03-01,1866,3,2.051
1866-03-01,1866,3,6.187999999999999
1866-04-01,1866,4,8.499000000000002
1866-04-01,1866,4,7.884999999999999
1866-04-01,1866,4,9.134000000000002
1866-04-01,1866,4,7.945999999999998
1866-05-01,1866,5,13.728
1866-05-01,1866,5,12.959
1866-05-01,1866,5,11.156000000000002
1866-05-01,1866,5,12.196000000000002
1866-06-01,1866,6,20.851000000000003
1866-06-01,1866,6,19.841
1866-06-01,1866,6,19.559
1866-06-01,1866,6,19.199
1866-07-01,1866,7,22.254
1866-07-01,1866,7,19.774
1866-07-01,1866,7,17.797
1866-07-01,1866,7,21.546
1866-08-01,1866,8,20.018
1866-08-01,1866,8,18.148
1866-08-01,1866,8,16.682000000000002
1866-08-01,1866,8,20.076
1866-09-01,1866,9,17.932000000000002
1866-09-01,1866,9,16.573
1866-09-01,1866,9,16.302000000000003
1866-09-01,1866,9,18.824
1866-10-01,1866,10,5.095
1866-10-01,1866,10,3.6900000000000017
1866-10-01,1866,10,4.776999999999998
1866-10-01,1866,10,8.167000000000002
1866-11-01,1866,11,1.931
1866-11-01,1866,11,0.4529999999999982
1866-11-01,1866,11,1.4040000000000004
1866-11-01,1866,11,6.153000000000001
1866-12-01,1866,12,-2.4710000000000005
1866-12-01,1866,12,-3.863
1866-12-01,1866,12,-2.133000000000001
1866-12-01,1866,12,2.4370000000000007
1867-01-01,1867,1,0.7689999999999999
1867-01-01,1867,1,-3.1680000000000006
1867-01-01,1867,1,-2.959
1867-01-01,1867,1,5.3450000000000015
1867-02-01,1867,2,-1.1289999999999998
1867-02-01,1867,2,-3.512
1867-02-01,1867,2,-0.798999999999999
1867-02-01,1867,2,2.0839999999999983
1867-03-01,1867,3,-2.4610000000000003
1867-03-01,1867,3,-5.033
1867-03-01,1867,3,-2.401
1867-03-01,1867,3,-0.4379999999999996
1867-04-01,1867,4,9.16
1867-04-01,1867,4,6.964000000000002
1867-04-01,1867,4,7.112000000000001
1867-04-01,1867,4,8.898
1867-05-01,1867,5,15.195
1867-05-01,1867,5,12.58
1867-05-01,1867,5,11.773999999999996
1867-05-01,1867,5,14.074
1867-06-01,1867,6,17.777
1867-06-01,1867,6,16.983
1867-06-01,1867,6,15.633
1867-06-01,1867,6,16.404
1867-07-01,1867,7,21.942
1867-07-01,1867,7,19.8
1867-07-01,1867,7,17.559
1867-07-01,1867,7,21.059
1867-08-01,1867,8,19.3
1867-08-01,1867,8,17.293999999999997
1867-08-01,1867,8,16.903000000000002
1867-08-01,1867,8,19.332
1867-09-01,1867,9,14.486999999999998
1867-09-01,1867,9,12.294
1867-09-01,1867,9,12.42
1867-09-01,1867,9,15.813
1867-10-01,1867,10,9.378000000000002
1867-10-01,1867,10,7.388000000000001
1867-10-01,1867,10,7.770999999999999
1867-10-01,1867,10,12.344
1867-11-01,1867,11,-0.1090000000000005
1867-11-01,1867,11,-1.616999999999999
1867-11-01,1867,11,-0.8280000000000006
1867-11-01,1867,11,4.129000000000001
1867-12-01,1867,12,-2.2330000000000005
1867-12-01,1867,12,-5.817000000000001
1867-12-01,1867,12,-5.186000000000001
1867-12-01,1867,12,2.991999999999998
1868-01-01,1868,1,-4.418
1868-01-01,1868,1,-7.565000000000001
1868-01-01,1868,1,-5.901999999999999
1868-01-01,1868,1,0.4430000000000018
1868-02-01,1868,2,-4.9590000000000005
1868-02-01,1868,2,-6.338
1868-02-01,1868,2,-2.395
1868-02-01,1868,2,-2.0269999999999992
1868-03-01,1868,3,0.6579999999999981
1868-03-01,1868,3,-0.8319999999999992
1868-03-01,1868,3,0.9410000000000016
1868-03-01,1868,3,1.8510000000000009
1868-04-01,1868,4,7.340999999999998
1868-04-01,1868,4,6.577
1868-04-01,1868,4,7.276000000000001
1868-04-01,1868,4,6.734999999999999
1868-05-01,1868,5,15.006000000000004
1868-05-01,1868,5,14.268999999999998
1868-05-01,1868,5,14.789
1868-05-01,1868,5,13.508
1868-06-01,1868,6,20.865
1868-06-01,1868,6,18.879999999999995
1868-06-01,1868,6,18.301
1868-06-01,1868,6,19.6
1868-07-01,1868,7,21.264
1868-07-01,1868,7,19.938
1868-07-01,1868,7,19.327
1868-07-01,1868,7,20.372
1868-08-01,1868,8,21.501999999999995
1868-08-01,1868,8,19.946
1868-08-01,1868,8,19.073
1868-08-01,1868,8,21.346
1868-09-01,1868,9,17.251
1868-09-01,1868,9,14.789
1868-09-01,1868,9,14.727
1868-09-01,1868,9,18.385000000000005
1868-10-01,1868,10,10.843000000000002
1868-10-01,1868,10,8.477
1868-10-01,1868,10,8.752
1868-10-01,1868,10,13.96
1868-11-01,1868,11,1.5029999999999986
1868-11-01,1868,11,-0.7830000000000008
1868-11-01,1868,11,0.4089999999999981
1868-11-01,1868,11,5.965000000000001
1868-12-01,1868,12,-0.433999999999999
1868-12-01,1868,12,-2.107
1868-12-01,1868,12,0.1849999999999991
1868-12-01,1868,12,4.610999999999999
1869-01-01,1869,1,-8.361
1869-01-01,1869,1,-9.097
1869-01-01,1869,1,-6.498
1869-01-01,1869,1,-3.959
1869-02-01,1869,2,0.848999999999999
1869-02-01,1869,2,-0.3599999999999998
1869-02-01,1869,2,0.94
1869-02-01,1869,2,3.452
1869-03-01,1869,3,4.432999999999999
1869-03-01,1869,3,1.7639999999999982
1869-03-01,1869,3,1.2439999999999982
1869-03-01,1869,3,5.801
1869-04-01,1869,4,8.270999999999999
1869-04-01,1869,4,7.689999999999999
1869-04-01,1869,4,8.861000000000002
1869-04-01,1869,4,7.686999999999999
1869-05-01,1869,5,16.613
1869-05-01,1869,5,15.919000000000002
1869-05-01,1869,5,15.196000000000002
1869-05-01,1869,5,15.061
1869-06-01,1869,6,19.48
1869-06-01,1869,6,17.743
1869-06-01,1869,6,15.128000000000002
1869-06-01,1869,6,18.194000000000003
1869-07-01,1869,7,20.266000000000005
1869-07-01,1869,7,19.029000000000003
1869-07-01,1869,7,18.395
1869-07-01,1869,7,19.437
1869-08-01,1869,8,22.21400000000001
1869-08-01,1869,8,20.070000000000004
1869-08-01,1869,8,17.388999999999996
1869-08-01,1869,8,22.180000000000003
1869-09-01,1869,9,14.998
1869-09-01,1869,9,13.459
1869-09-01,1869,9,13.375000000000002
1869-09-01,1869,9,16.182000000000002
1869-10-01,1869,10,10.986
1869-10-01,1869,10,8.171
1869-10-01,1869,10,7.064000000000002
1869-10-01,1869,10,13.839000000000002
1869-11-01,1869,11,4.583999999999999
1869-11-01,1869,11,2.107
1869-11-01,1869,11,1.887
1869-11-01,1869,11,8.812000000000003
1869-12-01,1869,12,0.2039999999999982
1869-12-01,1869,12,-1.8340000000000007
1869-12-01,1869,12,-0.7620000000000005
1869-12-01,1869,12,5.511999999999999
1870-01-01,1870,1,-1.8350000000000004
1870-01-01,1870,1,-4.297000000000001
1870-01-01,1870,1,-4.233
1870-01-01,1870,1,2.688
1870-02-01,1870,2,-8.652
1870-02-01,1870,2,-11.476
1870-02-01,1870,2,-11.4
1870-02-01,1870,2,-4.917
1870-03-01,1870,3,0.9700000000000012
1870-03-01,1870,3,-1.383
1870-03-01,1870,3,-1.7999999999999992
1870-03-01,1870,3,2.1769999999999987
1870-04-01,1870,4,6.651000000000001
1870-04-01,1870,4,6.441999999999998
1870-04-01,1870,4,6.370000000000001
1870-04-01,1870,4,5.789999999999998
1870-05-01,1870,5,16.114
1870-05-01,1870,5,14.107
1870-05-01,1870,5,13.168
1870-05-01,1870,5,15.086
1870-06-01,1870,6,18.261
1870-06-01,1870,6,16.671000000000003
1870-06-01,1870,6,15.352
1870-06-01,1870,6,17.037000000000003
1870-07-01,1870,7,21.298
1870-07-01,1870,7,19.283
1870-07-01,1870,7,18.67900000000001
1870-07-01,1870,7,20.559999999999995
1870-08-01,1870,8,19.298
1870-08-01,1870,8,17.069000000000003
1870-08-01,1870,8,16.304
1870-08-01,1870,8,19.489999999999995
1870-09-01,1870,9,13.097
1870-09-01,1870,9,11.292000000000002
1870-09-01,1870,9,11.053999999999998
1870-09-01,1870,9,14.379
1870-10-01,1870,10,7.121
1870-10-01,1870,10,5.238000000000002
1870-10-01,1870,10,6.275000000000001
1870-10-01,1870,10,10.093
1870-11-01,1870,11,7.559999999999999
1870-11-01,1870,11,4.775
1870-11-01,1870,11,4.617000000000001
1870-11-01,1870,11,11.993000000000002
1870-12-01,1870,12,-3.1379999999999995
1870-12-01,1870,12,-7.942000000000001
1870-12-01,1870,12,-7.463999999999999
1870-12-01,1870,12,2.886000000000001
1871-01-01,1871,1,-6.453
1871-01-01,1871,1,-9.541
1871-01-01,1871,1,-8.43
1871-01-01,1871,1,-0.9500000000000004
1871-02-01,1871,2,-7.348000000000001
1871-02-01,1871,2,-11.041999999999998
1871-02-01,1871,2,-7.702000000000002
1871-02-01,1871,2,-3.275
1871-03-01,1871,3,0.306999999999999
1871-03-01,1871,3,-0.6209999999999994
1871-03-01,1871,3,1.6970000000000005
1871-03-01,1871,3,1.6859999999999984
1871-04-01,1871,4,7.717
1871-04-01,1871,4,6.370999999999999
1871-04-01,1871,4,5.650999999999999
1871-04-01,1871,4,7.298000000000002
1871-05-01,1871,5,12.734
1871-05-01,1871,5,11.019000000000002
1871-05-01,1871,5,9.559
1871-05-01,1871,5,11.619
1871-06-01,1871,6,18.756000000000004
1871-06-01,1871,6,17.689000000000004
1871-06-01,1871,6,15.501
1871-06-01,1871,6,17.314
1871-07-01,1871,7,22.614999999999995
1871-07-01,1871,7,20.915000000000003
1871-07-01,1871,7,19.146
1871-07-01,1871,7,21.80400000000001
1871-08-01,1871,8,22.016
1871-08-01,1871,8,19.137
1871-08-01,1871,8,17.535
1871-08-01,1871,8,22.079
1871-09-01,1871,9,13.838
1871-09-01,1871,9,11.351000000000004
1871-09-01,1871,9,11.771999999999998
1871-09-01,1871,9,15.377000000000002
1871-10-01,1871,10,5.62
1871-10-01,1871,10,3.587000000000001
1871-10-01,1871,10,4.026
1871-10-01,1871,10,8.912
1871-11-01,1871,11,5.123000000000001
1871-11-01,1871,11,1.9789999999999983
1871-11-01,1871,11,1.6190000000000009
1871-11-01,1871,11,9.731
1871-12-01,1871,12,-3.233000000000001
1871-12-01,1871,12,-4.917
1871-12-01,1871,12,-6.801
1871-12-01,1871,12,1.4809999999999983
1872-01-01,1872,1,-1.8560000000000008
1872-01-01,1872,1,-3.923
1872-01-01,1872,1,-3.58
1872-01-01,1872,1,2.7039999999999984
1872-02-01,1872,2,-8.75
1872-02-01,1872,2,-9.938
1872-02-01,1872,2,-5.206
1872-02-01,1872,2,-4.858
1872-03-01,1872,3,2.754
1872-03-01,1872,3,0.8049999999999989
1872-03-01,1872,3,2.1560000000000006
1872-03-01,1872,3,4.182
1872-04-01,1872,4,11.406
1872-04-01,1872,4,10.543
1872-04-01,1872,4,9.895
1872-04-01,1872,4,10.738
1872-05-01,1872,5,20.127
1872-05-01,1872,5,19.164
1872-05-01,1872,5,17.186999999999998
1872-05-01,1872,5,18.203
1872-06-01,1872,6,18.754
1872-06-01,1872,6,18.16
1872-06-01,1872,6,16.415
1872-06-01,1872,6,17.269000000000002
1872-07-01,1872,7,20.673
1872-07-01,1872,7,18.767000000000003
1872-07-01,1872,7,18.102
1872-07-01,1872,7,20.075000000000003
1872-08-01,1872,8,21.019
1872-08-01,1872,8,19.279000000000003
1872-08-01,1872,8,20.873
1872-09-01,1872,9,16.868999999999996
1872-09-01,1872,9,14.497000000000002
1872-09-01,1872,9,14.195999999999998
1872-09-01,1872,9,18.235
1872-10-01,1872,10,9.705999999999998
1872-10-01,1872,10,7.869
1872-10-01,1872,10,9.759999999999998
1872-10-01,1872,10,12.882
1872-11-01,1872,11,6.299
1872-11-01,1872,11,4.309
1872-11-01,1872,11,5.501999999999999
1872-11-01,1872,11,10.754
1872-12-01,1872,12,0.0890000000000018
1872-12-01,1872,12,-2.197
1872-12-01,1872,12,-0.1690000000000008
1872-12-01,1872,12,5.362999999999999
1873-01-01,1873,1,-0.2690000000000007
1873-01-01,1873,1,-1.958
1873-01-01,1873,1,-0.9120000000000004
1873-01-01,1873,1,4.097999999999998
1873-02-01,1873,2,-3.512
1873-02-01,1873,2,-5.617000000000001
1873-02-01,1873,2,-3.3160000000000007
1873-02-01,1873,2,-0.0729999999999996
1873-03-01,1873,3,2.574999999999999
1873-03-01,1873,3,0.8010000000000004
1873-03-01,1873,3,3.404000000000001
1873-03-01,1873,3,4.200999999999999
1873-04-01,1873,4,8.262999999999998
1873-04-01,1873,4,6.158999999999999
1873-04-01,1873,4,5.901
1873-04-01,1873,4,8.379
1873-05-01,1873,5,14.575
1873-05-01,1873,5,13.138000000000002
1873-05-01,1873,5,10.77
1873-05-01,1873,5,13.377999999999998
1873-06-01,1873,6,19.649
1873-06-01,1873,6,18.674000000000003
1873-06-01,1873,6,16.480999999999998
1873-06-01,1873,6,18.102
1873-07-01,1873,7,21.992
1873-07-01,1873,7,19.975
1873-07-01,1873,7,19.074
1873-07-01,1873,7,21.418000000000003
1873-08-01,1873,8,21.645
1873-08-01,1873,8,18.369
1873-08-01,1873,8,21.945000000000004
1873-09-01,1873,9,14.861
1873-09-01,1873,9,12.928
1873-09-01,1873,9,12.518999999999998
1873-09-01,1873,9,16.194000000000003
1873-10-01,1873,10,10.008
1873-10-01,1873,10,8.233
1873-10-01,1873,10,9.327000000000002
1873-10-01,1873,10,13.160999999999998
1873-11-01,1873,11,3.054
1873-11-01,1873,11,1.3340000000000016
1873-11-01,1873,11,3.162000000000001
1873-11-01,1873,11,7.464000000000002
1873-12-01,1873,12,-1.0870000000000009
1873-12-01,1873,12,-1.8290000000000008
1873-12-01,1873,12,-1.4320000000000002
1873-12-01,1873,12,3.338000000000001
1874-01-01,1874,1,-3.447999999999999
1874-01-01,1874,1,-4.048
1874-01-01,1874,1,-3.4369999999999994
1874-01-01,1874,1,0.3829999999999995
1874-02-01,1874,2,-3.864000000000001
1874-02-01,1874,2,-5.192000000000001
1874-02-01,1874,2,-3.707
1874-02-01,1874,2,-0.9259999999999992
1874-03-01,1874,3,-1.1110000000000002
1874-03-01,1874,3,-2.0369999999999995
1874-03-01,1874,3,-0.5120000000000009
1874-03-01,1874,3,0.0490000000000002
1874-04-01,1874,4,8.782000000000002
1874-04-01,1874,4,7.125000000000002
1874-04-01,1874,4,8.01
1874-04-01,1874,4,8.743000000000002
1874-05-01,1874,5,12.486
1874-05-01,1874,5,11.191
1874-05-01,1874,5,9.085
1874-05-01,1874,5,11.357
1874-06-01,1874,6,19.332
1874-06-01,1874,6,17.522000000000002
1874-06-01,1874,6,16.566000000000003
1874-06-01,1874,6,18.263
1874-07-01,1874,7,21.095
1874-07-01,1874,7,19.35
1874-07-01,1874,7,19.629
1874-07-01,1874,7,20.647
1874-08-01,1874,8,21.866
1874-08-01,1874,8,19.096
1874-08-01,1874,8,16.983999999999998
1874-08-01,1874,8,21.983
1874-09-01,1874,9,16.528000000000002
1874-09-01,1874,9,14.664
1874-09-01,1874,9,14.802
1874-09-01,1874,9,17.819999999999997
1874-10-01,1874,10,9.400999999999998
1874-10-01,1874,10,8.094000000000001
1874-10-01,1874,10,8.696
1874-10-01,1874,10,12.396000000000004
1874-11-01,1874,11,2.320999999999999
1874-11-01,1874,11,0.1779999999999996
1874-11-01,1874,11,-0.2420000000000005
1874-11-01,1874,11,6.995000000000001
1874-12-01,1874,12,3.574
1874-12-01,1874,12,0.1330000000000019
1874-12-01,1874,12,-1.0689999999999995
1874-12-01,1874,12,8.524000000000001
1875-01-01,1875,1,-4.619
1875-01-01,1875,1,-6.720000000000001
1875-01-01,1875,1,-5.003000000000001
1875-01-01,1875,1,-0.2310000000000004
1875-02-01,1875,2,-5.093
1875-02-01,1875,2,-7.723999999999999
1875-02-01,1875,2,-8.655999999999999
1875-02-01,1875,2,-1.9060000000000008
1875-03-01,1875,3,-5.274000000000001
1875-03-01,1875,3,-6.442000000000001
1875-03-01,1875,3,-4.135000000000001
1875-03-01,1875,3,-3.447
1875-04-01,1875,4,4.7200000000000015
1875-04-01,1875,4,3.3289999999999984
1875-04-01,1875,4,4.294
1875-04-01,1875,4,4.798000000000001
1875-05-01,1875,5,14.700999999999995
1875-05-01,1875,5,13.731000000000002
1875-05-01,1875,5,12.855000000000002
1875-05-01,1875,5,13.354
1875-06-01,1875,6,23.066
1875-06-01,1875,6,21.072
1875-06-01,1875,6,19.912
1875-06-01,1875,6,21.613000000000003
1875-07-01,1875,7,22.484
1875-07-01,1875,7,20.475000000000005
1875-07-01,1875,7,18.87
1875-07-01,1875,7,21.588000000000005
1875-08-01,1875,8,20.19
1875-08-01,1875,8,18.469000000000005
1875-08-01,1875,8,18.053000000000004
1875-08-01,1875,8,20.151
1875-09-01,1875,9,12.41
1875-09-01,1875,9,10.893
1875-09-01,1875,9,11.192
1875-09-01,1875,9,13.702000000000002
1875-10-01,1875,10,8.098
1875-10-01,1875,10,4.822999999999998
1875-10-01,1875,10,5.067000000000002
1875-10-01,1875,10,11.507
1875-11-01,1875,11,2.989000000000001
1875-11-01,1875,11,-0.3350000000000008
1875-11-01,1875,11,0.1860000000000007
1875-11-01,1875,11,7.750999999999999
1875-12-01,1875,12,-8.18
1875-12-01,1875,12,-10.613
1875-12-01,1875,12,-7.045
1875-12-01,1875,12,-2.13
1876-01-01,1876,1,-8.728
1876-01-01,1876,1,-9.862
1876-01-01,1876,1,-8.699
1876-01-01,1876,1,-3.887000000000001
1876-02-01,1876,2,-3.1379999999999995
1876-02-01,1876,2,-4.718
1876-02-01,1876,2,-2.713000000000001
1876-02-01,1876,2,0.1180000000000013
1876-03-01,1876,3,4.957999999999999
1876-03-01,1876,3,3.127
1876-03-01,1876,3,3.4859999999999998
1876-03-01,1876,3,6.270999999999998
1876-04-01,1876,4,11.092
1876-04-01,1876,4,10.314
1876-04-01,1876,4,10.027
1876-04-01,1876,4,10.034
1876-05-01,1876,5,13.358
1876-05-01,1876,5,10.877999999999998
1876-05-01,1876,5,9.454
1876-05-01,1876,5,12.679000000000002
1876-06-01,1876,6,20.321
1876-06-01,1876,6,19.591
1876-06-01,1876,6,17.962999999999997
1876-06-01,1876,6,18.746
1876-07-01,1876,7,21.656
1876-07-01,1876,7,19.885000000000005
1876-07-01,1876,7,18.202
1876-07-01,1876,7,20.901
1876-08-01,1876,8,20.435
1876-08-01,1876,8,18.461
1876-08-01,1876,8,17.542
1876-08-01,1876,8,20.528
1876-09-01,1876,9,16.313000000000002
1876-09-01,1876,9,13.938
1876-09-01,1876,9,12.588
1876-09-01,1876,9,17.711
1876-10-01,1876,10,7.322999999999998
1876-10-01,1876,10,5.614999999999999
1876-10-01,1876,10,7.512
1876-10-01,1876,10,10.482000000000005
1876-11-01,1876,11,-1.0490000000000006
1876-11-01,1876,11,-2.815
1876-11-01,1876,11,-2.49
1876-11-01,1876,11,3.506
1876-12-01,1876,12,-3.4220000000000006
1876-12-01,1876,12,-7.890000000000001
1876-12-01,1876,12,-3.726000000000001
1876-12-01,1876,12,3.099999999999999
1877-01-01,1877,1,-4.581999999999999
1877-01-01,1877,1,-6.510000000000001
1877-01-01,1877,1,-2.6590000000000007
1877-01-01,1877,1,0.2550000000000018
1877-02-01,1877,2,-3.804
1877-02-01,1877,2,-5.806000000000001
1877-02-01,1877,2,-2.700999999999999
1877-02-01,1877,2,-0.4180000000000008
1877-03-01,1877,3,2.2719999999999985
1877-03-01,1877,3,-0.6390000000000009
1877-03-01,1877,3,-0.3389999999999994
1877-03-01,1877,3,3.760999999999998
1877-04-01,1877,4,7.791
1877-04-01,1877,4,5.968000000000002
1877-04-01,1877,4,5.269999999999999
1877-04-01,1877,4,7.650000000000002
1877-05-01,1877,5,14.459000000000003
1877-05-01,1877,5,13.371
1877-05-01,1877,5,11.278
1877-05-01,1877,5,13.131000000000002
1877-06-01,1877,6,19.399
1877-06-01,1877,6,17.801
1877-06-01,1877,6,17.492
1877-06-01,1877,6,18.11
1877-07-01,1877,7,20.951
1877-07-01,1877,7,19.37
1877-07-01,1877,7,18.055
1877-07-01,1877,7,20.065999999999995
1877-08-01,1877,8,21.036
1877-08-01,1877,8,18.346000000000004
1877-08-01,1877,8,18.035
1877-08-01,1877,8,21.356
1877-09-01,1877,9,13.898
1877-09-01,1877,9,10.858
1877-09-01,1877,9,10.152
1877-09-01,1877,9,15.742
1877-10-01,1877,10,7.020999999999999
1877-10-01,1877,10,4.998999999999999
1877-10-01,1877,10,5.374999999999998
1877-10-01,1877,10,10.152
1877-11-01,1877,11,3.7659999999999982
1877-11-01,1877,11,2.688
1877-11-01,1877,11,3.479
1877-11-01,1877,11,8.014999999999999
1877-12-01,1877,12,-2.5619999999999994
1877-12-01,1877,12,-4.526999999999999
1877-12-01,1877,12,-3.099999999999999
1877-12-01,1877,12,2.884000000000001
1878-01-01,1878,1,-5.795
1878-01-01,1878,1,-7.291
1878-01-01,1878,1,-5.339999999999999
1878-01-01,1878,1,-1.2220000000000002
1878-02-01,1878,2,-2.7200000000000006
1878-02-01,1878,2,-3.879
1878-02-01,1878,2,-2.0089999999999995
1878-02-01,1878,2,0.1649999999999983
1878-03-01,1878,3,1.5909999999999986
1878-03-01,1878,3,-0.0019999999999992
1878-03-01,1878,3,0.1169999999999997
1878-03-01,1878,3,2.716000000000002
1878-04-01,1878,4,9.104
1878-04-01,1878,4,8.479000000000001
1878-04-01,1878,4,8.434999999999999
1878-04-01,1878,4,8.477
1878-05-01,1878,5,14.844
1878-05-01,1878,5,13.408
1878-05-01,1878,5,12.715
1878-05-01,1878,5,13.677
1878-06-01,1878,6,19.966
1878-06-01,1878,6,18.826
1878-06-01,1878,6,16.816
1878-06-01,1878,6,18.421
1878-07-01,1878,7,19.49900000000001
1878-07-01,1878,7,17.086
1878-07-01,1878,7,16.124000000000002
1878-07-01,1878,7,19.198
1878-08-01,1878,8,20.234
1878-08-01,1878,8,18.242
1878-08-01,1878,8,17.685
1878-08-01,1878,8,20.377
1878-09-01,1878,9,17.552999999999997
1878-09-01,1878,9,15.46
1878-09-01,1878,9,14.825
1878-09-01,1878,9,18.862
1878-10-01,1878,10,11.766
1878-10-01,1878,10,9.976
1878-10-01,1878,10,9.720000000000002
1878-10-01,1878,10,14.615999999999998
1878-11-01,1878,11,7.017
1878-11-01,1878,11,4.702
1878-11-01,1878,11,4.248
1878-11-01,1878,11,11.500000000000002
1878-12-01,1878,12,1.0600000000000007
1878-12-01,1878,12,-1.223
1878-12-01,1878,12,-2.254000000000001
1878-12-01,1878,12,6.272
1879-01-01,1879,1,-5.213000000000001
1879-01-01,1879,1,-7.949
1879-01-01,1879,1,-5.748999999999999
1879-01-01,1879,1,-0.2669999999999994
1879-02-01,1879,2,1.272
1879-02-01,1879,2,-1.5530000000000004
1879-02-01,1879,2,-0.8819999999999991
1879-02-01,1879,2,4.718000000000002
1879-03-01,1879,3,0.7870000000000014
1879-03-01,1879,3,-1.582
1879-03-01,1879,3,-0.8940000000000007
1879-03-01,1879,3,2.5320000000000005
1879-04-01,1879,4,9.909
1879-04-01,1879,4,8.205
1879-04-01,1879,4,7.286000000000001
1879-04-01,1879,4,9.698
1879-05-01,1879,5,15.674
1879-05-01,1879,5,14.974999999999998
1879-05-01,1879,5,12.469
1879-05-01,1879,5,14.171
1879-06-01,1879,6,20.604
1879-06-01,1879,6,19.023
1879-06-01,1879,6,17.716
1879-06-01,1879,6,19.521
1879-07-01,1879,7,21.135000000000005
1879-07-01,1879,7,18.67900000000001
1879-07-01,1879,7,16.465
1879-07-01,1879,7,20.653
1879-08-01,1879,8,19.418
1879-08-01,1879,8,17.346
1879-08-01,1879,8,16.956000000000003
1879-08-01,1879,8,19.847
1879-09-01,1879,9,13.95
1879-09-01,1879,9,14.355
1879-09-01,1879,9,17.34
1879-10-01,1879,10,9.310000000000002
1879-10-01,1879,10,7.117999999999999
1879-10-01,1879,10,6.790999999999999
1879-10-01,1879,10,12.137
1879-11-01,1879,11,1.4340000000000015
1879-11-01,1879,11,-0.5690000000000003
1879-11-01,1879,11,-0.6520000000000002
1879-11-01,1879,11,5.772000000000001
1879-12-01,1879,12,-6.456
1879-12-01,1879,12,-8.331
1879-12-01,1879,12,-8.981000000000002
1879-12-01,1879,12,-1.2949999999999997
1880-01-01,1880,1,-8.717
1880-01-01,1880,1,-9.447
1880-01-01,1880,1,-7.097
1880-01-01,1880,1,-4.366
1880-02-01,1880,2,-6.981999999999999
1880-02-01,1880,2,-8.040000000000001
1880-02-01,1880,2,-5.449
1880-02-01,1880,2,-3.691
1880-03-01,1880,3,-2.212
1880-03-01,1880,3,-3.275
1880-03-01,1880,3,-0.8359999999999997
1880-03-01,1880,3,-0.8790000000000001
1880-04-01,1880,4,8.114
1880-04-01,1880,4,7.271000000000001
1880-04-01,1880,4,8.948
1880-04-01,1880,4,7.557999999999999
1880-05-01,1880,5,13.958999999999998
1880-05-01,1880,5,13.459
1880-05-01,1880,5,11.881000000000002
1880-05-01,1880,5,12.401000000000002
1880-06-01,1880,6,19.359
1880-06-01,1880,6,17.762999999999998
1880-06-01,1880,6,16.680999999999997
1880-06-01,1880,6,18.211
1880-07-01,1880,7,22.23
1880-07-01,1880,7,20.309
1880-07-01,1880,7,19.457
1880-07-01,1880,7,21.469
1880-08-01,1880,8,20.135
1880-08-01,1880,8,18.381000000000004
1880-08-01,1880,8,16.912999999999997
1880-08-01,1880,8,20.139000000000003
1880-09-01,1880,9,14.901000000000002
1880-09-01,1880,9,13.636000000000005
1880-09-01,1880,9,13.623
1880-09-01,1880,9,15.885000000000003
1880-10-01,1880,10,9.451
1880-10-01,1880,10,6.214999999999999
1880-10-01,1880,10,6.734999999999999
1880-10-01,1880,10,12.694
1880-11-01,1880,11,3.655
1880-11-01,1880,11,1.831
1880-11-01,1880,11,3.0860000000000003
1880-11-01,1880,11,8.177999999999999
1880-12-01,1880,12,-1.3399999999999994
1880-12-01,1880,12,-2.7949999999999995
1880-12-01,1880,12,-0.8670000000000004
1880-12-01,1880,12,3.4609999999999985
1881-01-01,1881,1,-6.657000000000001
1881-01-01,1881,1,-9.08
1881-01-01,1881,1,-8.359
1881-01-01,1881,1,-1.6449999999999991
1881-02-01,1881,2,-4.719999999999999
1881-02-01,1881,2,-6.301999999999999
1881-02-01,1881,2,-4.888000000000001
1881-02-01,1881,2,-1.6269999999999998
1881-03-01,1881,3,0.5640000000000001
1881-03-01,1881,3,-1.6499999999999997
1881-03-01,1881,3,-0.6680000000000005
1881-03-01,1881,3,2.152000000000002
1881-04-01,1881,4,6.917999999999998
1881-04-01,1881,4,5.125999999999999
1881-04-01,1881,4,4.492
1881-04-01,1881,4,6.666999999999999
1881-05-01,1881,5,14.869000000000003
1881-05-01,1881,5,14.149
1881-05-01,1881,5,13.044
1881-05-01,1881,5,13.333000000000002
1881-06-01,1881,6,18.068
1881-06-01,1881,6,17.208000000000002
1881-06-01,1881,6,16.085
1881-06-01,1881,6,16.634999999999998
1881-07-01,1881,7,21.146
1881-07-01,1881,7,19.756
1881-07-01,1881,7,18.583
1881-07-01,1881,7,20.185
1881-08-01,1881,8,20.422999999999995
1881-08-01,1881,8,18.272
1881-08-01,1881,8,17.275
1881-08-01,1881,8,20.57
1881-09-01,1881,9,14.024
1881-09-01,1881,9,12.098999999999998
1881-09-01,1881,9,11.956
1881-09-01,1881,9,15.499000000000002
1881-10-01,1881,10,6.88
1881-10-01,1881,10,4.48
1881-10-01,1881,10,4.497
1881-10-01,1881,10,10.03
1881-11-01,1881,11,1.0269999999999986
1881-11-01,1881,11,-0.1870000000000004
1881-11-01,1881,11,1.3120000000000016
1881-11-01,1881,11,5.288
1881-12-01,1881,12,-4.085000000000001
1881-12-01,1881,12,-5.414
1881-12-01,1881,12,-2.907000000000001
1881-12-01,1881,12,1.2190000000000012
1882-01-01,1882,1,-2.074
1882-01-01,1882,1,-1.9450000000000007
1882-01-01,1882,1,-1.7999999999999992
1882-01-01,1882,1,1.6440000000000017
1882-02-01,1882,2,-3.0250000000000004
1882-02-01,1882,2,-3.4170000000000003
1882-02-01,1882,2,-1.9790000000000003
1882-02-01,1882,2,-0.3709999999999998
1882-03-01,1882,3,4.764000000000001
1882-03-01,1882,3,3.887999999999998
1882-03-01,1882,3,5.328000000000001
1882-03-01,1882,3,5.772000000000001
1882-04-01,1882,4,8.41
1882-04-01,1882,4,7.262999999999999
1882-04-01,1882,4,8.434999999999999
1882-04-01,1882,4,8.094999999999999
1882-05-01,1882,5,15.416999999999998
1882-05-01,1882,5,15.009
1882-05-01,1882,5,13.195
1882-05-01,1882,5,13.817
1882-06-01,1882,6,18.274999999999995
1882-06-01,1882,6,16.983999999999998
1882-06-01,1882,6,15.525
1882-06-01,1882,6,16.899
1882-07-01,1882,7,23.985
1882-07-01,1882,7,22.271
1882-07-01,1882,7,20.21
1882-07-01,1882,7,23.084
1882-08-01,1882,8,20.893
1882-08-01,1882,8,18.934
1882-08-01,1882,8,16.673999999999996
1882-08-01,1882,8,20.849
1882-09-01,1882,9,16.595000000000002
1882-09-01,1882,9,14.268999999999998
1882-09-01,1882,9,14.51
1882-09-01,1882,9,17.995000000000005
1882-10-01,1882,10,6.839000000000001
1882-10-01,1882,10,4.427000000000001
1882-10-01,1882,10,5.955000000000001
1882-10-01,1882,10,10.152
1882-11-01,1882,11,4.383000000000001
1882-11-01,1882,11,0.9650000000000012
1882-11-01,1882,11,1.6029999999999984
1882-11-01,1882,11,9.124000000000002
1882-12-01,1882,12,-2.7360000000000007
1882-12-01,1882,12,-5.909
1882-12-01,1882,12,-2.81
1882-12-01,1882,12,3.1670000000000007
1883-01-01,1883,1,-8.576
1883-01-01,1883,1,-10.672999999999998
1883-01-01,1883,1,-6.674
1883-01-01,1883,1,-3.2340000000000004
1883-02-01,1883,2,-6.635000000000001
1883-02-01,1883,2,-7.811999999999999
1883-02-01,1883,2,-4.376999999999999
1883-02-01,1883,2,-3.38
1883-03-01,1883,3,-0.9890000000000004
1883-03-01,1883,3,-3.407
1883-03-01,1883,3,-3.441
1883-03-01,1883,3,0.6879999999999993
1883-04-01,1883,4,6.444000000000002
1883-04-01,1883,4,5.3740000000000006
1883-04-01,1883,4,4.473000000000001
1883-04-01,1883,4,6.1160000000000005
1883-05-01,1883,5,15.836999999999998
1883-05-01,1883,5,15.161
1883-05-01,1883,5,12.630000000000004
1883-05-01,1883,5,14.368999999999996
1883-06-01,1883,6,20.518
1883-06-01,1883,6,19.317
1883-06-01,1883,6,17.488
1883-06-01,1883,6,19.14700000000001
1883-07-01,1883,7,23.352000000000004
1883-07-01,1883,7,20.996
1883-07-01,1883,7,18.950000000000003
1883-07-01,1883,7,22.731
1883-08-01,1883,8,20.871
1883-08-01,1883,8,18.363
1883-08-01,1883,8,16.823999999999998
1883-08-01,1883,8,21.224
1883-09-01,1883,9,17.131
1883-09-01,1883,9,15.293
1883-09-01,1883,9,13.625
1883-09-01,1883,9,18.439000000000004
1883-10-01,1883,10,10.003000000000002
1883-10-01,1883,10,7.834
1883-10-01,1883,10,7.760999999999999
1883-10-01,1883,10,13.038000000000002
1883-11-01,1883,11,4.343
1883-11-01,1883,11,2.7250000000000005
1883-11-01,1883,11,3.091
1883-11-01,1883,11,8.892000000000001
1883-12-01,1883,12,-2.382000000000001
1883-12-01,1883,12,-3.615000000000001
1883-12-01,1883,12,-3.283000000000001
1883-12-01,1883,12,2.571
1884-01-01,1884,1,-4.361
1884-01-01,1884,1,-4.617999999999999
1884-01-01,1884,1,-2.9740000000000006
1884-01-01,1884,1,-0.3860000000000004
1884-02-01,1884,2,-1.0349999999999997
1884-02-01,1884,2,-2.2230000000000003
1884-02-01,1884,2,-0.3379999999999998
1884-02-01,1884,2,1.8469999999999984
1884-03-01,1884,3,0.5339999999999989
1884-03-01,1884,3,-2.194000000000001
1884-03-01,1884,3,0.7800000000000019
1884-03-01,1884,3,2.6100000000000003
1884-04-01,1884,4,6.702000000000001
1884-04-01,1884,4,4.556999999999999
1884-04-01,1884,4,4.700999999999998
1884-04-01,1884,4,6.753
1884-05-01,1884,5,14.671
1884-05-01,1884,5,13.46
1884-05-01,1884,5,12.655
1884-05-01,1884,5,13.4
1884-06-01,1884,6,18.626999999999995
1884-06-01,1884,6,18.148
1884-06-01,1884,6,15.518999999999998
1884-06-01,1884,6,16.98
1884-07-01,1884,7,21.508
1884-07-01,1884,7,19.726
1884-07-01,1884,7,18.331000000000003
1884-07-01,1884,7,20.591
1884-08-01,1884,8,18.366000000000003
1884-08-01,1884,8,15.799
1884-08-01,1884,8,15.172999999999998
1884-08-01,1884,8,18.566999999999997
1884-09-01,1884,9,13.566
1884-09-01,1884,9,11.878999999999998
1884-09-01,1884,9,13.074
1884-09-01,1884,9,14.916999999999998
1884-10-01,1884,10,9.000000000000002
1884-10-01,1884,10,7.203000000000001
1884-10-01,1884,10,6.77
1884-10-01,1884,10,11.824999999999998
1884-11-01,1884,11,1.0489999999999986
1884-11-01,1884,11,-0.8450000000000004
1884-11-01,1884,11,-0.708
1884-11-01,1884,11,5.327
1884-12-01,1884,12,1.4499999999999995
1884-12-01,1884,12,-0.0449999999999997
1884-12-01,1884,12,0.1810000000000005
1884-12-01,1884,12,6.197000000000001
1885-01-01,1885,1,-6.448
1885-01-01,1885,1,-7.083000000000001
1885-01-01,1885,1,-5.876
1885-01-01,1885,1,-1.958
1885-02-01,1885,2,-2.1620000000000004
1885-02-01,1885,2,-3.444000000000001
1885-02-01,1885,2,-1.875
1885-02-01,1885,2,0.7809999999999996
1885-03-01,1885,3,2.0660000000000007
1885-03-01,1885,3,0.2470000000000006
1885-03-01,1885,3,1.267
1885-03-01,1885,3,3.5319999999999987
1885-04-01,1885,4,9.144000000000002
1885-04-01,1885,4,8.223
1885-04-01,1885,4,9.004
1885-04-01,1885,4,8.636999999999999
1885-05-01,1885,5,15.640999999999998
1885-05-01,1885,5,14.058999999999996
1885-05-01,1885,5,11.711
1885-05-01,1885,5,14.316
1885-06-01,1885,6,20.762
1885-06-01,1885,6,19.16
1885-06-01,1885,6,17.912999999999997
1885-06-01,1885,6,19.343000000000004
1885-07-01,1885,7,23.225000000000005
1885-07-01,1885,7,22.186
1885-07-01,1885,7,19.207
1885-07-01,1885,7,22.05
1885-08-01,1885,8,19.063
1885-08-01,1885,8,16.395
1885-08-01,1885,8,15.097
1885-08-01,1885,8,19.407
1885-09-01,1885,9,15.326999999999998
1885-09-01,1885,9,13.382
1885-09-01,1885,9,13.213
1885-09-01,1885,9,16.685999999999996
1885-10-01,1885,10,11.580999999999998
1885-10-01,1885,10,9.175
1885-10-01,1885,10,8.945
1885-10-01,1885,10,14.517000000000005
1885-11-01,1885,11,1.7789999999999988
1885-11-01,1885,11,-0.8409999999999999
1885-11-01,1885,11,0.7949999999999986
1885-11-01,1885,11,6.817999999999999
1885-12-01,1885,12,-1.87
1885-12-01,1885,12,-3.584
1885-12-01,1885,12,-3.707
1885-12-01,1885,12,2.996999999999998
1886-01-01,1886,1,-1.1660000000000004
1886-01-01,1886,1,-4.113000000000001
1886-01-01,1886,1,-3.26
1886-01-01,1886,1,3.7240000000000015
1886-02-01,1886,2,-5.239
1886-02-01,1886,2,-8.557
1886-02-01,1886,2,-6.448
1886-02-01,1886,2,-1.2320000000000004
1886-03-01,1886,3,-0.682999999999999
1886-03-01,1886,3,-3.414999999999999
1886-03-01,1886,3,-3.2259999999999995
1886-03-01,1886,3,0.885000000000002
1886-04-01,1886,4,8.546000000000001
1886-04-01,1886,4,7.855999999999999
1886-04-01,1886,4,8.570999999999998
1886-04-01,1886,4,8.049
1886-05-01,1886,5,15.762
1886-05-01,1886,5,14.789
1886-05-01,1886,5,13.619999999999996
1886-05-01,1886,5,14.134999999999998
1886-06-01,1886,6,19.387000000000004
1886-06-01,1886,6,17.66
1886-06-01,1886,6,16.107999999999997
1886-06-01,1886,6,18.111000000000004
1886-07-01,1886,7,19.793
1886-07-01,1886,7,18.258
1886-07-01,1886,7,17.205
1886-07-01,1886,7,19.018
1886-08-01,1886,8,20.633
1886-08-01,1886,8,18.327000000000005
1886-08-01,1886,8,17.599
1886-08-01,1886,8,20.79
1886-09-01,1886,9,15.505
1886-09-01,1886,9,13.358
1886-09-01,1886,9,14.2
1886-09-01,1886,9,16.967
1886-10-01,1886,10,7.574000000000002
1886-10-01,1886,10,5.164999999999998
1886-10-01,1886,10,6.956999999999998
1886-10-01,1886,10,10.916999999999998
1886-11-01,1886,11,4.058999999999998
1886-11-01,1886,11,2.8579999999999988
1886-11-01,1886,11,3.626000000000001
1886-11-01,1886,11,8.195
1886-12-01,1886,12,4.031000000000001
1886-12-01,1886,12,1.0850000000000015
1886-12-01,1886,12,0.3030000000000004
1886-12-01,1886,12,9.168
1887-01-01,1887,1,-2.7339999999999995
1887-01-01,1887,1,-4.513999999999999
1887-01-01,1887,1,-3.978999999999999
1887-01-01,1887,1,1.914
1887-02-01,1887,2,-5.263000000000001
1887-02-01,1887,2,-6.190999999999999
1887-02-01,1887,2,-5.565
1887-02-01,1887,2,-2.185
1887-03-01,1887,3,1.4979999999999984
1887-03-01,1887,3,-0.9809999999999992
1887-03-01,1887,3,-0.6159999999999992
1887-03-01,1887,3,3.1130000000000004
1887-04-01,1887,4,7.557999999999999
1887-04-01,1887,4,6.521
1887-04-01,1887,4,6.922000000000001
1887-04-01,1887,4,7.145999999999999
1887-05-01,1887,5,17.447999999999997
1887-05-01,1887,5,16.504
1887-05-01,1887,5,13.267999999999995
1887-05-01,1887,5,15.875999999999998
1887-06-01,1887,6,17.166999999999998
1887-06-01,1887,6,14.99
1887-06-01,1887,6,14.114
1887-06-01,1887,6,16.155
1887-07-01,1887,7,21.228
1887-07-01,1887,7,19.291
1887-07-01,1887,7,19.259
1887-07-01,1887,7,20.61
1887-08-01,1887,8,20.34
1887-08-01,1887,8,17.409
1887-08-01,1887,8,16.094
1887-08-01,1887,8,20.555
1887-09-01,1887,9,17.762999999999998
1887-09-01,1887,9,15.345000000000002
1887-09-01,1887,9,14.514
1887-09-01,1887,9,18.921
1887-10-01,1887,10,8.814999999999998
1887-10-01,1887,10,5.933000000000001
1887-10-01,1887,10,5.792000000000002
1887-10-01,1887,10,11.922
1887-11-01,1887,11,4.957000000000002
1887-11-01,1887,11,2.4490000000000003
1887-11-01,1887,11,3.2210000000000014
1887-11-01,1887,11,9.451999999999998
1887-12-01,1887,12,0.8639999999999995
1887-12-01,1887,12,-1.521
1887-12-01,1887,12,-2.669000000000001
1887-12-01,1887,12,5.804999999999999
1888-01-01,1888,1,-7.511
1888-01-01,1888,1,-8.949
1888-01-01,1888,1,-8.498
1888-01-01,1888,1,-3.401
1888-02-01,1888,2,-6.320000000000001
1888-02-01,1888,2,-9.149
1888-02-01,1888,2,-7.200000000000001
1888-02-01,1888,2,-2.789999999999999
1888-03-01,1888,3,1.6050000000000015
1888-03-01,1888,3,-2.296
1888-03-01,1888,3,-0.2850000000000009
1888-03-01,1888,3,3.4069999999999983
1888-04-01,1888,4,9.993999999999998
1888-04-01,1888,4,8.697000000000001
1888-04-01,1888,4,6.717000000000001
1888-04-01,1888,4,9.393999999999998
1888-05-01,1888,5,15.050000000000002
1888-05-01,1888,5,13.801
1888-05-01,1888,5,13.027
1888-05-01,1888,5,13.775
1888-06-01,1888,6,18.518000000000004
1888-06-01,1888,6,16.552
1888-06-01,1888,6,16.122
1888-06-01,1888,6,17.347
1888-07-01,1888,7,20.909
1888-07-01,1888,7,18.561000000000003
1888-07-01,1888,7,16.900000000000002
1888-07-01,1888,7,20.41
1888-08-01,1888,8,19.992000000000004
1888-08-01,1888,8,17.501
1888-08-01,1888,8,16.817
1888-08-01,1888,8,20.202000000000005
1888-09-01,1888,9,15.267999999999995
1888-09-01,1888,9,13.389
1888-09-01,1888,9,13.473999999999998
1888-09-01,1888,9,16.644000000000002
1888-10-01,1888,10,10.406
1888-10-01,1888,10,8.114
1888-10-01,1888,10,7.496000000000001
1888-10-01,1888,10,13.084
1888-11-01,1888,11,0.2320000000000001
1888-11-01,1888,11,-1.0380000000000007
1888-11-01,1888,11,0.1960000000000011
1888-11-01,1888,11,4.388999999999999
1888-12-01,1888,12,-5.582999999999999
1888-12-01,1888,12,-7.577999999999999
1888-12-01,1888,12,-3.759
1888-12-01,1888,12,0.0450000000000017
1889-01-01,1889,1,-8.987000000000002
1889-01-01,1889,1,-10.12
1889-01-01,1889,1,-7.986
1889-01-01,1889,1,-4.152000000000001
1889-02-01,1889,2,-1.8829999999999991
1889-02-01,1889,2,-4.685
1889-02-01,1889,2,-4.827000000000001
1889-02-01,1889,2,1.3149999999999986
1889-03-01,1889,3,-0.9930000000000008
1889-03-01,1889,3,-4.472
1889-03-01,1889,3,-3.064
1889-03-01,1889,3,1.1169999999999982
1889-04-01,1889,4,8.668000000000001
1889-04-01,1889,4,7.362999999999999
1889-04-01,1889,4,7.239000000000001
1889-04-01,1889,4,8.345999999999997
1889-05-01,1889,5,16.561999999999998
1889-05-01,1889,5,17.059
1889-05-01,1889,5,16.646
1889-05-01,1889,5,14.666999999999998
1889-06-01,1889,6,19.398
1889-06-01,1889,6,18.199
1889-06-01,1889,6,18.697000000000003
1889-06-01,1889,6,18.003
1889-07-01,1889,7,23.279
1889-07-01,1889,7,20.988999999999997
1889-07-01,1889,7,18.574
1889-07-01,1889,7,22.444
1889-08-01,1889,8,21.227
1889-08-01,1889,8,18.459000000000003
1889-08-01,1889,8,17.039
1889-08-01,1889,8,21.258
1889-09-01,1889,9,12.987000000000002
1889-09-01,1889,9,10.942
1889-09-01,1889,9,10.186
1889-09-01,1889,9,14.297
1889-10-01,1889,10,11.362
1889-10-01,1889,10,9.869000000000002
1889-10-01,1889,10,14.058999999999996
1889-11-01,1889,11,4.183999999999999
1889-11-01,1889,11,2.9600000000000017
1889-11-01,1889,11,2.7579999999999987
1889-11-01,1889,11,8.208
1889-12-01,1889,12,-5.885000000000001
1889-12-01,1889,12,-6.709
1889-12-01,1889,12,-5.59
1889-12-01,1889,12,-0.7780000000000007
1890-01-01,1890,1,-3.94
1890-01-01,1890,1,-4.693
1890-01-01,1890,1,-2.3880000000000003
1890-01-01,1890,1,0.4420000000000001
1890-02-01,1890,2,-6.133
1890-02-01,1890,2,-7.04
1890-02-01,1890,2,-6.268999999999999
1890-02-01,1890,2,-2.988999999999999
1890-03-01,1890,3,3.2090000000000014
1890-03-01,1890,3,1.8769999999999996
1890-03-01,1890,3,2.154999999999999
1890-03-01,1890,3,4.293000000000002
1890-04-01,1890,4,10.703
1890-04-01,1890,4,10.316000000000004
1890-04-01,1890,4,9.993000000000002
1890-04-01,1890,4,9.976999999999997
1890-05-01,1890,5,16.749000000000002
1890-05-01,1890,5,16.407
1890-05-01,1890,5,15.08
1890-05-01,1890,5,14.98
1890-06-01,1890,6,17.975000000000005
1890-06-01,1890,6,16.871
1890-06-01,1890,6,14.639
1890-06-01,1890,6,16.565
1890-07-01,1890,7,23.131000000000004
1890-07-01,1890,7,21.165
1890-07-01,1890,7,19.013
1890-07-01,1890,7,22.25
1890-08-01,1890,8,23.754
1890-08-01,1890,8,22.153
1890-08-01,1890,8,20.804
1890-08-01,1890,8,23.540000000000003
1890-09-01,1890,9,15.528
1890-09-01,1890,9,13.853999999999996
1890-09-01,1890,9,12.605
1890-09-01,1890,9,16.422
1890-10-01,1890,10,8.267999999999997
1890-10-01,1890,10,6.038
1890-10-01,1890,10,6.187999999999999
1890-10-01,1890,10,11.124000000000002
1890-11-01,1890,11,3.465000000000001
1890-11-01,1890,11,0.1490000000000001
1890-11-01,1890,11,2.8300000000000005
1890-11-01,1890,11,8.512999999999998
1890-12-01,1890,12,-8.664
1890-12-01,1890,12,-11.252
1890-12-01,1890,12,-8.527000000000001
1890-12-01,1890,12,-2.689
1891-01-01,1891,1,-7.053999999999999
1891-01-01,1891,1,-9.62
1891-01-01,1891,1,-7.037999999999999
1891-01-01,1891,1,-2.048
1891-02-01,1891,2,-7.4540000000000015
1891-02-01,1891,2,-7.032
1891-02-01,1891,2,-5.634
1891-02-01,1891,2,-4.281
1891-03-01,1891,3,2.567000000000002
1891-03-01,1891,3,1.3170000000000015
1891-03-01,1891,3,1.7029999999999983
1891-03-01,1891,3,3.841000000000001
1891-04-01,1891,4,7.142999999999999
1891-04-01,1891,4,6.038999999999998
1891-04-01,1891,4,5.045000000000002
1891-04-01,1891,4,6.824000000000001
1891-05-01,1891,5,16.43
1891-05-01,1891,5,16.242
1891-05-01,1891,5,15.137
1891-05-01,1891,5,14.612000000000002
1891-06-01,1891,6,19.973000000000003
1891-06-01,1891,6,17.917999999999996
1891-06-01,1891,6,15.645
1891-06-01,1891,6,18.755000000000003
1891-07-01,1891,7,23.376
1891-07-01,1891,7,21.548
1891-07-01,1891,7,18.942
1891-07-01,1891,7,22.273
1891-08-01,1891,8,21.693
1891-08-01,1891,8,18.65900000000001
1891-08-01,1891,8,17.075000000000003
1891-08-01,1891,8,21.983
1891-09-01,1891,9,15.986
1891-09-01,1891,9,13.905
1891-09-01,1891,9,13.43
1891-09-01,1891,9,17.186999999999998
1891-10-01,1891,10,8.945
1891-10-01,1891,10,11.861
1891-11-01,1891,11,0.6509999999999986
1891-11-01,1891,11,-2.499000000000001
1891-11-01,1891,11,0.6859999999999999
1891-11-01,1891,11,6.025
1891-12-01,1891,12,-1.1579999999999993
1891-12-01,1891,12,-2.185
1891-12-01,1891,12,-0.9830000000000004
1891-12-01,1891,12,3.367999999999998
1892-01-01,1892,1,-6.178999999999999
1892-01-01,1892,1,-8.556000000000001
1892-01-01,1892,1,-6.1000000000000005
1892-01-01,1892,1,-1.09
1892-02-01,1892,2,-0.7979999999999995
1892-02-01,1892,2,-3.012000000000001
1892-02-01,1892,2,-2.9939999999999998
1892-02-01,1892,2,2.100999999999998
1892-03-01,1892,3,1.0789999999999995
1892-03-01,1892,3,-1.1710000000000005
1892-03-01,1892,3,-0.4489999999999996
1892-03-01,1892,3,2.5520000000000014
1892-04-01,1892,4,8.94
1892-04-01,1892,4,7.860000000000001
1892-04-01,1892,4,7.1910000000000025
1892-04-01,1892,4,8.415
1892-05-01,1892,5,16.619
1892-05-01,1892,5,15.688
1892-05-01,1892,5,13.729
1892-05-01,1892,5,14.957999999999998
1892-06-01,1892,6,21.71
1892-06-01,1892,6,20.206000000000003
1892-06-01,1892,6,20.042
1892-07-01,1892,7,21.187
1892-07-01,1892,7,18.916
1892-07-01,1892,7,16.968
1892-07-01,1892,7,20.386
1892-08-01,1892,8,21.577
1892-08-01,1892,8,19.468
1892-08-01,1892,8,19.435
1892-08-01,1892,8,21.718
1892-09-01,1892,9,18.602
1892-09-01,1892,9,16.123
1892-09-01,1892,9,16.207
1892-09-01,1892,9,19.934000000000005
1892-10-01,1892,10,10.521000000000004
1892-10-01,1892,10,7.3279999999999985
1892-10-01,1892,10,7.803000000000001
1892-10-01,1892,10,14.066000000000004
1892-11-01,1892,11,0.6160000000000012
1892-11-01,1892,11,-1.0419999999999991
1892-11-01,1892,11,-0.2719999999999996
1892-11-01,1892,11,5.003000000000001
1892-12-01,1892,12,-4.077999999999999
1892-12-01,1892,12,-6.284
1892-12-01,1892,12,-5.183999999999999
1892-12-01,1892,12,1.4399999999999993
1893-01-01,1893,1,-11.849000000000002
1893-01-01,1893,1,-14.979
1893-01-01,1893,1,-13.715
1893-01-01,1893,1,-6.48
1893-02-01,1893,2,-4.382999999999999
1893-02-01,1893,2,-6.652000000000001
1893-02-01,1893,2,-3.019
1893-02-01,1893,2,-0.9880000000000008
1893-03-01,1893,3,0.9620000000000002
1893-03-01,1893,3,-0.5439999999999993
1893-03-01,1893,3,0.9090000000000013
1893-03-01,1893,3,2.3520000000000016
1893-04-01,1893,4,4.427000000000001
1893-04-01,1893,4,3.064
1893-04-01,1893,4,4.222999999999999
1893-04-01,1893,4,4.163
1893-05-01,1893,5,13.491
1893-05-01,1893,5,12.738000000000005
1893-05-01,1893,5,12.130000000000004
1893-05-01,1893,5,12.024
1893-06-01,1893,6,18.104
1893-06-01,1893,6,16.893
1893-06-01,1893,6,15.963000000000005
1893-06-01,1893,6,16.779
1893-07-01,1893,7,20.946
1893-07-01,1893,7,19.164
1893-07-01,1893,7,18.085
1893-07-01,1893,7,20.232
1893-08-01,1893,8,20.593000000000004
1893-08-01,1893,8,18.272
1893-08-01,1893,8,16.680999999999997
1893-08-01,1893,8,20.630000000000003
1893-09-01,1893,9,14.834
1893-09-01,1893,9,12.935
1893-09-01,1893,9,12.349
1893-09-01,1893,9,16.037
1893-10-01,1893,10,10.467999999999998
1893-10-01,1893,10,8.968000000000002
1893-10-01,1893,10,9.632
1893-10-01,1893,10,13.166
1893-11-01,1893,11,4.122999999999999
1893-11-01,1893,11,1.3179999999999994
1893-11-01,1893,11,1.233
1893-11-01,1893,11,8.770000000000001
1893-12-01,1893,12,-2.2479999999999998
1893-12-01,1893,12,-3.301
1893-12-01,1893,12,-1.372
1893-12-01,1893,12,2.901000000000001
1894-01-01,1894,1,-8.164
1894-01-01,1894,1,-8.755
1894-01-01,1894,1,-7.317000000000001
1894-01-01,1894,1,-3.4550000000000005
1894-02-01,1894,2,-2.192999999999999
1894-02-01,1894,2,-3.134000000000001
1894-02-01,1894,2,-2.2780000000000005
1894-02-01,1894,2,0.4559999999999991
1894-03-01,1894,3,2.4350000000000014
1894-03-01,1894,3,3.048000000000002
1894-03-01,1894,3,3.568000000000002
1894-04-01,1894,4,8.362000000000002
1894-04-01,1894,4,7.610000000000001
1894-04-01,1894,4,8.824999999999998
1894-04-01,1894,4,7.730999999999998
1894-05-01,1894,5,14.664
1894-05-01,1894,5,14.395
1894-05-01,1894,5,13.573
1894-05-01,1894,5,13.092000000000002
1894-06-01,1894,6,16.838
1894-06-01,1894,6,15.1
1894-06-01,1894,6,14.195
1894-06-01,1894,6,16.092
1894-07-01,1894,7,22.053000000000004
1894-07-01,1894,7,19.892
1894-07-01,1894,7,19.519000000000005
1894-07-01,1894,7,21.28
1894-08-01,1894,8,20.910999999999994
1894-08-01,1894,8,18.445
1894-08-01,1894,8,17.248
1894-08-01,1894,8,21.045
1894-09-01,1894,9,13.052
1894-09-01,1894,9,10.317
1894-09-01,1894,9,10.412
1894-09-01,1894,9,14.652000000000005
1894-10-01,1894,10,9.566
1894-10-01,1894,10,6.55
1894-10-01,1894,10,7.755000000000002
1894-10-01,1894,10,12.928
1894-11-01,1894,11,1.275000000000001
1894-11-01,1894,11,0.3929999999999999
1894-11-01,1894,11,2.000000000000001
1894-11-01,1894,11,5.640999999999998
1894-12-01,1894,12,-2.9090000000000003
1894-12-01,1894,12,-4.292
1894-12-01,1894,12,-2.496
1894-12-01,1894,12,2.417
1895-01-01,1895,1,1.311
1895-01-01,1895,1,-2.2830000000000004
1895-01-01,1895,1,-3.319
1895-01-01,1895,1,6.1160000000000005
1895-02-01,1895,2,-3.291
1895-02-01,1895,2,-7.424
1895-02-01,1895,2,-7.796000000000002
1895-02-01,1895,2,0.3679999999999989
1895-03-01,1895,3,1.4040000000000004
1895-03-01,1895,3,-1.1249999999999991
1895-03-01,1895,3,-0.874
1895-03-01,1895,3,2.761
1895-04-01,1895,4,7.824
1895-04-01,1895,4,5.963000000000002
1895-04-01,1895,4,7.236
1895-04-01,1895,4,7.725
1895-05-01,1895,5,13.615
1895-05-01,1895,5,13.002
1895-06-01,1895,6,18.572
1895-06-01,1895,6,17.357999999999997
1895-06-01,1895,6,16.871
1895-06-01,1895,6,17.426000000000002
1895-07-01,1895,7,23.188
1895-07-01,1895,7,20.531
1895-07-01,1895,7,19.303000000000004
1895-07-01,1895,7,22.595
1895-08-01,1895,8,21.197000000000003
1895-08-01,1895,8,18.766
1895-08-01,1895,8,17.584000000000003
1895-08-01,1895,8,21.215
1895-09-01,1895,9,14.852
1895-09-01,1895,9,12.802
1895-09-01,1895,9,13.413
1895-09-01,1895,9,16.138
1895-10-01,1895,10,11.37
1895-10-01,1895,10,9.056000000000004
1895-10-01,1895,10,8.350999999999999
1895-10-01,1895,10,14.053999999999998
1895-11-01,1895,11,3.03
1895-11-01,1895,11,1.5190000000000008
1895-11-01,1895,11,2.81
1895-11-01,1895,11,7.703999999999998
1895-12-01,1895,12,-5.458
1895-12-01,1895,12,-8.436
1895-12-01,1895,12,-4.592
1895-12-01,1895,12,0.8249999999999997
1896-01-01,1896,1,-10.546
1896-01-01,1896,1,-11.374
1896-01-01,1896,1,-7.432
1896-01-01,1896,1,-5.232
1896-02-01,1896,2,-4.563999999999999
1896-02-01,1896,2,-5.828
1896-02-01,1896,2,-3.4550000000000005
1896-02-01,1896,2,-1.4499999999999995
1896-03-01,1896,3,0.3799999999999986
1896-03-01,1896,3,-0.896
1896-03-01,1896,3,2.474000000000001
1896-03-01,1896,3,2.105000000000001
1896-04-01,1896,4,5.059999999999999
1896-04-01,1896,4,3.777
1896-04-01,1896,4,5.022
1896-04-01,1896,4,5.034
1896-05-01,1896,5,14.176000000000002
1896-05-01,1896,5,13.587000000000002
1896-05-01,1896,5,12.84
1896-05-01,1896,5,12.750000000000002
1896-06-01,1896,6,19.666
1896-06-01,1896,6,18.881
1896-06-01,1896,6,17.823
1896-06-01,1896,6,18.165000000000003
1896-07-01,1896,7,21.575
1896-07-01,1896,7,19.850000000000005
1896-07-01,1896,7,19.533
1896-07-01,1896,7,20.794
1896-08-01,1896,8,21.975000000000005
1896-08-01,1896,8,19.696
1896-08-01,1896,8,17.814999999999998
1896-08-01,1896,8,22.067
1896-09-01,1896,9,16.828
1896-09-01,1896,9,14.525999999999998
1896-09-01,1896,9,14.068
1896-09-01,1896,9,18.317
1896-10-01,1896,10,13.291
1896-10-01,1896,10,11.43
1896-10-01,1896,10,11.722
1896-10-01,1896,10,16.326
1896-11-01,1896,11,1.277
1896-11-01,1896,11,-1.651000000000001
1896-11-01,1896,11,-0.6149999999999997
1896-11-01,1896,11,6.462
1896-12-01,1896,12,-1.6310000000000002
1896-12-01,1896,12,-4.21
1896-12-01,1896,12,-3.327000000000001
1896-12-01,1896,12,3.682
1897-01-01,1897,1,-5.427
1897-01-01,1897,1,-7.484999999999999
1897-01-01,1897,1,-5.517
1897-01-01,1897,1,-0.2439999999999997
1897-02-01,1897,2,-2.3050000000000006
1897-02-01,1897,2,-4.655000000000001
1897-02-01,1897,2,-3.132999999999999
1897-02-01,1897,2,1.0909999999999995
1897-03-01,1897,3,3.135
1897-03-01,1897,3,0.9480000000000012
1897-03-01,1897,3,2.8869999999999982
1897-03-01,1897,3,4.786000000000001
1897-04-01,1897,4,10.344
1897-04-01,1897,4,9.353
1897-04-01,1897,4,8.277000000000001
1897-04-01,1897,4,9.822
1897-05-01,1897,5,17.256
1897-05-01,1897,5,17.608999999999998
1897-05-01,1897,5,14.954
1897-05-01,1897,5,15.296
1897-06-01,1897,6,20.18
1897-06-01,1897,6,18.801
1897-06-01,1897,6,17.55
1897-06-01,1897,6,18.882
1897-07-01,1897,7,23.387
1897-07-01,1897,7,19.177000000000003
1897-07-01,1897,7,22.404000000000003
1897-08-01,1897,8,22.286
1897-08-01,1897,8,20.394
1897-08-01,1897,8,19.172000000000004
1897-08-01,1897,8,22.301
1897-09-01,1897,9,17.373
1897-09-01,1897,9,14.485
1897-09-01,1897,9,13.768
1897-09-01,1897,9,18.947000000000003
1897-10-01,1897,10,9.022
1897-10-01,1897,10,6.812999999999999
1897-10-01,1897,10,6.517999999999999
1897-10-01,1897,10,11.973999999999998
1897-11-01,1897,11,-1.626
1897-11-01,1897,11,-0.3659999999999996
1897-11-01,1897,11,3.567
1897-12-01,1897,12,-4.799
1897-12-01,1897,12,-6.065000000000001
1897-12-01,1897,12,-3.729999999999999
1897-12-01,1897,12,0.7369999999999995
1898-01-01,1898,1,-3.247
1898-01-01,1898,1,-3.845999999999999
1898-01-01,1898,1,-2.2060000000000004
1898-01-01,1898,1,1.112000000000002
1898-02-01,1898,2,-2.295
1898-02-01,1898,2,-4.935999999999999
1898-02-01,1898,2,-2.479
1898-02-01,1898,2,1.253999999999999
1898-03-01,1898,3,-1.869
1898-03-01,1898,3,-4.432999999999999
1898-03-01,1898,3,0.4870000000000019
1898-03-01,1898,3,0.340000000000001
1898-04-01,1898,4,6.917000000000001
1898-04-01,1898,4,5.003999999999999
1898-04-01,1898,4,6.666000000000001
1898-04-01,1898,4,7.008000000000002
1898-05-01,1898,5,16.234
1898-05-01,1898,5,16.36
1898-05-01,1898,5,14.410999999999998
1898-05-01,1898,5,14.485
1898-06-01,1898,6,17.736
1898-06-01,1898,6,16.706
1898-06-01,1898,6,16.048999999999996
1898-06-01,1898,6,16.578
1898-07-01,1898,7,21.055
1898-07-01,1898,7,19.040000000000003
1898-07-01,1898,7,20.238
1898-08-01,1898,8,20.921
1898-08-01,1898,8,19.129
1898-08-01,1898,8,18.212
1898-08-01,1898,8,20.886000000000006
1898-09-01,1898,9,14.422
1898-09-01,1898,9,11.883
1898-09-01,1898,9,12.185
1898-09-01,1898,9,15.985
1898-10-01,1898,10,7.589000000000002
1898-10-01,1898,10,4.383999999999999
1898-10-01,1898,10,6.749000000000001
1898-10-01,1898,10,11.54
1898-11-01,1898,11,4.217999999999999
1898-11-01,1898,11,3.1210000000000013
1898-11-01,1898,11,4.747000000000002
1898-11-01,1898,11,8.654
1898-12-01,1898,12,0.8790000000000001
1898-12-01,1898,12,-0.0550000000000001
1898-12-01,1898,12,0.7600000000000011
1898-12-01,1898,12,5.535999999999998
1899-01-01,1899,1,0.7110000000000009
1899-01-01,1899,1,-0.827000000000001
1899-01-01,1899,1,-0.5570000000000006
1899-01-01,1899,1,4.666
1899-02-01,1899,2,-1.7900000000000007
1899-02-01,1899,2,-4.129000000000001
1899-02-01,1899,2,-1.9649999999999996
1899-02-01,1899,2,1.6939999999999995
1899-03-01,1899,3,1.524000000000001
1899-03-01,1899,3,-0.6309999999999998
1899-03-01,1899,3,0.6859999999999999
1899-03-01,1899,3,3.098
1899-04-01,1899,4,9.803999999999998
1899-04-01,1899,4,8.541000000000002
1899-04-01,1899,4,8.284
1899-04-01,1899,4,9.308
1899-05-01,1899,5,16.505000000000003
1899-05-01,1899,5,14.478000000000002
1899-05-01,1899,5,12.913000000000002
1899-05-01,1899,5,15.262
1899-06-01,1899,6,17.92
1899-06-01,1899,6,15.653
1899-06-01,1899,6,14.442
1899-06-01,1899,6,16.878
1899-07-01,1899,7,21.607000000000003
1899-07-01,1899,7,19.636000000000006
1899-07-01,1899,7,18.458
1899-07-01,1899,7,20.926
1899-08-01,1899,8,19.011000000000006
1899-08-01,1899,8,16.17
1899-08-01,1899,8,15.474999999999998
1899-08-01,1899,8,19.439000000000004
1899-09-01,1899,9,16.474
1899-09-01,1899,9,14.338
1899-09-01,1899,9,13.494
1899-09-01,1899,9,17.819000000000003
1899-10-01,1899,10,8.699
1899-10-01,1899,10,7.054999999999999
1899-10-01,1899,10,7.154000000000001
1899-10-01,1899,10,11.447
1899-11-01,1899,11,3.634000000000002
1899-11-01,1899,11,2.823999999999999
1899-11-01,1899,11,3.800000000000002
1899-11-01,1899,11,7.484999999999999
1899-12-01,1899,12,-6.585000000000001
1899-12-01,1899,12,-8.321
1899-12-01,1899,12,-5.505999999999999
1899-12-01,1899,12,-0.9110000000000006
1900-01-01,1900,1,-3.615000000000001
1900-01-01,1900,1,-6.19
1900-01-01,1900,1,-3.536
1900-01-01,1900,1,1.1720000000000002
1900-02-01,1900,2,-1.2629999999999992
1900-02-01,1900,2,-3.938
1900-02-01,1900,2,-0.6670000000000008
1900-02-01,1900,2,2.491000000000001
1900-03-01,1900,3,0.0379999999999982
1900-03-01,1900,3,-2.412
1900-03-01,1900,3,-1.6740000000000006
1900-03-01,1900,3,1.5029999999999986
1900-04-01,1900,4,7.723999999999999
1900-04-01,1900,4,5.711000000000001
1900-04-01,1900,4,6.136000000000001
1900-04-01,1900,4,7.598000000000001
1900-05-01,1900,5,15.408
1900-05-01,1900,5,13.84
1900-05-01,1900,5,12.378
1900-05-01,1900,5,14.051
1900-06-01,1900,6,18.876
1900-06-01,1900,6,16.916
1900-06-01,1900,6,16.939999999999998
1900-06-01,1900,6,17.911
1900-07-01,1900,7,22.603
1900-07-01,1900,7,20.238
1900-07-01,1900,7,19.558000000000007
1900-07-01,1900,7,21.91
1900-08-01,1900,8,22.549
1900-08-01,1900,8,20.4
1900-08-01,1900,8,18.363
1900-08-01,1900,8,22.612
1900-09-01,1900,9,14.407999999999996
1900-09-01,1900,9,12.467000000000002
1900-09-01,1900,9,12.908
1900-09-01,1900,9,15.726000000000004
1900-10-01,1900,10,11.109999999999998
1900-10-01,1900,10,8.690999999999999
1900-10-01,1900,10,8.492999999999999
1900-10-01,1900,10,14.16
1900-11-01,1900,11,1.5530000000000004
1900-11-01,1900,11,-0.3860000000000004
1900-11-01,1900,11,3.5380000000000007
1900-11-01,1900,11,7.056000000000001
1900-12-01,1900,12,0.459
1900-12-01,1900,12,-1.261
1900-12-01,1900,12,-0.2289999999999992
1900-12-01,1900,12,5.323999999999999
1901-01-01,1901,1,-5.823
1901-01-01,1901,1,-6.957
1901-01-01,1901,1,-7.096
1901-01-01,1901,1,-1.4250000000000007
1901-02-01,1901,2,-2.853
1901-02-01,1901,2,-5.986999999999999
1901-02-01,1901,2,-6.032000000000001
1901-02-01,1901,2,0.6300000000000002
1901-03-01,1901,3,3.052999999999998
1901-03-01,1901,3,0.4459999999999987
1901-03-01,1901,3,1.5650000000000002
1901-03-01,1901,3,4.668
1901-04-01,1901,4,9.035
1901-04-01,1901,4,7.564999999999998
1901-04-01,1901,4,7.276999999999999
1901-04-01,1901,4,8.774
1901-05-01,1901,5,15.676
1901-05-01,1901,5,14.509
1901-05-01,1901,5,14.136999999999995
1901-05-01,1901,5,14.324
1901-06-01,1901,6,22.622
1901-06-01,1901,6,21.988
1901-06-01,1901,6,18.736000000000004
1901-06-01,1901,6,20.746
1901-07-01,1901,7,22.074
1901-07-01,1901,7,20.222000000000005
1901-07-01,1901,7,19.108999999999995
1901-07-01,1901,7,21.182
1901-08-01,1901,8,21.588000000000005
1901-08-01,1901,8,20.227000000000004
1901-08-01,1901,8,17.834000000000003
1901-08-01,1901,8,21.41
1901-09-01,1901,9,14.14
1901-09-01,1901,9,12.259000000000002
1901-09-01,1901,9,12.667000000000002
1901-09-01,1901,9,15.785
1901-10-01,1901,10,8.599
1901-10-01,1901,10,7.414
1901-10-01,1901,10,8.809000000000001
1901-10-01,1901,10,11.741
1901-11-01,1901,11,1.622999999999999
1901-11-01,1901,11,0.1400000000000013
1901-11-01,1901,11,1.3560000000000016
1901-11-01,1901,11,5.828999999999998
1901-12-01,1901,12,2.136
1901-12-01,1901,12,-0.838000000000001
1901-12-01,1901,12,0.0790000000000014
1901-12-01,1901,12,7.115000000000001
1902-01-01,1902,1,0.3210000000000019
1902-01-01,1902,1,-1.2760000000000007
1902-01-01,1902,1,-0.1499999999999997
1902-01-01,1902,1,4.197
1902-02-01,1902,2,-0.9270000000000008
1902-02-01,1902,2,-3.291
1902-02-01,1902,2,2.456
1902-03-01,1902,3,1.6360000000000003
1902-03-01,1902,3,0.1309999999999986
1902-03-01,1902,3,0.8319999999999992
1902-03-01,1902,3,2.9779999999999998
1902-04-01,1902,4,7.121
1902-04-01,1902,4,4.949000000000001
1902-04-01,1902,4,5.074000000000002
1902-04-01,1902,4,7.1370000000000005
1902-05-01,1902,5,13.763000000000002
1902-05-01,1902,5,12.598999999999998
1902-05-01,1902,5,10.19
1902-05-01,1902,5,12.332999999999998
1902-06-01,1902,6,19.65
1902-06-01,1902,6,18.297
1902-06-01,1902,6,16.133
1902-06-01,1902,6,18.236
1902-07-01,1902,7,19.613
1902-07-01,1902,7,17.544
1902-07-01,1902,7,16.470999999999997
1902-07-01,1902,7,18.982
1902-08-01,1902,8,20.719
1902-08-01,1902,8,17.493000000000002
1902-08-01,1902,8,16.473
1902-08-01,1902,8,21.107
1902-09-01,1902,9,14.088
1902-09-01,1902,9,11.915
1902-09-01,1902,9,12.105999999999998
1902-09-01,1902,9,15.766
1902-10-01,1902,10,7.310999999999997
1902-10-01,1902,10,4.754000000000001
1902-10-01,1902,10,6.117999999999999
1902-10-01,1902,10,11.059
1902-11-01,1902,11,-2.649
1902-11-01,1902,11,-3.864000000000001
1902-11-01,1902,11,-2.119999999999999
1902-11-01,1902,11,2.208999999999999
1902-12-01,1902,12,-6.88
1902-12-01,1902,12,-9.008
1902-12-01,1902,12,-7.487999999999999
1902-12-01,1902,12,-1.4750000000000003
1903-01-01,1903,1,-4.140000000000001
1903-01-01,1903,1,-5.328999999999999
1903-01-01,1903,1,-4.384
1903-01-01,1903,1,0.1899999999999993
1903-02-01,1903,2,0.115999999999998
1903-02-01,1903,2,-0.8170000000000006
1903-02-01,1903,2,0.1749999999999987
1903-02-01,1903,2,2.539
1903-03-01,1903,3,3.404999999999999
1903-03-01,1903,3,3.0799999999999983
1903-03-01,1903,3,4.610999999999999
1903-03-01,1903,3,4.276999999999999
1903-04-01,1903,4,9.925999999999998
1903-04-01,1903,4,9.028
1903-04-01,1903,4,6.639000000000001
1903-04-01,1903,4,9.025
1903-05-01,1903,5,15.692
1903-05-01,1903,5,14.681000000000004
1903-05-01,1903,5,13.437
1903-05-01,1903,5,14.174
1903-06-01,1903,6,20.288
1903-06-01,1903,6,19.673
1903-06-01,1903,6,16.628
1903-06-01,1903,6,18.315
1903-07-01,1903,7,21.711
1903-07-01,1903,7,20.362
1903-07-01,1903,7,18.000000000000004
1903-07-01,1903,7,20.355
1903-08-01,1903,8,20.862
1903-08-01,1903,8,18.414
1903-08-01,1903,8,16.521
1903-08-01,1903,8,20.787000000000003
1903-09-01,1903,9,16.138999999999996
1903-09-01,1903,9,14.53
1903-09-01,1903,9,14.194
1903-09-01,1903,9,17.064000000000004
1903-10-01,1903,10,9.396
1903-10-01,1903,10,5.889999999999998
1903-10-01,1903,10,7.384000000000002
1903-10-01,1903,10,12.714
1903-11-01,1903,11,4.012000000000001
1903-11-01,1903,11,2.357000000000001
1903-11-01,1903,11,3.043000000000001
1903-11-01,1903,11,8.306999999999997
1903-12-01,1903,12,-2.688
1903-12-01,1903,12,-4.921
1903-12-01,1903,12,-2.499000000000001
1903-12-01,1903,12,3.374
1904-01-01,1904,1,-6.765
1904-01-01,1904,1,-7.085
1904-01-01,1904,1,-5.752
1904-01-01,1904,1,-1.93
1904-02-01,1904,2,0.2720000000000016
1904-02-01,1904,2,-1.626
1904-02-01,1904,2,-0.6060000000000009
1904-02-01,1904,2,3.4360000000000017
1904-03-01,1904,3,-0.3640000000000004
1904-03-01,1904,3,-0.3949999999999992
1904-03-01,1904,3,1.0489999999999986
1904-04-01,1904,4,7.279999999999999
1904-04-01,1904,4,6.461000000000002
1904-04-01,1904,4,6.798000000000002
1904-04-01,1904,4,6.866000000000001
1904-05-01,1904,5,13.899
1904-05-01,1904,5,12.119
1904-05-01,1904,5,11.256999999999998
1904-05-01,1904,5,12.838
1904-06-01,1904,6,18.431
1904-06-01,1904,6,16.036
1904-06-01,1904,6,15.351
1904-06-01,1904,6,17.413
1904-07-01,1904,7,21.043
1904-07-01,1904,7,17.822
1904-07-01,1904,7,17.656
1904-07-01,1904,7,20.724000000000004
1904-08-01,1904,8,20.8
1904-08-01,1904,8,17.951000000000004
1904-08-01,1904,8,16.888999999999996
1904-08-01,1904,8,20.856
1904-09-01,1904,9,14.738
1904-09-01,1904,9,11.656999999999998
1904-09-01,1904,9,11.409
1904-09-01,1904,9,16.156000000000002
1904-10-01,1904,10,10.089000000000002
1904-10-01,1904,10,7.716000000000002
1904-10-01,1904,10,7.561000000000001
1904-10-01,1904,10,13.046
1904-11-01,1904,11,2.142999999999999
1904-11-01,1904,11,0.5069999999999987
1904-11-01,1904,11,0.5160000000000013
1904-11-01,1904,11,6.013
1904-12-01,1904,12,-0.2269999999999999
1904-12-01,1904,12,-1.986
1904-12-01,1904,12,-0.8869999999999992
1904-12-01,1904,12,4.305999999999999
1905-01-01,1905,1,-7.073
1905-01-01,1905,1,-8.516
1905-01-01,1905,1,-7.219999999999999
1905-01-01,1905,1,-2.412
1905-02-01,1905,2,-2.876
1905-02-01,1905,2,-4.075
1905-02-01,1905,2,-2.627
1905-02-01,1905,2,-0.2970000000000006
1905-03-01,1905,3,0.2729999999999993
1905-03-01,1905,3,-1.5030000000000006
1905-03-01,1905,3,1.3850000000000011
1905-03-01,1905,3,1.9349999999999985
1905-04-01,1905,4,7.779000000000001
1905-04-01,1905,4,6.036000000000001
1905-04-01,1905,4,5.401999999999998
1905-04-01,1905,4,7.474000000000002
1905-05-01,1905,5,16.214000000000002
1905-05-01,1905,5,15.845000000000002
1905-05-01,1905,5,14.04
1905-05-01,1905,5,14.341
1905-06-01,1905,6,20.017000000000003
1905-06-01,1905,6,19.702
1905-06-01,1905,6,18.531
1905-06-01,1905,6,18.281
1905-07-01,1905,7,22.294
1905-07-01,1905,7,19.637
1905-07-01,1905,7,18.620999999999995
1905-07-01,1905,7,21.658
1905-08-01,1905,8,22.692
1905-08-01,1905,8,19.872
1905-08-01,1905,8,18.479000000000003
1905-08-01,1905,8,22.727999999999994
1905-09-01,1905,9,16.689
1905-09-01,1905,9,14.166999999999998
1905-09-01,1905,9,13.711
1905-09-01,1905,9,17.947999999999997
1905-10-01,1905,10,10.234
1905-10-01,1905,10,7.025000000000002
1905-10-01,1905,10,4.830000000000002
1905-10-01,1905,10,12.984999999999998
1905-11-01,1905,11,6.065999999999999
1905-11-01,1905,11,3.269
1905-11-01,1905,11,3.9170000000000016
1905-11-01,1905,11,10.725
1905-12-01,1905,12,-1.819
1905-12-01,1905,12,-3.213
1905-12-01,1905,12,-2.151
1905-12-01,1905,12,3.054
1906-01-01,1906,1,-2.1479999999999992
1906-01-01,1906,1,-4.141000000000001
1906-01-01,1906,1,-3.565000000000001
1906-01-01,1906,1,1.861000000000001
1906-02-01,1906,2,-2.037999999999999
1906-02-01,1906,2,-4.63
1906-02-01,1906,2,-2.568999999999999
1906-02-01,1906,2,1.4789999999999992
1906-03-01,1906,3,4.837999999999998
1906-03-01,1906,3,2.075
1906-03-01,1906,3,1.6000000000000014
1906-03-01,1906,3,6.236000000000001
1906-04-01,1906,4,10.142999999999995
1906-04-01,1906,4,9.618
1906-04-01,1906,4,9.16
1906-04-01,1906,4,9.404
1906-05-01,1906,5,17.951999999999998
1906-05-01,1906,5,18.448
1906-05-01,1906,5,15.713
1906-05-01,1906,5,15.736999999999998
1906-06-01,1906,6,20.889
1906-06-01,1906,6,19.317
1906-06-01,1906,6,16.598
1906-06-01,1906,6,19.248
1906-07-01,1906,7,21.734
1906-07-01,1906,7,20.367
1906-07-01,1906,7,18.518000000000004
1906-07-01,1906,7,20.796
1906-08-01,1906,8,19.171000000000003
1906-08-01,1906,8,17.033
1906-08-01,1906,8,16.252
1906-08-01,1906,8,19.361000000000004
1906-09-01,1906,9,14.080999999999998
1906-09-01,1906,9,11.707
1906-09-01,1906,9,11.861999999999998
1906-09-01,1906,9,15.425
1906-10-01,1906,10,7.066000000000001
1906-10-01,1906,10,6.041999999999999
1906-10-01,1906,10,6.697
1906-10-01,1906,10,9.791000000000002
1906-11-01,1906,11,4.315999999999999
1906-11-01,1906,11,3.009000000000002
1906-11-01,1906,11,5.156
1906-11-01,1906,11,8.527
1906-12-01,1906,12,-0.4869999999999999
1906-12-01,1906,12,-3.2960000000000003
1906-12-01,1906,12,-4.561000000000001
1906-12-01,1906,12,4.583000000000001
1907-01-01,1907,1,-6.388999999999999
1907-01-01,1907,1,-8.508999999999999
1907-01-01,1907,1,-6.651000000000001
1907-01-01,1907,1,-2.017000000000001
1907-02-01,1907,2,-6.554
1907-02-01,1907,2,-8.121
1907-02-01,1907,2,-6.3690000000000015
1907-02-01,1907,2,-3.209
1907-03-01,1907,3,-0.8199999999999995
1907-03-01,1907,3,-2.28
1907-03-01,1907,3,-1.7950000000000008
1907-03-01,1907,3,0.0350000000000013
1907-04-01,1907,4,6.299
1907-04-01,1907,4,5.09
1907-04-01,1907,4,4.686000000000002
1907-04-01,1907,4,5.933999999999998
1907-05-01,1907,5,18.106
1907-05-01,1907,5,16.227999999999998
1907-05-01,1907,5,15.379
1907-05-01,1907,5,16.883
1907-06-01,1907,6,19.374
1907-06-01,1907,6,17.730999999999998
1907-06-01,1907,6,16.048999999999996
1907-06-01,1907,6,18.208
1907-07-01,1907,7,21.37
1907-07-01,1907,7,18.708
1907-07-01,1907,7,16.863
1907-07-01,1907,7,20.725000000000005
1907-08-01,1907,8,20.265
1907-08-01,1907,8,17.375
1907-08-01,1907,8,16.233
1907-08-01,1907,8,20.602
1907-09-01,1907,9,15.171
1907-09-01,1907,9,13.54
1907-09-01,1907,9,12.627
1907-09-01,1907,9,16.15
1907-10-01,1907,10,10.867
1907-10-01,1907,10,9.853
1907-10-01,1907,10,11.607999999999995
1907-10-01,1907,10,13.631
1907-11-01,1907,11,-0.6620000000000006
1907-11-01,1907,11,-2.5050000000000003
1907-11-01,1907,11,0.1080000000000009
1907-11-01,1907,11,4.343
1907-12-01,1907,12,-2.883999999999999
1907-12-01,1907,12,-6.519000000000001
1907-12-01,1907,12,-3.491
1907-12-01,1907,12,3.3459999999999983
1908-01-01,1908,1,-4.351000000000001
1908-01-01,1908,1,-5.678000000000001
1908-01-01,1908,1,-4.207000000000001
1908-01-01,1908,1,0.0880000000000001
1908-02-01,1908,2,-0.7520000000000001
1908-02-01,1908,2,-3.056000000000001
1908-02-01,1908,2,-1.871999999999999
1908-02-01,1908,2,2.2390000000000003
1908-03-01,1908,3,0.8929999999999991
1908-03-01,1908,3,-1.871999999999999
1908-03-01,1908,3,0.9779999999999984
1908-03-01,1908,3,2.649
1908-04-01,1908,4,7.352
1908-04-01,1908,4,5.711999999999999
1908-04-01,1908,4,5.782000000000001
1908-04-01,1908,4,7.137999999999999
1908-05-01,1908,5,15.931000000000004
1908-05-01,1908,5,14.046
1908-05-01,1908,5,14.123
1908-05-01,1908,5,14.999
1908-06-01,1908,6,19.198
1908-06-01,1908,6,17.591
1908-06-01,1908,6,16.905
1908-06-01,1908,6,17.958
1908-07-01,1908,7,21.209
1908-07-01,1908,7,19.712000000000003
1908-07-01,1908,7,17.971999999999998
1908-07-01,1908,7,20.189
1908-08-01,1908,8,20.024
1908-08-01,1908,8,17.686
1908-08-01,1908,8,15.86
1908-08-01,1908,8,20.256000000000004
1908-09-01,1908,9,14.855
1908-09-01,1908,9,13.066
1908-09-01,1908,9,11.779
1908-09-01,1908,9,16.034
1908-10-01,1908,10,7.159000000000002
1908-10-01,1908,10,5.885000000000002
1908-10-01,1908,10,10.260000000000002
1908-11-01,1908,11,-1.6690000000000005
1908-11-01,1908,11,-3.796
1908-11-01,1908,11,-2.241999999999999
1908-11-01,1908,11,3.1060000000000008
1908-12-01,1908,12,-5.2860000000000005
1908-12-01,1908,12,-7.471
1908-12-01,1908,12,-4.619
1908-12-01,1908,12,0.5640000000000001
1909-01-01,1909,1,-7.994999999999998
1909-01-01,1909,1,-9.439
1909-01-01,1909,1,-6.265000000000001
1909-01-01,1909,1,-2.971
1909-02-01,1909,2,-7.546999999999999
1909-02-01,1909,2,-9.387
1909-02-01,1909,2,-7.926999999999999
1909-02-01,1909,2,-3.917
1909-03-01,1909,3,-1.51
1909-03-01,1909,3,0.3479999999999982
1909-03-01,1909,3,2.716000000000002
1909-04-01,1909,4,7.213000000000002
1909-04-01,1909,4,5.169999999999998
1909-04-01,1909,4,5.752
1909-04-01,1909,4,7.258
1909-05-01,1909,5,15.064999999999998
1909-05-01,1909,5,12.549
1909-05-01,1909,5,11.114
1909-05-01,1909,5,13.939000000000002
1909-06-01,1909,6,18.625999999999998
1909-06-01,1909,6,17.588
1909-06-01,1909,6,16.157
1909-06-01,1909,6,17.289
1909-07-01,1909,7,22.109
1909-07-01,1909,7,19.462
1909-07-01,1909,7,17.383
1909-07-01,1909,7,21.411
1909-08-01,1909,8,21.887999999999995
1909-08-01,1909,8,19.492
1909-08-01,1909,8,18.031
1909-08-01,1909,8,22.044
1909-09-01,1909,9,19.638
1909-09-01,1909,9,17.639
1909-09-01,1909,9,15.267000000000005
1909-09-01,1909,9,20.547
1909-10-01,1909,10,12.043
1909-10-01,1909,10,10.085
1909-10-01,1909,10,10.252
1909-10-01,1909,10,14.669000000000002
1909-11-01,1909,11,4.033
1909-11-01,1909,11,1.2369999999999988
1909-11-01,1909,11,1.1349999999999996
1909-11-01,1909,11,8.326999999999998
1909-12-01,1909,12,0.4239999999999987
1909-12-01,1909,12,-1.3779999999999997
1909-12-01,1909,12,0.0270000000000002
1909-12-01,1909,12,5.660999999999999
1910-01-01,1910,1,-2.363999999999999
1910-01-01,1910,1,-3.95
1910-01-01,1910,1,-2.3100000000000005
1910-01-01,1910,1,1.9320000000000013
1910-02-01,1910,2,0.2910000000000007
1910-02-01,1910,2,-1.825
1910-02-01,1910,2,0.5820000000000015
1910-02-01,1910,2,3.592999999999998
1910-03-01,1910,3,2.0229999999999984
1910-03-01,1910,3,0.9149999999999991
1910-03-01,1910,3,1.9680000000000004
1910-03-01,1910,3,3.1119999999999988
1910-04-01,1910,4,9.642000000000005
1910-04-01,1910,4,8.793
1910-04-01,1910,4,8.988999999999999
1910-05-01,1910,5,16.047
1910-05-01,1910,5,15.836
1910-05-01,1910,5,14.472
1910-05-01,1910,5,14.232000000000005
1910-06-01,1910,6,19.891
1910-06-01,1910,6,19.422
1910-06-01,1910,6,18.198
1910-06-01,1910,6,18.376
1910-07-01,1910,7,21.448
1910-07-01,1910,7,20.016
1910-07-01,1910,7,20.514000000000003
1910-08-01,1910,8,19.711
1910-08-01,1910,8,17.423000000000002
1910-08-01,1910,8,16.439000000000004
1910-08-01,1910,8,20.148000000000003
1910-09-01,1910,9,15.668
1910-09-01,1910,9,13.339
1910-09-01,1910,9,12.719
1910-09-01,1910,9,17.124
1910-10-01,1910,10,7.487999999999999
1910-10-01,1910,10,5.081
1910-10-01,1910,10,6.385999999999999
1910-10-01,1910,10,10.54
1910-11-01,1910,11,5.062000000000001
1910-11-01,1910,11,2.0120000000000005
1910-11-01,1910,11,1.6610000000000014
1910-11-01,1910,11,9.320000000000002
1910-12-01,1910,12,-0.3700000000000002
1910-12-01,1910,12,-1.3820000000000003
1910-12-01,1910,12,0.0500000000000019
1910-12-01,1910,12,5.017
1911-01-01,1911,1,-5.702999999999999
1911-01-01,1911,1,-7.019
1911-01-01,1911,1,-3.416000000000001
1911-01-01,1911,1,-0.6859999999999999
1911-02-01,1911,2,-10.603
1911-02-01,1911,2,-11.586
1911-02-01,1911,2,-6.6530000000000005
1911-02-01,1911,2,-6.523
1911-03-01,1911,3,-0.3229999999999992
1911-03-01,1911,3,-1.3090000000000006
1911-03-01,1911,3,1.4539999999999982
1911-03-01,1911,3,0.8949999999999984
1911-04-01,1911,4,8.222
1911-04-01,1911,4,7.643999999999999
1911-04-01,1911,4,7.149000000000001
1911-04-01,1911,4,7.506000000000002
1911-05-01,1911,5,17.176000000000002
1911-05-01,1911,5,16.066
1911-05-01,1911,5,14.477
1911-05-01,1911,5,15.303999999999998
1911-06-01,1911,6,17.803
1911-06-01,1911,6,15.978
1911-06-01,1911,6,15.459
1911-06-01,1911,6,16.705000000000002
1911-07-01,1911,7,20.427000000000003
1911-07-01,1911,7,17.683
1911-07-01,1911,7,17.593999999999998
1911-07-01,1911,7,20.019
1911-08-01,1911,8,20.708
1911-08-01,1911,8,18.369
1911-08-01,1911,8,17.939
1911-08-01,1911,8,20.893
1911-09-01,1911,9,14.756
1911-09-01,1911,9,12.757
1911-09-01,1911,9,13.291
1911-09-01,1911,9,16.233
1911-10-01,1911,10,9.547999999999998
1911-10-01,1911,10,7.418999999999999
1911-10-01,1911,10,8.109000000000002
1911-10-01,1911,10,12.449999999999998
1911-11-01,1911,11,4.810999999999998
1911-11-01,1911,11,2.706999999999999
1911-11-01,1911,11,4.144000000000002
1911-11-01,1911,11,9.622000000000002
1911-12-01,1911,12,-2.754
1911-12-01,1911,12,-4.49
1911-12-01,1911,12,-1.311
1911-12-01,1911,12,3.042
1912-01-01,1912,1,-6.9830000000000005
1912-01-01,1912,1,-9.846
1912-01-01,1912,1,-8.759
1912-01-01,1912,1,-2.1890000000000005
1912-02-01,1912,2,-3.342
1912-02-01,1912,2,-7.037999999999999
1912-02-01,1912,2,-2.9360000000000004
1912-02-01,1912,2,0.7239999999999982
1912-03-01,1912,3,3.7240000000000015
1912-03-01,1912,3,2.259000000000001
1912-03-01,1912,3,4.034999999999999
1912-03-01,1912,3,5.089000000000002
1912-04-01,1912,4,7.034000000000001
1912-04-01,1912,4,5.565999999999999
1912-04-01,1912,4,4.957000000000002
1912-04-01,1912,4,6.697
1912-05-01,1912,5,12.574000000000002
1912-05-01,1912,5,11.348999999999998
1912-05-01,1912,5,11.24
1912-05-01,1912,5,11.602
1912-06-01,1912,6,19.381000000000004
1912-06-01,1912,6,18.822
1912-06-01,1912,6,17.698
1912-06-01,1912,6,17.882
1912-07-01,1912,7,19.242
1912-07-01,1912,7,17.55
1912-07-01,1912,7,17.868999999999996
1912-07-01,1912,7,18.663
1912-08-01,1912,8,19.402
1912-08-01,1912,8,17.805000000000003
1912-08-01,1912,8,16.409000000000002
1912-08-01,1912,8,19.393
1912-09-01,1912,9,14.51
1912-09-01,1912,9,11.938
1912-09-01,1912,9,9.615000000000002
1912-09-01,1912,9,15.792000000000002
1912-10-01,1912,10,4.649999999999999
1912-10-01,1912,10,2.4270000000000005
1912-10-01,1912,10,4.183000000000002
1912-10-01,1912,10,8.282000000000002
1912-11-01,1912,11,2.1159999999999988
1912-11-01,1912,11,0.1930000000000002
1912-11-01,1912,11,0.8609999999999987
1912-11-01,1912,11,7.044999999999998
1912-12-01,1912,12,0.885000000000002
1912-12-01,1912,12,-0.3900000000000009
1912-12-01,1912,12,0.5990000000000014
1912-12-01,1912,12,5.517
1913-01-01,1913,1,-4.005999999999999
1913-01-01,1913,1,-5.571
1913-01-01,1913,1,-5.079999999999999
1913-01-01,1913,1,0.3219999999999995
1913-02-01,1913,2,-3.9
1913-02-01,1913,2,-5.094
1913-02-01,1913,2,-2.8750000000000004
1913-02-01,1913,2,-1.0249999999999997
1913-03-01,1913,3,4.578
1913-03-01,1913,3,3.6870000000000007
1913-03-01,1913,3,4.276000000000002
1913-03-01,1913,3,5.443999999999999
1913-04-01,1913,4,10.598
1913-04-01,1913,4,10.426000000000002
1913-04-01,1913,4,8.275000000000002
1913-04-01,1913,4,9.384
1913-05-01,1913,5,13.782000000000002
1913-05-01,1913,5,12.534
1913-05-01,1913,5,11.941
1913-05-01,1913,5,12.517
1913-06-01,1913,6,17.456
1913-06-01,1913,6,15.81
1913-06-01,1913,6,14.771999999999998
1913-06-01,1913,6,16.343
1913-07-01,1913,7,19.861
1913-07-01,1913,7,18.493
1913-07-01,1913,7,16.194000000000003
1913-07-01,1913,7,18.903
1913-08-01,1913,8,20.718
1913-08-01,1913,8,19.28400000000001
1913-08-01,1913,8,16.418
1913-08-01,1913,8,20.586
1913-09-01,1913,9,16.436999999999998
1913-09-01,1913,9,14.151000000000002
1913-09-01,1913,9,13.377
1913-09-01,1913,9,17.719
1913-10-01,1913,10,8.411000000000001
1913-10-01,1913,10,6.600000000000001
1913-10-01,1913,10,7.581999999999998
1913-10-01,1913,10,11.417000000000002
1913-11-01,1913,11,4.651
1913-11-01,1913,11,3.626000000000001
1913-11-01,1913,11,4.261999999999999
1913-11-01,1913,11,8.509999999999998
1913-12-01,1913,12,1.048000000000001
1913-12-01,1913,12,-0.7010000000000005
1913-12-01,1913,12,0.364999999999998
1913-12-01,1913,12,5.540000000000001
1914-01-01,1914,1,-4.631999999999999
1914-01-01,1914,1,-5.909
1914-01-01,1914,1,-6.004000000000001
1914-01-01,1914,1,-0.5759999999999997
1914-02-01,1914,2,1.0829999999999984
1914-02-01,1914,2,0.2999999999999995
1914-02-01,1914,2,-0.1119999999999995
1914-02-01,1914,2,3.2180000000000004
1914-03-01,1914,3,5.142
1914-03-01,1914,3,3.4809999999999994
1914-03-01,1914,3,3.0269999999999992
1914-03-01,1914,3,6.092999999999999
1914-04-01,1914,4,9.237000000000002
1914-04-01,1914,4,7.872000000000002
1914-04-01,1914,4,8.504999999999999
1914-04-01,1914,4,8.927000000000001
1914-05-01,1914,5,15.487000000000002
1914-05-01,1914,5,15.432
1914-05-01,1914,5,13.201
1914-05-01,1914,5,13.752
1914-06-01,1914,6,19.521
1914-06-01,1914,6,18.398
1914-06-01,1914,6,16.232
1914-06-01,1914,6,18.071
1914-07-01,1914,7,21.995
1914-07-01,1914,7,20.871
1914-07-01,1914,7,19.206000000000003
1914-07-01,1914,7,20.987
1914-08-01,1914,8,19.194
1914-08-01,1914,8,16.748
1914-08-01,1914,8,16.494
1914-08-01,1914,8,19.77200000000001
1914-09-01,1914,9,13.142
1914-09-01,1914,9,11.251
1914-09-01,1914,9,11.311
1914-09-01,1914,9,14.576999999999998
1914-10-01,1914,10,7.401000000000001
1914-10-01,1914,10,5.117
1914-10-01,1914,10,6.047
1914-10-01,1914,10,10.345000000000002
1914-11-01,1914,11,-1.159000000000001
1914-11-01,1914,11,-2.3930000000000007
1914-11-01,1914,11,-0.6479999999999997
1914-11-01,1914,11,3.702000000000001
1914-12-01,1914,12,-0.8299999999999998
1914-12-01,1914,12,-1.9450000000000007
1914-12-01,1914,12,-0.0040000000000005
1914-12-01,1914,12,4.312000000000001
1915-01-01,1915,1,0.2990000000000019
1915-01-01,1915,1,-2.898
1915-01-01,1915,1,-2.667
1915-01-01,1915,1,5.308999999999998
1915-02-01,1915,2,-1.659
1915-02-01,1915,2,-3.684
1915-02-01,1915,2,-2.5650000000000004
1915-02-01,1915,2,1.761999999999999
1915-03-01,1915,3,0.5700000000000018
1915-03-01,1915,3,-2.938999999999999
1915-03-01,1915,3,-1.987999999999999
1915-03-01,1915,3,2.3989999999999987
1915-04-01,1915,4,9.197
1915-04-01,1915,4,7.918
1915-04-01,1915,4,7.467999999999999
1915-04-01,1915,4,8.687000000000001
1915-05-01,1915,5,14.026000000000002
1915-05-01,1915,5,13.656000000000002
1915-05-01,1915,5,13.293
1915-05-01,1915,5,12.529
1915-06-01,1915,6,19.203
1915-06-01,1915,6,17.863999999999994
1915-06-01,1915,6,17.498
1915-06-01,1915,6,18.019
1915-07-01,1915,7,22.35100000000001
1915-07-01,1915,7,20.539
1915-07-01,1915,7,18.588
1915-07-01,1915,7,21.516000000000005
1915-08-01,1915,8,18.820000000000004
1915-08-01,1915,8,16.825
1915-08-01,1915,8,15.925
1915-08-01,1915,8,19.121
1915-09-01,1915,9,14.088
1915-09-01,1915,9,12.43
1915-09-01,1915,9,11.36
1915-09-01,1915,9,15.271
1915-10-01,1915,10,7.749
1915-10-01,1915,10,5.5870000000000015
1915-10-01,1915,10,6.2330000000000005
1915-10-01,1915,10,11.141
1915-11-01,1915,11,3.1840000000000006
1915-11-01,1915,11,0.992999999999999
1915-11-01,1915,11,0.3849999999999988
1915-11-01,1915,11,7.401000000000001
1915-12-01,1915,12,0.7559999999999987
1915-12-01,1915,12,-2.451
1915-12-01,1915,12,0.035999999999999
1915-12-01,1915,12,6.449999999999999
1916-01-01,1916,1,-1.9539999999999995
1916-01-01,1916,1,-3.026
1916-01-01,1916,1,-1.034
1916-01-01,1916,1,2.412
1916-02-01,1916,2,-0.3140000000000004
1916-02-01,1916,2,-2.575000000000001
1916-02-01,1916,2,-2.1270000000000007
1916-02-01,1916,2,2.7999999999999994
1916-03-01,1916,3,3.4060000000000006
1916-03-01,1916,3,0.6579999999999981
1916-03-01,1916,3,2.5729999999999995
1916-03-01,1916,3,5.255999999999999
1916-04-01,1916,4,9.475
1916-04-01,1916,4,8.711
1916-04-01,1916,4,8.206000000000001
1916-04-01,1916,4,8.941
1916-05-01,1916,5,14.205000000000002
1916-05-01,1916,5,12.434
1916-05-01,1916,5,13.412
1916-06-01,1916,6,18.562000000000005
1916-06-01,1916,6,16.987
1916-06-01,1916,6,15.848999999999998
1916-06-01,1916,6,17.878999999999998
1916-07-01,1916,7,20.847000000000005
1916-07-01,1916,7,19.34
1916-07-01,1916,7,17.895
1916-07-01,1916,7,20.411
1916-08-01,1916,8,19.326
1916-08-01,1916,8,16.833
1916-08-01,1916,8,16.35
1916-08-01,1916,8,19.702
1916-09-01,1916,9,13.823
1916-09-01,1916,9,11.819
1916-09-01,1916,9,15.562
1916-10-01,1916,10,9.605
1916-10-01,1916,10,7.166999999999998
1916-10-01,1916,10,12.685
1916-11-01,1916,11,3.3500000000000005
1916-11-01,1916,11,1.595999999999999
1916-11-01,1916,11,3.553999999999999
1916-11-01,1916,11,8.484
1916-12-01,1916,12,-0.6659999999999991
1916-12-01,1916,12,-3.169
1916-12-01,1916,12,-0.459
1916-12-01,1916,12,5.3820000000000014
1917-01-01,1917,1,-3.435
1917-01-01,1917,1,-8.058
1917-01-01,1917,1,-5.8500000000000005
1917-01-01,1917,1,2.364999999999999
1917-02-01,1917,2,-8.879
1917-02-01,1917,2,-12.02
1917-02-01,1917,2,-8.533999999999999
1917-02-01,1917,2,-4.454
1917-03-01,1917,3,-0.6259999999999997
1917-03-01,1917,3,-4.215999999999999
1917-03-01,1917,3,-2.766
1917-03-01,1917,3,1.9159999999999997
1917-04-01,1917,4,9.643
1917-04-01,1917,4,8.201999999999998
1917-04-01,1917,4,6.178999999999999
1917-04-01,1917,4,9.188
1917-05-01,1917,5,13.205
1917-05-01,1917,5,11.973
1917-05-01,1917,5,12.662999999999998
1917-05-01,1917,5,12.051
1917-06-01,1917,6,19.645
1917-06-01,1917,6,19.654000000000003
1917-06-01,1917,6,18.681
1917-06-01,1917,6,18.089
1917-07-01,1917,7,20.308
1917-07-01,1917,7,18.518000000000004
1917-07-01,1917,7,17.596
1917-07-01,1917,7,19.912
1917-08-01,1917,8,21.601
1917-08-01,1917,8,19.645
1917-08-01,1917,8,18.892000000000003
1917-08-01,1917,8,21.739
1917-09-01,1917,9,15.336
1917-09-01,1917,9,13.557
1917-09-01,1917,9,14.007
1917-09-01,1917,9,16.838
1917-10-01,1917,10,10.074999999999998
1917-10-01,1917,10,8.322
1917-10-01,1917,10,9.016
1917-10-01,1917,10,13.325
1917-11-01,1917,11,6.341999999999999
1917-11-01,1917,11,4.429
1917-11-01,1917,11,4.493999999999999
1917-11-01,1917,11,10.387999999999998
1917-12-01,1917,12,-2.911
1917-12-01,1917,12,-4.664999999999999
1917-12-01,1917,12,-3.967999999999999
1917-12-01,1917,12,2.0760000000000014
1918-01-01,1918,1,-1.2440000000000002
1918-01-01,1918,1,-3.0460000000000007
1918-01-01,1918,1,-1.709
1918-01-01,1918,1,3.1790000000000003
1918-02-01,1918,2,-1.6420000000000003
1918-02-01,1918,2,-3.311000000000001
1918-02-01,1918,2,-2.401
1918-02-01,1918,2,1.080999999999999
1918-03-01,1918,3,1.5340000000000014
1918-03-01,1918,3,-0.3920000000000002
1918-03-01,1918,3,1.270000000000001
1918-03-01,1918,3,2.9160000000000017
1918-04-01,1918,4,9.466
1918-04-01,1918,4,9.88
1918-04-01,1918,4,11.484
1918-04-01,1918,4,8.481
1918-05-01,1918,5,13.475
1918-05-01,1918,5,11.419999999999998
1918-05-01,1918,5,12.376
1918-05-01,1918,5,12.706
1918-06-01,1918,6,18.332000000000004
1918-06-01,1918,6,16.817
1918-06-01,1918,6,14.523
1918-06-01,1918,6,16.881000000000004
1918-07-01,1918,7,20.844
1918-07-01,1918,7,18.859
1918-07-01,1918,7,17.786999999999995
1918-07-01,1918,7,20.167
1918-08-01,1918,8,19.789
1918-08-01,1918,8,17.231
1918-08-01,1918,8,16.695999999999998
1918-08-01,1918,8,20.166
1918-09-01,1918,9,18.136000000000003
1918-09-01,1918,9,15.225
1918-09-01,1918,9,14.566999999999998
1918-09-01,1918,9,19.448
1918-10-01,1918,10,13.85
1918-10-01,1918,10,11.457
1918-10-01,1918,10,9.887
1918-10-01,1918,10,16.654000000000003
1918-11-01,1918,11,2.3259999999999987
1918-11-01,1918,11,0.0280000000000018
1918-11-01,1918,11,1.1569999999999996
1918-11-01,1918,11,7.301000000000002
1918-12-01,1918,12,-0.3030000000000004
1918-12-01,1918,12,-3.385
1918-12-01,1918,12,-2.116000000000001
1918-12-01,1918,12,5.242999999999999
1919-01-01,1919,1,-2.234
1919-01-01,1919,1,-5.1690000000000005
1919-01-01,1919,1,-3.078000000000001
1919-01-01,1919,1,3.250000000000001
1919-02-01,1919,2,-3.3029999999999995
1919-02-01,1919,2,-5.980999999999999
1919-02-01,1919,2,-3.512
1919-02-01,1919,2,0.2219999999999997
1919-03-01,1919,3,1.5329999999999997
1919-03-01,1919,3,-1.3490000000000002
1919-03-01,1919,3,1.094999999999998
1919-03-01,1919,3,3.6879999999999984
1919-04-01,1919,4,10.335
1919-04-01,1919,4,9.006
1919-04-01,1919,4,7.321999999999999
1919-04-01,1919,4,10.006000000000002
1919-05-01,1919,5,12.112000000000002
1919-05-01,1919,5,10.728000000000002
1919-05-01,1919,5,9.436
1919-05-01,1919,5,10.891
1919-06-01,1919,6,17.994000000000003
1919-06-01,1919,6,16.753
1919-06-01,1919,6,15.392
1919-06-01,1919,6,16.529000000000003
1919-07-01,1919,7,21.023
1919-07-01,1919,7,19.328999999999997
1919-07-01,1919,7,16.77
1919-07-01,1919,7,20.029
1919-08-01,1919,8,19.215
1919-08-01,1919,8,16.601
1919-08-01,1919,8,15.833999999999996
1919-08-01,1919,8,19.384
1919-09-01,1919,9,17.714
1919-09-01,1919,9,16.397000000000002
1919-09-01,1919,9,15.640999999999998
1919-09-01,1919,9,18.957000000000004
1919-10-01,1919,10,9.898
1919-10-01,1919,10,6.827999999999999
1919-10-01,1919,10,6.590999999999998
1919-10-01,1919,10,13.281
1919-11-01,1919,11,1.651000000000001
1919-11-01,1919,11,-3.4369999999999994
1919-11-01,1919,11,-1.9280000000000008
1919-11-01,1919,11,7.371999999999998
1919-12-01,1919,12,-1.5630000000000008
1919-12-01,1919,12,-4.055
1919-12-01,1919,12,-2.784
1919-12-01,1919,12,4.004
1920-01-01,1920,1,-2.896000000000001
1920-01-01,1920,1,-5.191000000000001
1920-01-01,1920,1,-3.549000000000001
1920-01-01,1920,1,1.731
1920-02-01,1920,2,-6.015000000000001
1920-02-01,1920,2,-6.555
1920-02-01,1920,2,-2.5980000000000008
1920-02-01,1920,2,-2.589
1920-03-01,1920,3,3.3829999999999987
1920-03-01,1920,3,2.3470000000000013
1920-03-01,1920,3,3.623
1920-03-01,1920,3,4.495999999999999
1920-04-01,1920,4,11.89
1920-04-01,1920,4,11.924
1920-04-01,1920,4,12.388
1920-04-01,1920,4,11.023
1920-05-01,1920,5,17.466
1920-05-01,1920,5,16.875
1920-05-01,1920,5,14.979
1920-05-01,1920,5,15.804000000000002
1920-06-01,1920,6,19.051
1920-06-01,1920,6,16.384
1920-06-01,1920,6,14.505000000000004
1920-06-01,1920,6,18.182
1920-07-01,1920,7,23.416
1920-07-01,1920,7,22.093
1920-07-01,1920,7,20.154
1920-07-01,1920,7,22.380000000000003
1920-08-01,1920,8,22.541000000000004
1920-08-01,1920,8,20.501999999999995
1920-08-01,1920,8,17.668
1920-08-01,1920,8,22.323
1920-09-01,1920,9,15.393
1920-09-01,1920,9,13.978000000000002
1920-09-01,1920,9,13.467
1920-09-01,1920,9,16.446
1920-10-01,1920,10,3.580999999999999
1920-10-01,1920,10,1.7630000000000006
1920-10-01,1920,10,3.265999999999999
1920-10-01,1920,10,6.963
1920-11-01,1920,11,-2.9779999999999998
1920-11-01,1920,11,-2.9609999999999994
1920-11-01,1920,11,-0.9320000000000008
1920-11-01,1920,11,1.5410000000000008
1920-12-01,1920,12,-4.917
1920-12-01,1920,12,-6.5520000000000005
1920-12-01,1920,12,-3.547999999999999
1920-12-01,1920,12,1.094999999999998
1921-01-01,1921,1,-0.5190000000000003
1921-01-01,1921,1,-2.479999999999999
1921-01-01,1921,1,0.1459999999999992
1921-01-01,1921,1,4.010999999999999
1921-02-01,1921,2,-6.668000000000001
1921-02-01,1921,2,-7.570000000000001
1921-02-01,1921,2,-4.928999999999999
1921-02-01,1921,2,-3.1910000000000003
1921-03-01,1921,3,3.448999999999999
1921-03-01,1921,3,3.770000000000001
1921-03-01,1921,3,4.617000000000001
1921-03-01,1921,3,4.05
1921-04-01,1921,4,9.788999999999998
1921-04-01,1921,4,10.275
1921-04-01,1921,4,8.681
1921-04-01,1921,4,8.597999999999999
1921-05-01,1921,5,18.294
1921-05-01,1921,5,17.508
1921-05-01,1921,5,15.372000000000002
1921-05-01,1921,5,16.651
1921-06-01,1921,6,19.172999999999995
1921-06-01,1921,6,18.141
1921-06-01,1921,6,15.605
1921-06-01,1921,6,17.471999999999998
1921-07-01,1921,7,21.643000000000004
1921-07-01,1921,7,19.116
1921-07-01,1921,7,18.479000000000003
1921-07-01,1921,7,20.871
1921-08-01,1921,8,22.299
1921-08-01,1921,8,19.701
1921-08-01,1921,8,18.45
1921-08-01,1921,8,22.42900000000001
1921-09-01,1921,9,13.436
1921-09-01,1921,9,11.855
1921-09-01,1921,9,14.75
1921-10-01,1921,10,7.8359999999999985
1921-10-01,1921,10,6.761999999999999
1921-10-01,1921,10,7.774999999999999
1921-10-01,1921,10,10.439
1921-11-01,1921,11,0.2180000000000011
1921-11-01,1921,11,-2.9410000000000007
1921-11-01,1921,11,-1.340999999999999
1921-11-01,1921,11,5.52
1921-12-01,1921,12,-4.309999999999999
1921-12-01,1921,12,-6.472999999999999
1921-12-01,1921,12,-3.756
1921-12-01,1921,12,1.0500000000000005
1922-01-01,1922,1,-5.738
1922-01-01,1922,1,-8.149
1922-01-01,1922,1,-0.8919999999999995
1922-02-01,1922,2,-3.744
1922-02-01,1922,2,-5.991
1922-02-01,1922,2,-5.9270000000000005
1922-02-01,1922,2,-0.4180000000000008
1922-03-01,1922,3,4.254999999999999
1922-03-01,1922,3,1.1609999999999985
1922-03-01,1922,3,2.2390000000000003
1922-03-01,1922,3,6.085999999999999
1922-04-01,1922,4,8.424999999999999
1922-04-01,1922,4,6.904
1922-04-01,1922,4,6.399
1922-04-01,1922,4,8.167000000000002
1922-05-01,1922,5,15.990999999999998
1922-05-01,1922,5,14.888000000000002
1922-05-01,1922,5,13.125
1922-05-01,1922,5,14.576999999999998
1922-06-01,1922,6,19.333
1922-06-01,1922,6,17.625999999999998
1922-06-01,1922,6,16.166999999999998
1922-06-01,1922,6,18.303000000000004
1922-07-01,1922,7,23.239999999999995
1922-07-01,1922,7,20.966
1922-07-01,1922,7,18.266
1922-07-01,1922,7,22.471
1922-08-01,1922,8,20.622
1922-08-01,1922,8,18.487
1922-08-01,1922,8,16.832
1922-08-01,1922,8,20.692
1922-09-01,1922,9,14.576000000000002
1922-09-01,1922,9,11.675
1922-09-01,1922,9,11.199999999999998
1922-09-01,1922,9,16.374
1922-10-01,1922,10,6.892
1922-10-01,1922,10,3.9709999999999983
1922-10-01,1922,10,4.556999999999999
1922-10-01,1922,10,10.628999999999998
1922-11-01,1922,11,2.8729999999999998
1922-11-01,1922,11,1.4430000000000005
1922-11-01,1922,11,0.0980000000000005
1922-11-01,1922,11,6.797000000000001
1922-12-01,1922,12,-1.211
1922-12-01,1922,12,-2.479999999999999
1922-12-01,1922,12,-1.854
1922-12-01,1922,12,3.248999999999999
1923-01-01,1923,1,-1.814
1923-01-01,1923,1,-3.3770000000000007
1923-01-01,1923,1,-2.194000000000001
1923-01-01,1923,1,2.2780000000000005
1923-02-01,1923,2,-4.965
1923-02-01,1923,2,-8.719
1923-02-01,1923,2,-5.206999999999999
1923-02-01,1923,2,-0.985
1923-03-01,1923,3,2.9030000000000005
1923-03-01,1923,3,0.8439999999999989
1923-03-01,1923,3,2.269999999999999
1923-03-01,1923,3,4.249999999999999
1923-04-01,1923,4,7.608
1923-04-01,1923,4,5.645999999999998
1923-04-01,1923,4,5.675000000000002
1923-04-01,1923,4,7.484999999999999
1923-05-01,1923,5,18.204
1923-05-01,1923,5,16.753
1923-05-01,1923,5,14.631
1923-05-01,1923,5,16.662
1923-06-01,1923,6,18.952000000000005
1923-06-01,1923,6,13.463
1923-06-01,1923,6,17.878999999999998
1923-07-01,1923,7,21.519
1923-07-01,1923,7,18.785
1923-07-01,1923,7,17.917000000000005
1923-07-01,1923,7,21.042000000000005
1923-08-01,1923,8,19.068
1923-08-01,1923,8,16.517999999999997
1923-08-01,1923,8,15.688
1923-08-01,1923,8,19.439000000000004
1923-09-01,1923,9,17.948999999999998
1923-09-01,1923,9,15.699999999999998
1923-09-01,1923,9,14.010000000000002
1923-09-01,1923,9,18.856
1923-10-01,1923,10,11.945
1923-10-01,1923,10,9.735
1923-10-01,1923,10,10.198999999999998
1923-10-01,1923,10,14.887
1923-11-01,1923,11,8.636000000000003
1923-11-01,1923,11,5.657999999999998
1923-11-01,1923,11,5.001999999999999
1923-11-01,1923,11,13.419000000000002
1923-12-01,1923,12,-0.7649999999999993
1923-12-01,1923,12,-3.627
1923-12-01,1923,12,-2.644
1923-12-01,1923,12,5.206999999999999
1924-01-01,1924,1,-9.558
1924-01-01,1924,1,-12.002
1924-01-01,1924,1,-9.021999999999998
1924-01-01,1924,1,-4.260999999999999
1924-02-01,1924,2,-5.767
1924-02-01,1924,2,-8.178
1924-02-01,1924,2,-5.921000000000001
1924-02-01,1924,2,-1.7640000000000002
1924-03-01,1924,3,-0.9629999999999996
1924-03-01,1924,3,-3.4730000000000003
1924-03-01,1924,3,-1.2260000000000006
1924-03-01,1924,3,1.228
1924-04-01,1924,4,7.630000000000002
1924-04-01,1924,4,5.555999999999999
1924-04-01,1924,4,5.359
1924-04-01,1924,4,7.861
1924-05-01,1924,5,17.700000000000003
1924-05-01,1924,5,17.11
1924-05-01,1924,5,15.611000000000002
1924-05-01,1924,5,16.151
1924-06-01,1924,6,22.997
1924-06-01,1924,6,21.344
1924-06-01,1924,6,17.532999999999998
1924-06-01,1924,6,21.366
1924-07-01,1924,7,21.105999999999995
1924-07-01,1924,7,18.850000000000005
1924-07-01,1924,7,17.253
1924-07-01,1924,7,20.632000000000005
1924-08-01,1924,8,21.111
1924-08-01,1924,8,18.762000000000004
1924-08-01,1924,8,16.929999999999996
1924-08-01,1924,8,21.116
1924-09-01,1924,9,19.06
1924-09-01,1924,9,16.576999999999998
1924-09-01,1924,9,15.578
1924-09-01,1924,9,20.277
1924-10-01,1924,10,9.178
1924-10-01,1924,10,7.313000000000001
1924-10-01,1924,10,8.282000000000002
1924-10-01,1924,10,12.12
1924-11-01,1924,11,1.715000000000002
1924-11-01,1924,11,0.2869999999999982
1924-11-01,1924,11,0.7940000000000009
1924-11-01,1924,11,5.801
1924-12-01,1924,12,-4.085000000000001
1924-12-01,1924,12,-5.484000000000001
1924-12-01,1924,12,-2.6530000000000005
1924-12-01,1924,12,1.5639999999999985
1925-01-01,1925,1,-1.4729999999999994
1925-01-01,1925,1,-1.3389999999999995
1925-01-01,1925,1,-0.7159999999999991
1925-01-01,1925,1,2.2969999999999997
1925-02-01,1925,2,2.406000000000002
1925-02-01,1925,2,1.0380000000000007
1925-02-01,1925,2,2.149000000000001
1925-02-01,1925,2,5.401999999999998
1925-03-01,1925,3,4.026
1925-03-01,1925,3,1.9050000000000007
1925-03-01,1925,3,1.1680000000000017
1925-03-01,1925,3,5.223999999999999
1925-04-01,1925,4,9.193000000000003
1925-04-01,1925,4,8.756999999999998
1925-04-01,1925,4,8.168
1925-04-01,1925,4,8.629999999999999
1925-05-01,1925,5,15.981000000000002
1925-05-01,1925,5,16.309
1925-05-01,1925,5,15.146
1925-05-01,1925,5,14.473
1925-06-01,1925,6,17.047
1925-06-01,1925,6,15.797
1925-06-01,1925,6,14.151000000000002
1925-06-01,1925,6,15.859
1925-07-01,1925,7,21.593000000000004
1925-07-01,1925,7,20.207999999999995
1925-07-01,1925,7,18.465
1925-07-01,1925,7,20.831000000000003
1925-08-01,1925,8,20.192
1925-08-01,1925,8,18.413
1925-08-01,1925,8,16.781000000000002
1925-08-01,1925,8,20.331
1925-09-01,1925,9,15.150000000000002
1925-09-01,1925,9,12.81
1925-09-01,1925,9,11.99
1925-09-01,1925,9,16.529000000000003
1925-10-01,1925,10,8.804999999999998
1925-10-01,1925,10,6.282999999999998
1925-10-01,1925,10,7.115999999999998
1925-10-01,1925,10,11.776000000000002
1925-11-01,1925,11,5.213000000000001
1925-11-01,1925,11,2.061000000000001
1925-11-01,1925,11,2.5919999999999987
1925-11-01,1925,11,9.98
1925-12-01,1925,12,-2.643
1925-12-01,1925,12,-4.556000000000001
1925-12-01,1925,12,-3.4720000000000004
1925-12-01,1925,12,2.479000000000001
1926-01-01,1926,1,-4.166
1926-01-01,1926,1,-6.355999999999999
1926-01-01,1926,1,-4.1850000000000005
1926-01-01,1926,1,0.5219999999999992
1926-02-01,1926,2,-4.091
1926-02-01,1926,2,-5.4030000000000005
1926-02-01,1926,2,-1.3760000000000003
1926-02-01,1926,2,-0.177
1926-03-01,1926,3,-0.1659999999999999
1926-03-01,1926,3,-2.2189999999999994
1926-03-01,1926,3,-0.0420000000000008
1926-03-01,1926,3,1.590000000000001
1926-04-01,1926,4,9.536
1926-04-01,1926,4,8.223999999999998
1926-04-01,1926,4,8.899000000000001
1926-04-01,1926,4,9.261000000000005
1926-05-01,1926,5,15.766
1926-05-01,1926,5,15.113
1926-05-01,1926,5,13.302
1926-05-01,1926,5,14.337000000000002
1926-06-01,1926,6,19.348000000000003
1926-06-01,1926,6,18.212
1926-06-01,1926,6,16.191
1926-06-01,1926,6,18.245
1926-07-01,1926,7,22.205
1926-07-01,1926,7,20.497
1926-07-01,1926,7,18.727
1926-07-01,1926,7,21.051
1926-08-01,1926,8,18.44
1926-08-01,1926,8,16.09
1926-08-01,1926,8,15.096
1926-08-01,1926,8,18.648
1926-09-01,1926,9,14.165
1926-09-01,1926,9,12.687
1926-09-01,1926,9,13.098
1926-09-01,1926,9,15.451
1926-10-01,1926,10,9.622000000000002
1926-10-01,1926,10,7.139999999999999
1926-10-01,1926,10,7.342
1926-10-01,1926,10,12.715
1926-11-01,1926,11,6.787
1926-11-01,1926,11,5.757000000000001
1926-11-01,1926,11,7.872000000000002
1926-11-01,1926,11,11.303
1926-12-01,1926,12,-0.951
1926-12-01,1926,12,-3.3089999999999997
1926-12-01,1926,12,-2.6700000000000004
1926-12-01,1926,12,4.019999999999999
1927-01-01,1927,1,-5.117
1927-01-01,1927,1,-8.49
1927-01-01,1927,1,-4.523000000000001
1927-01-01,1927,1,0.6650000000000015
1927-02-01,1927,2,-6.215
1927-02-01,1927,2,-7.244
1927-02-01,1927,2,-4.802
1927-02-01,1927,2,-3.027999999999999
1927-03-01,1927,3,3.4310000000000014
1927-03-01,1927,3,1.5009999999999992
1927-03-01,1927,3,4.383000000000001
1927-03-01,1927,3,5.369999999999998
1927-04-01,1927,4,9.156999999999998
1927-04-01,1927,4,7.366999999999998
1927-04-01,1927,4,6.820000000000002
1927-04-01,1927,4,9.06
1927-05-01,1927,5,14.633
1927-05-01,1927,5,13.062
1927-05-01,1927,5,11.160999999999998
1927-05-01,1927,5,13.338
1927-06-01,1927,6,21.072
1927-06-01,1927,6,19.509
1927-06-01,1927,6,17.172
1927-06-01,1927,6,19.464
1927-07-01,1927,7,22.19
1927-07-01,1927,7,20.408
1927-07-01,1927,7,19.193
1927-07-01,1927,7,21.428000000000004
1927-08-01,1927,8,22.795
1927-08-01,1927,8,20.701
1927-08-01,1927,8,18.652
1927-08-01,1927,8,22.657
1927-09-01,1927,9,18.15
1927-09-01,1927,9,15.989999999999997
1927-09-01,1927,9,14.839
1927-09-01,1927,9,19.369
1927-10-01,1927,10,10.725
1927-10-01,1927,10,8.253000000000002
1927-10-01,1927,10,7.921000000000002
1927-10-01,1927,10,13.729
1927-11-01,1927,11,3.811
1927-11-01,1927,11,1.1539999999999988
1927-11-01,1927,11,1.9989999999999992
1927-11-01,1927,11,8.74
1927-12-01,1927,12,-7.587
1927-12-01,1927,12,-9.566
1927-12-01,1927,12,-7.379
1927-12-01,1927,12,-1.4700000000000004
1928-01-01,1928,1,-5.0440000000000005
1928-01-01,1928,1,-5.864
1928-01-01,1928,1,-3.583
1928-01-01,1928,1,-0.2410000000000008
1928-02-01,1928,2,-7.324999999999999
1928-02-01,1928,2,-8.702
1928-02-01,1928,2,-4.69
1928-02-01,1928,2,-3.647
1928-03-01,1928,3,-2.8690000000000007
1928-03-01,1928,3,-5.094
1928-03-01,1928,3,-1.6240000000000008
1928-03-01,1928,3,-1.0739999999999996
1928-04-01,1928,4,8.870000000000001
1928-04-01,1928,4,6.373000000000001
1928-04-01,1928,4,7.137999999999999
1928-04-01,1928,4,8.924
1928-05-01,1928,5,14.739999999999997
1928-05-01,1928,5,13.807
1928-05-01,1928,5,11.822
1928-05-01,1928,5,13.201
1928-06-01,1928,6,17.363
1928-06-01,1928,6,15.047999999999998
1928-06-01,1928,6,14.145
1928-06-01,1928,6,16.373000000000005
1928-07-01,1928,7,22.569000000000003
1928-07-01,1928,7,19.746
1928-07-01,1928,7,19.338000000000005
1928-07-01,1928,7,22.01
1928-08-01,1928,8,19.230000000000004
1928-08-01,1928,8,16.823999999999998
1928-08-01,1928,8,16.490000000000002
1928-08-01,1928,8,19.639
1928-09-01,1928,9,15.689000000000002
1928-09-01,1928,9,13.465
1928-09-01,1928,9,13.402000000000005
1928-09-01,1928,9,17.275
1928-10-01,1928,10,7.903000000000001
1928-10-01,1928,10,6.234000000000002
1928-10-01,1928,10,7.457999999999998
1928-10-01,1928,10,11.063
1928-11-01,1928,11,5.542
1928-11-01,1928,11,4.207999999999998
1928-11-01,1928,11,5.456
1928-11-01,1928,11,10.19
1928-12-01,1928,12,-1.034
1928-12-01,1928,12,-3.18
1928-12-01,1928,12,-3.712999999999999
1928-12-01,1928,12,3.995999999999999
1929-01-01,1929,1,-5.913
1929-01-01,1929,1,-8.767999999999999
1929-01-01,1929,1,-8.728
1929-01-01,1929,1,-1.0780000000000003
1929-02-01,1929,2,-13.836
1929-02-01,1929,2,-16.191000000000006
1929-02-01,1929,2,-13.793
1929-02-01,1929,2,-9.509
1929-03-01,1929,3,-3.928
1929-03-01,1929,3,-5.094
1929-03-01,1929,3,-3.3720000000000008
1929-03-01,1929,3,-2.174
1929-04-01,1929,4,4.146000000000001
1929-04-01,1929,4,2.059999999999999
1929-04-01,1929,4,2.5320000000000005
1929-04-01,1929,4,4.488000000000001
1929-05-01,1929,5,17.319
1929-05-01,1929,5,16.707
1929-05-01,1929,5,15.271
1929-05-01,1929,5,15.919000000000002
1929-06-01,1929,6,18.686
1929-06-01,1929,6,16.116
1929-06-01,1929,6,17.837000000000003
1929-07-01,1929,7,21.369000000000003
1929-07-01,1929,7,19.553000000000004
1929-07-01,1929,7,17.752
1929-07-01,1929,7,20.384
1929-08-01,1929,8,24.859
1929-08-01,1929,8,22.543
1929-08-01,1929,8,19.177000000000003
1929-08-01,1929,8,24.672
1929-09-01,1929,9,14.014
1929-09-01,1929,9,12.141
1929-09-01,1929,9,15.467
1929-10-01,1929,10,12.332
1929-10-01,1929,10,10.307
1929-10-01,1929,10,14.586
1929-11-01,1929,11,4.920999999999999
1929-11-01,1929,11,3.131000000000002
1929-11-01,1929,11,4.5150000000000015
1929-11-01,1929,11,9.713
1929-12-01,1929,12,-1.528999999999999
1929-12-01,1929,12,-2.697000000000001
1929-12-01,1929,12,-0.0160000000000002
1929-12-01,1929,12,4.012999999999999
1930-01-01,1930,1,-2.007
1930-01-01,1930,1,-3.0250000000000004
1930-01-01,1930,1,-2.019
1930-01-01,1930,1,2.5209999999999986
1930-02-01,1930,2,-2.6069999999999998
1930-02-01,1930,2,-4.916
1930-02-01,1930,2,-2.9290000000000007
1930-02-01,1930,2,0.625
1930-03-01,1930,3,4.190999999999999
1930-03-01,1930,3,2.407
1930-03-01,1930,3,2.7990000000000017
1930-03-01,1930,3,5.355000000000001
1930-04-01,1930,4,9.683999999999996
1930-04-01,1930,4,9.174
1930-04-01,1930,4,8.726
1930-04-01,1930,4,9.18
1930-05-01,1930,5,15.462999999999996
1930-05-01,1930,5,14.746
1930-05-01,1930,5,12.913000000000002
1930-05-01,1930,5,14.019999999999998
1930-06-01,1930,6,17.911
1930-06-01,1930,6,16.789
1930-06-01,1930,6,17.703999999999997
1930-06-01,1930,6,16.679
1930-07-01,1930,7,21.27
1930-07-01,1930,7,18.928000000000004
1930-07-01,1930,7,17.68
1930-07-01,1930,7,20.754999999999995
1930-08-01,1930,8,21.511000000000006
1930-08-01,1930,8,19.589
1930-08-01,1930,8,17.131
1930-08-01,1930,8,21.345
1930-09-01,1930,9,15.614
1930-09-01,1930,9,12.99
1930-09-01,1930,9,13.44
1930-09-01,1930,9,17.332
1930-10-01,1930,10,10.327
1930-10-01,1930,10,8.437
1930-10-01,1930,10,8.536000000000001
1930-10-01,1930,10,13.121999999999998
1930-11-01,1930,11,5.594000000000001
1930-11-01,1930,11,3.5489999999999986
1930-11-01,1930,11,4.554000000000001
1930-11-01,1930,11,9.874000000000002
1930-12-01,1930,12,-2.976
1930-12-01,1930,12,-6.14
1930-12-01,1930,12,-3.496
1930-12-01,1930,12,3.2319999999999998
1931-01-01,1931,1,-4.819999999999999
1931-01-01,1931,1,-7.506999999999999
1931-01-01,1931,1,-3.795
1931-01-01,1931,1,0.6210000000000014
1931-02-01,1931,2,-6.694999999999999
1931-02-01,1931,2,-10.188
1931-02-01,1931,2,-5.009
1931-02-01,1931,2,-1.9850000000000003
1931-03-01,1931,3,0.1259999999999984
1931-03-01,1931,3,-2.484
1931-03-01,1931,3,-1.9209999999999996
1931-03-01,1931,3,1.9370000000000016
1931-04-01,1931,4,5.601000000000001
1931-04-01,1931,4,4.454999999999999
1931-04-01,1931,4,4.874000000000001
1931-04-01,1931,4,5.525
1931-05-01,1931,5,17.200000000000003
1931-05-01,1931,5,16.855
1931-05-01,1931,5,16.404
1931-05-01,1931,5,15.51
1931-06-01,1931,6,20.425
1931-06-01,1931,6,18.181
1931-06-01,1931,6,16.868999999999996
1931-06-01,1931,6,19.326
1931-07-01,1931,7,24.097
1931-07-01,1931,7,22.055
1931-07-01,1931,7,19.465000000000003
1931-07-01,1931,7,22.994000000000003
1931-08-01,1931,8,20.299000000000003
1931-08-01,1931,8,18.504
1931-08-01,1931,8,17.174000000000003
1931-08-01,1931,8,20.61
1931-09-01,1931,9,14.375
1931-09-01,1931,9,12.109
1931-09-01,1931,9,10.676
1931-09-01,1931,9,15.872000000000002
1931-10-01,1931,10,8.381
1931-10-01,1931,10,6.399
1931-10-01,1931,10,6.345
1931-10-01,1931,10,11.331
1931-11-01,1931,11,1.011999999999998
1931-11-01,1931,11,-0.4879999999999995
1931-11-01,1931,11,1.1439999999999984
1931-11-01,1931,11,5.467999999999999
1931-12-01,1931,12,-4.019000000000001
1931-12-01,1931,12,-4.555000000000001
1931-12-01,1931,12,-2.362
1931-12-01,1931,12,0.6160000000000012
1932-01-01,1932,1,-2.3959999999999995
1932-01-01,1932,1,-2.761999999999999
1932-01-01,1932,1,-2.611
1932-01-01,1932,1,1.1480000000000008
1932-02-01,1932,2,-9.685
1932-02-01,1932,2,-11.098
1932-02-01,1932,2,-8.81
1932-02-01,1932,2,-6.196999999999999
1932-03-01,1932,3,-3.3479999999999994
1932-03-01,1932,3,-5.300999999999998
1932-03-01,1932,3,-3.916
1932-03-01,1932,3,-1.2789999999999997
1932-04-01,1932,4,8.345
1932-04-01,1932,4,6.815999999999999
1932-04-01,1932,4,6.98
1932-04-01,1932,4,8.315
1932-05-01,1932,5,15.859
1932-05-01,1932,5,16.471999999999998
1932-05-01,1932,5,15.255000000000004
1932-05-01,1932,5,14.171
1932-06-01,1932,6,19.244000000000003
1932-06-01,1932,6,18.265
1932-06-01,1932,6,15.585
1932-06-01,1932,6,17.746
1932-07-01,1932,7,21.669
1932-07-01,1932,7,20.902
1932-07-01,1932,7,20.684
1932-07-01,1932,7,20.915000000000003
1932-08-01,1932,8,21.036
1932-08-01,1932,8,19.523000000000003
1932-08-01,1932,8,18.695
1932-08-01,1932,8,21.071
1932-09-01,1932,9,18.185
1932-09-01,1932,9,16.272000000000002
1932-09-01,1932,9,16.148999999999997
1932-09-01,1932,9,19.255000000000003
1932-10-01,1932,10,12.161
1932-10-01,1932,10,9.232000000000005
1932-10-01,1932,10,9.518999999999998
1932-10-01,1932,10,15.901000000000002
1932-11-01,1932,11,3.179999999999998
1932-11-01,1932,11,1.676000000000002
1932-11-01,1932,11,2.503000000000001
1932-11-01,1932,11,7.540000000000002
1932-12-01,1932,12,-0.0430000000000004
1932-12-01,1932,12,-0.5520000000000004
1932-12-01,1932,12,-0.0270000000000002
1932-12-01,1932,12,4.888999999999999
1933-01-01,1933,1,-9.795
1933-01-01,1933,1,-8.263
1933-01-01,1933,1,-2.072000000000001
1933-02-01,1933,2,-3.858000000000001
1933-02-01,1933,2,-5.829
1933-02-01,1933,2,-3.1290000000000004
1933-02-01,1933,2,-0.3009999999999991
1933-03-01,1933,3,0.3840000000000011
1933-03-01,1933,3,-1.377
1933-03-01,1933,3,1.2800000000000011
1933-03-01,1933,3,2.002
1933-04-01,1933,4,5.838999999999999
1933-04-01,1933,4,4.48
1933-04-01,1933,4,3.8120000000000016
1933-04-01,1933,4,5.791
1933-05-01,1933,5,13.555
1933-05-01,1933,5,12.791
1933-05-01,1933,5,11.523
1933-05-01,1933,5,12.317
1933-06-01,1933,6,16.625
1933-06-01,1933,6,15.376
1933-06-01,1933,6,14.552
1933-06-01,1933,6,15.551
1933-07-01,1933,7,20.65
1933-07-01,1933,7,19.809
1933-07-01,1933,7,19.673
1933-08-01,1933,8,19.263
1933-08-01,1933,8,16.965
1933-08-01,1933,8,16.374
1933-08-01,1933,8,19.616000000000003
1933-09-01,1933,9,13.646000000000004
1933-09-01,1933,9,12.119
1933-09-01,1933,9,11.945
1933-09-01,1933,9,14.855
1933-10-01,1933,10,9.832999999999998
1933-10-01,1933,10,7.706000000000001
1933-10-01,1933,10,8.043000000000001
1933-10-01,1933,10,12.713
1933-11-01,1933,11,4.012999999999999
1933-11-01,1933,11,1.2850000000000013
1933-11-01,1933,11,1.897
1933-11-01,1933,11,9.078
1933-12-01,1933,12,-7.451
1933-12-01,1933,12,-10.083
1933-12-01,1933,12,-7.764
1933-12-01,1933,12,-1.8429999999999995
1934-01-01,1934,1,-4.807
1934-01-01,1934,1,-6.77
1934-01-01,1934,1,-4.386
1934-01-01,1934,1,-0.1329999999999999
1934-02-01,1934,2,-3.0630000000000006
1934-02-01,1934,2,-3.948
1934-02-01,1934,2,-1.9869999999999997
1934-02-01,1934,2,-0.8840000000000003
1934-03-01,1934,3,4.382
1934-03-01,1934,3,2.766
1934-03-01,1934,3,4.38
1934-03-01,1934,3,5.611000000000001
1934-04-01,1934,4,10.448
1934-04-01,1934,4,10.125999999999998
1934-04-01,1934,4,10.601999999999997
1934-04-01,1934,4,9.737000000000002
1934-05-01,1934,5,17.888
1934-05-01,1934,5,16.876
1934-05-01,1934,5,15.252999999999998
1934-05-01,1934,5,16.185999999999996
1934-06-01,1934,6,19.332
1934-06-01,1934,6,17.575
1934-06-01,1934,6,16.287
1934-06-01,1934,6,17.959
1934-07-01,1934,7,21.728
1934-07-01,1934,7,19.874
1934-07-01,1934,7,17.942999999999998
1934-07-01,1934,7,20.987
1934-08-01,1934,8,21.414
1934-08-01,1934,8,19.435
1934-08-01,1934,8,18.471
1934-08-01,1934,8,21.28
1934-09-01,1934,9,16.724000000000004
1934-09-01,1934,9,15.265
1934-09-01,1934,9,15.239
1934-09-01,1934,9,17.767000000000003
1934-10-01,1934,10,10.835
1934-10-01,1934,10,9.503000000000002
1934-10-01,1934,10,9.555
1934-10-01,1934,10,13.590000000000002
1934-11-01,1934,11,4.849999999999998
1934-11-01,1934,11,3.735
1934-11-01,1934,11,5.218000000000001
1934-11-01,1934,11,9.439999999999998
1934-12-01,1934,12,-4.935999999999999
1934-12-01,1934,12,-7.013999999999999
1934-12-01,1934,12,-1.77
1934-12-01,1934,12,1.5310000000000004
1935-01-01,1935,1,-8.425999999999998
1935-01-01,1935,1,-9.924
1935-01-01,1935,1,-7.442000000000001
1935-01-01,1935,1,-3.1060000000000008
1935-02-01,1935,2,-2.778999999999999
1935-02-01,1935,2,-3.798
1935-02-01,1935,2,-2.677
1935-02-01,1935,2,0.0409999999999991
1935-03-01,1935,3,0.8870000000000012
1935-03-01,1935,3,-0.9830000000000004
1935-03-01,1935,3,0.1720000000000018
1935-03-01,1935,3,1.9259999999999995
1935-04-01,1935,4,9.045
1935-04-01,1935,4,7.8359999999999985
1935-04-01,1935,4,7.344999999999999
1935-04-01,1935,4,8.613
1935-05-01,1935,5,14.511
1935-05-01,1935,5,12.837
1935-05-01,1935,5,11.378000000000002
1935-05-01,1935,5,13.215
1935-06-01,1935,6,20.577
1935-06-01,1935,6,19.035000000000004
1935-06-01,1935,6,18.25
1935-06-01,1935,6,19.222
1935-07-01,1935,7,20.559000000000005
1935-07-01,1935,7,17.647000000000002
1935-07-01,1935,7,16.644000000000002
1935-07-01,1935,7,19.983
1935-08-01,1935,8,21.027999999999995
1935-08-01,1935,8,18.374
1935-08-01,1935,8,17.488
1935-08-01,1935,8,21.219
1935-09-01,1935,9,16.163
1935-09-01,1935,9,14.224000000000002
1935-09-01,1935,9,13.883000000000004
1935-09-01,1935,9,17.429
1935-10-01,1935,10,13.205
1935-10-01,1935,10,11.792
1935-10-01,1935,10,10.738999999999995
1935-10-01,1935,10,15.582
1935-11-01,1935,11,0.328999999999999
1935-11-01,1935,11,-1.1739999999999997
1935-11-01,1935,11,1.549000000000002
1935-11-01,1935,11,5.482000000000002
1935-12-01,1935,12,1.1779999999999982
1935-12-01,1935,12,-1.4260000000000004
1935-12-01,1935,12,-0.4049999999999996
1935-12-01,1935,12,6.388999999999999
1936-01-01,1936,1,1.4480000000000004
1936-01-01,1936,1,-0.376
1936-01-01,1936,1,1.048000000000001
1936-01-01,1936,1,5.979
1936-02-01,1936,2,-3.104999999999999
1936-02-01,1936,2,-6.314000000000001
1936-02-01,1936,2,-4.418
1936-02-01,1936,2,0.7849999999999981
1936-03-01,1936,3,4.248
1936-03-01,1936,3,2.7819999999999983
1936-03-01,1936,3,4.317999999999999
1936-03-01,1936,3,5.571
1936-04-01,1936,4,9.038
1936-04-01,1936,4,7.591999999999999
1936-04-01,1936,4,7.508999999999999
1936-04-01,1936,4,8.972
1936-05-01,1936,5,16.098
1936-05-01,1936,5,15.512
1936-05-01,1936,5,15.399
1936-05-01,1936,5,14.419000000000002
1936-06-01,1936,6,19.869000000000003
1936-06-01,1936,6,19.227
1936-06-01,1936,6,16.968
1936-06-01,1936,6,18.137999999999995
1936-07-01,1936,7,25.751
1936-07-01,1936,7,24.418
1936-07-01,1936,7,21.678
1936-07-01,1936,7,24.42
1936-08-01,1936,8,21.278
1936-08-01,1936,8,18.883
1936-08-01,1936,8,16.698999999999998
1936-08-01,1936,8,21.439
1936-09-01,1936,9,14.615999999999998
1936-09-01,1936,9,12.234
1936-09-01,1936,9,15.916999999999998
1936-10-01,1936,10,7.9060000000000015
1936-10-01,1936,10,4.978
1936-10-01,1936,10,4.805000000000001
1936-10-01,1936,10,11.101
1936-11-01,1936,11,4.1320000000000014
1936-11-01,1936,11,2.0719999999999987
1936-11-01,1936,11,2.9520000000000004
1936-11-01,1936,11,8.580000000000002
1936-12-01,1936,12,-1.1870000000000007
1936-12-01,1936,12,-1.726
1936-12-01,1936,12,-0.7180000000000004
1936-12-01,1936,12,3.5890000000000004
1937-01-01,1937,1,-7.379
1937-01-01,1937,1,-9.429
1937-01-01,1937,1,-8.354
1937-01-01,1937,1,-2.3490000000000006
1937-02-01,1937,2,-3.6519999999999992
1937-02-01,1937,2,-4.808999999999999
1937-02-01,1937,2,-2.3189999999999995
1937-02-01,1937,2,0.0030000000000009
1937-03-01,1937,3,4.432999999999999
1937-03-01,1937,3,2.0959999999999983
1937-03-01,1937,3,3.2419999999999995
1937-03-01,1937,3,6.324999999999999
1937-04-01,1937,4,8.770999999999999
1937-04-01,1937,4,7.991000000000001
1937-04-01,1937,4,7.593999999999998
1937-04-01,1937,4,8.293
1937-05-01,1937,5,17.769
1937-05-01,1937,5,16.621
1937-05-01,1937,5,16.996
1937-05-01,1937,5,16.35
1937-06-01,1937,6,19.857
1937-06-01,1937,6,18.731
1937-06-01,1937,6,18.208
1937-06-01,1937,6,18.361000000000004
1937-07-01,1937,7,23.084
1937-07-01,1937,7,20.129000000000005
1937-07-01,1937,7,18.447
1937-07-01,1937,7,22.358
1937-08-01,1937,8,21.552
1937-08-01,1937,8,19.582999999999995
1937-08-01,1937,8,18.374
1937-08-01,1937,8,21.439
1937-09-01,1937,9,19.282
1937-09-01,1937,9,17.378
1937-09-01,1937,9,15.869
1937-09-01,1937,9,20.247
1937-10-01,1937,10,9.19
1937-10-01,1937,10,7.296000000000002
1937-10-01,1937,10,8.154
1937-10-01,1937,10,12.17
1937-11-01,1937,11,4.505000000000001
1937-11-01,1937,11,2.530000000000001
1937-11-01,1937,11,2.886000000000001
1937-11-01,1937,11,8.912
1937-12-01,1937,12,1.8880000000000008
1937-12-01,1937,12,-1.742
1937-12-01,1937,12,-2.1319999999999992
1937-12-01,1937,12,6.859000000000002
1938-01-01,1938,1,-4.194999999999999
1938-01-01,1938,1,-6.215
1938-01-01,1938,1,-4.315999999999999
1938-01-01,1938,1,0.2119999999999993
1938-02-01,1938,2,-2.0089999999999995
1938-02-01,1938,2,-3.967999999999999
1938-02-01,1938,2,-2.1579999999999995
1938-02-01,1938,2,0.8210000000000011
1938-03-01,1938,3,3.7149999999999994
1938-03-01,1938,3,2.767999999999999
1938-03-01,1938,3,4.695
1938-03-01,1938,3,4.607
1938-04-01,1938,4,8.382000000000001
1938-04-01,1938,4,6.883999999999999
1938-04-01,1938,4,5.206999999999999
1938-04-01,1938,4,8.013
1938-05-01,1938,5,15.140000000000002
1938-05-01,1938,5,14.126
1938-05-01,1938,5,12.349999999999998
1938-05-01,1938,5,13.711
1938-06-01,1938,6,20.235
1938-06-01,1938,6,18.507
1938-06-01,1938,6,17.616
1938-06-01,1938,6,18.897
1938-07-01,1938,7,25.381
1938-07-01,1938,7,23.403
1938-07-01,1938,7,19.753000000000004
1938-07-01,1938,7,24.179
1938-08-01,1938,8,23.698000000000004
1938-08-01,1938,8,22.146
1938-08-01,1938,8,19.197
1938-08-01,1938,8,23.364
1938-09-01,1938,9,17.053
1938-09-01,1938,9,15.975
1938-09-01,1938,9,13.941999999999998
1938-09-01,1938,9,17.9
1938-10-01,1938,10,11.677
1938-10-01,1938,10,9.998
1938-10-01,1938,10,9.309
1938-10-01,1938,10,14.155
1938-11-01,1938,11,5.747
1938-11-01,1938,11,4.798999999999999
1938-11-01,1938,11,4.881000000000001
1938-11-01,1938,11,9.586999999999998
1938-12-01,1938,12,-4.507000000000001
1938-12-01,1938,12,-7.026999999999999
1938-12-01,1938,12,-4.745
1938-12-01,1938,12,1.7399999999999989
1939-01-01,1939,1,-0.8589999999999994
1939-01-01,1939,1,-3.458
1939-01-01,1939,1,-1.1079999999999994
1939-01-01,1939,1,3.831000000000001
1939-02-01,1939,2,-0.1219999999999998
1939-02-01,1939,2,-1.1550000000000002
1939-02-01,1939,2,0.4550000000000014
1939-02-01,1939,2,2.4520000000000013
1939-03-01,1939,3,0.8659999999999989
1939-03-01,1939,3,-0.7159999999999991
1939-03-01,1939,3,0.0899999999999994
1939-03-01,1939,3,2.225999999999999
1939-04-01,1939,4,10.025999999999998
1939-04-01,1939,4,8.723
1939-04-01,1939,4,9.936
1939-04-01,1939,4,9.549
1939-05-01,1939,5,16.385
1939-05-01,1939,5,15.398
1939-05-01,1939,5,13.236000000000002
1939-05-01,1939,5,14.887
1939-06-01,1939,6,21.037000000000003
1939-06-01,1939,6,19.357000000000003
1939-06-01,1939,6,18.343
1939-06-01,1939,6,19.504999999999995
1939-07-01,1939,7,23.503000000000004
1939-07-01,1939,7,21.659
1939-07-01,1939,7,20.116
1939-07-01,1939,7,22.602
1939-08-01,1939,8,22.331000000000003
1939-08-01,1939,8,21.27
1939-08-01,1939,8,19.952
1939-08-01,1939,8,21.82
1939-09-01,1939,9,15.692
1939-09-01,1939,9,13.893999999999998
1939-09-01,1939,9,13.746000000000002
1939-09-01,1939,9,16.773
1939-10-01,1939,10,7.701999999999998
1939-10-01,1939,10,4.935999999999999
1939-10-01,1939,10,5.991
1939-10-01,1939,10,11.486
1939-11-01,1939,11,2.994999999999999
1939-11-01,1939,11,1.9050000000000007
1939-11-01,1939,11,3.179999999999998
1939-11-01,1939,11,7.148
1939-12-01,1939,12,-1.1490000000000005
1939-12-01,1939,12,-3.5689999999999995
1939-12-01,1939,12,-3.452
1939-12-01,1939,12,3.9610000000000016
1940-01-01,1940,1,-8.379
1940-01-01,1940,1,-11.834
1940-01-01,1940,1,-12.289
1940-01-01,1940,1,-3.38
1940-02-01,1940,2,-4.6690000000000005
1940-02-01,1940,2,-9.0
1940-02-01,1940,2,-10.946
1940-02-01,1940,2,-0.8050000000000009
1940-03-01,1940,3,-1.034
1940-03-01,1940,3,-3.761000000000001
1940-03-01,1940,3,-2.588
1940-03-01,1940,3,0.743999999999999
1940-04-01,1940,4,7.434000000000001
1940-04-01,1940,4,5.733999999999998
1940-04-01,1940,4,6.754999999999999
1940-04-01,1940,4,7.213000000000002
1940-05-01,1940,5,13.875
1940-05-01,1940,5,14.051
1940-05-01,1940,5,12.694
1940-05-01,1940,5,11.971
1940-06-01,1940,6,18.269000000000005
1940-06-01,1940,6,17.733999999999998
1940-06-01,1940,6,18.265
1940-07-01,1940,7,21.83
1940-07-01,1940,7,19.784
1940-07-01,1940,7,18.23
1940-07-01,1940,7,21.246
1940-08-01,1940,8,20.219
1940-08-01,1940,8,18.482000000000003
1940-08-01,1940,8,15.701999999999998
1940-08-01,1940,8,20.022
1940-09-01,1940,9,15.564
1940-09-01,1940,9,13.931999999999997
1940-09-01,1940,9,13.013999999999998
1940-09-01,1940,9,16.686999999999998
1940-10-01,1940,10,7.754
1940-10-01,1940,10,4.859999999999999
1940-10-01,1940,10,6.0630000000000015
1940-10-01,1940,10,11.515
1940-11-01,1940,11,6.509
1940-11-01,1940,11,4.786999999999999
1940-11-01,1940,11,5.054999999999998
1940-11-01,1940,11,10.705
1940-12-01,1940,12,-4.382999999999999
1940-12-01,1940,12,-5.774
1940-12-01,1940,12,-5.956
1940-12-01,1940,12,0.5500000000000012
1941-01-01,1941,1,-6.304
1941-01-01,1941,1,-10.265
1941-01-01,1941,1,-9.68
1941-01-01,1941,1,-0.9000000000000006
1941-02-01,1941,2,-0.7429999999999993
1941-02-01,1941,2,-3.5729999999999995
1941-02-01,1941,2,-2.5629999999999997
1941-02-01,1941,2,2.8600000000000017
1941-03-01,1941,3,0.5509999999999988
1941-03-01,1941,3,-2.182000000000001
1941-03-01,1941,3,0.2620000000000012
1941-03-01,1941,3,2.407
1941-04-01,1941,4,10.112
1941-04-01,1941,4,7.440000000000001
1941-04-01,1941,4,5.467000000000001
1941-04-01,1941,4,9.869999999999996
1941-05-01,1941,5,13.947
1941-05-01,1941,5,11.373
1941-05-01,1941,5,10.6
1941-05-01,1941,5,13.143
1941-06-01,1941,6,18.128
1941-06-01,1941,6,15.916
1941-06-01,1941,6,16.046000000000003
1941-06-01,1941,6,17.224
1941-07-01,1941,7,21.983
1941-07-01,1941,7,20.986
1941-07-01,1941,7,18.65900000000001
1941-07-01,1941,7,20.778
1941-08-01,1941,8,20.25
1941-08-01,1941,8,18.365
1941-08-01,1941,8,16.697
1941-08-01,1941,8,20.271
1941-09-01,1941,9,13.316
1941-09-01,1941,9,11.369
1941-09-01,1941,9,10.45
1941-09-01,1941,9,14.398000000000003
1941-10-01,1941,10,7.308999999999999
1941-10-01,1941,10,4.617000000000001
1941-10-01,1941,10,5.262000000000001
1941-10-01,1941,10,10.345999999999998
1941-11-01,1941,11,-1.8900000000000008
1941-11-01,1941,11,-3.601999999999999
1941-11-01,1941,11,-1.9230000000000007
1941-11-01,1941,11,2.9030000000000005
1941-12-01,1941,12,-3.859000000000001
1941-12-01,1941,12,-5.952999999999999
1941-12-01,1941,12,-2.324
1941-12-01,1941,12,1.236000000000001
1942-01-01,1942,1,-12.568
1942-01-01,1942,1,-15.808
1942-01-01,1942,1,-13.389
1942-01-01,1942,1,-6.937999999999999
1942-02-01,1942,2,-5.341
1942-02-01,1942,2,-8.538000000000002
1942-02-01,1942,2,-7.327000000000002
1942-02-01,1942,2,-1.4980000000000002
1942-03-01,1942,3,-3.701
1942-03-01,1942,3,-7.529
1942-03-01,1942,3,-4.353
1942-03-01,1942,3,-1.3820000000000003
1942-04-01,1942,4,5.9990000000000006
1942-04-01,1942,4,4.233
1942-04-01,1942,4,5.609000000000002
1942-04-01,1942,4,6.058999999999999
1942-05-01,1942,5,15.351
1942-05-01,1942,5,13.564
1942-05-01,1942,5,12.794000000000002
1942-05-01,1942,5,14.246999999999998
1942-06-01,1942,6,18.848
1942-06-01,1942,6,16.001
1942-06-01,1942,6,15.413000000000002
1942-06-01,1942,6,18.317
1942-07-01,1942,7,21.15900000000001
1942-07-01,1942,7,19.133000000000003
1942-07-01,1942,7,17.878000000000004
1942-07-01,1942,7,20.47600000000001
1942-08-01,1942,8,20.695000000000004
1942-08-01,1942,8,19.194
1942-08-01,1942,8,19.099000000000004
1942-08-01,1942,8,20.79
1942-09-01,1942,9,16.536999999999995
1942-09-01,1942,9,14.717
1942-09-01,1942,9,15.814999999999998
1942-09-01,1942,9,17.766000000000002
1942-10-01,1942,10,9.615000000000002
1942-10-01,1942,10,7.992999999999999
1942-10-01,1942,10,9.101
1942-10-01,1942,10,12.625
1942-11-01,1942,11,0.603
1942-11-01,1942,11,-1.8049999999999995
1942-11-01,1942,11,0.3679999999999989
1942-11-01,1942,11,5.550000000000001
1942-12-01,1942,12,-2.2220000000000004
1942-12-01,1942,12,-4.152000000000001
1942-12-01,1942,12,-0.5489999999999995
1942-12-01,1942,12,2.833000000000001
1943-01-01,1943,1,-6.698
1943-01-01,1943,1,-10.054
1943-01-01,1943,1,-8.112000000000002
1943-01-01,1943,1,-1.6379999999999997
1943-02-01,1943,2,-3.4490000000000007
1943-02-01,1943,2,-4.024000000000001
1943-02-01,1943,2,-0.2559999999999994
1943-02-01,1943,2,-0.4690000000000004
1943-03-01,1943,3,0.9659999999999987
1943-03-01,1943,3,0.010999999999998
1943-03-01,1943,3,2.5729999999999995
1943-03-01,1943,3,1.8020000000000005
1943-04-01,1943,4,10.067
1943-04-01,1943,4,9.239
1943-04-01,1943,4,8.912999999999998
1943-04-01,1943,4,9.122000000000002
1943-05-01,1943,5,14.764
1943-05-01,1943,5,13.187000000000005
1943-05-01,1943,5,11.627999999999998
1943-05-01,1943,5,13.362000000000002
1943-06-01,1943,6,19.250999999999998
1943-06-01,1943,6,17.887
1943-06-01,1943,6,15.906999999999998
1943-06-01,1943,6,17.689999999999998
1943-07-01,1943,7,20.445
1943-07-01,1943,7,18.481
1943-07-01,1943,7,17.232000000000003
1943-07-01,1943,7,19.649
1943-08-01,1943,8,21.938
1943-08-01,1943,8,19.646
1943-08-01,1943,8,19.512
1943-08-01,1943,8,21.809000000000005
1943-09-01,1943,9,16.387999999999998
1943-09-01,1943,9,13.964
1943-09-01,1943,9,14.611
1943-09-01,1943,9,17.634
1943-10-01,1943,10,10.459
1943-10-01,1943,10,8.309999999999999
1943-10-01,1943,10,9.014
1943-10-01,1943,10,13.416
1943-11-01,1943,11,4.615999999999999
1943-11-01,1943,11,2.0340000000000007
1943-11-01,1943,11,2.6259999999999986
1943-11-01,1943,11,9.436
1943-12-01,1943,12,-1.3590000000000009
1943-12-01,1943,12,-2.982999999999999
1943-12-01,1943,12,-1.841
1943-12-01,1943,12,3.868999999999999
1944-01-01,1944,1,-2.601999999999999
1944-01-01,1944,1,-3.0049999999999994
1944-01-01,1944,1,-1.0710000000000006
1944-01-01,1944,1,1.0609999999999984
1944-02-01,1944,2,-0.3740000000000008
1944-02-01,1944,2,-2.2809999999999997
1944-02-01,1944,2,-2.545
1944-02-01,1944,2,2.474999999999999
1944-03-01,1944,3,2.2180000000000017
1944-03-01,1944,3,0.423000000000001
1944-03-01,1944,3,-0.2800000000000007
1944-03-01,1944,3,3.3829999999999987
1944-04-01,1944,4,7.825000000000001
1944-04-01,1944,4,6.04
1944-04-01,1944,4,6.336999999999999
1944-04-01,1944,4,7.440000000000001
1944-05-01,1944,5,13.76
1944-05-01,1944,5,13.427
1944-05-01,1944,5,12.405
1944-05-01,1944,5,12.218000000000002
1944-06-01,1944,6,19.285
1944-06-01,1944,6,17.53
1944-06-01,1944,6,16.432
1944-06-01,1944,6,17.976999999999997
1944-07-01,1944,7,21.66
1944-07-01,1944,7,19.953999999999997
1944-07-01,1944,7,19.048
1944-07-01,1944,7,20.658
1944-08-01,1944,8,20.328
1944-08-01,1944,8,19.16
1944-08-01,1944,8,20.247
1944-09-01,1944,9,17.039
1944-09-01,1944,9,15.217
1944-09-01,1944,9,13.457
1944-09-01,1944,9,17.893000000000004
1944-10-01,1944,10,11.189
1944-10-01,1944,10,8.838000000000001
1944-10-01,1944,10,9.455
1944-10-01,1944,10,14.198
1944-11-01,1944,11,5.335000000000001
1944-11-01,1944,11,2.945000000000001
1944-11-01,1944,11,2.639
1944-11-01,1944,11,9.581
1944-12-01,1944,12,-2.7750000000000004
1944-12-01,1944,12,-4.443
1944-12-01,1944,12,-2.986
1944-12-01,1944,12,2.637999999999998
1945-01-01,1945,1,-4.935999999999999
1945-01-01,1945,1,-7.526000000000001
1945-01-01,1945,1,-6.636
1945-01-01,1945,1,-0.0569999999999994
1945-02-01,1945,2,-5.193999999999999
1945-02-01,1945,2,-6.812000000000001
1945-02-01,1945,2,-2.103
1945-02-01,1945,2,-1.637
1945-03-01,1945,3,0.5019999999999984
1945-03-01,1945,3,-1.1679999999999997
1945-03-01,1945,3,1.448999999999998
1945-03-01,1945,3,1.9930000000000008
1945-04-01,1945,4,7.301000000000002
1945-04-01,1945,4,6.483000000000001
1945-04-01,1945,4,7.1320000000000014
1945-04-01,1945,4,6.942000000000002
1945-05-01,1945,5,14.268999999999998
1945-05-01,1945,5,12.47
1945-05-01,1945,5,12.799
1945-05-01,1945,5,13.560999999999998
1945-06-01,1945,6,19.102
1945-06-01,1945,6,17.197
1945-06-01,1945,6,15.832
1945-06-01,1945,6,17.804000000000002
1945-07-01,1945,7,21.324
1945-07-01,1945,7,19.191999999999997
1945-07-01,1945,7,18.153
1945-07-01,1945,7,20.672
1945-08-01,1945,8,20.903
1945-08-01,1945,8,18.877
1945-08-01,1945,8,17.757
1945-08-01,1945,8,21.151
1945-09-01,1945,9,16.154
1945-09-01,1945,9,13.943
1945-09-01,1945,9,13.375000000000002
1945-09-01,1945,9,17.551000000000002
1945-10-01,1945,10,8.121999999999998
1945-10-01,1945,10,6.15
1945-10-01,1945,10,7.122000000000002
1945-10-01,1945,10,10.991
1945-11-01,1945,11,1.909
1945-11-01,1945,11,0.4529999999999982
1945-11-01,1945,11,2.1390000000000007
1945-11-01,1945,11,6.761999999999999
1945-12-01,1945,12,-3.6430000000000007
1945-12-01,1945,12,-5.768000000000001
1945-12-01,1945,12,-2.6650000000000005
1945-12-01,1945,12,1.9669999999999987
1946-01-01,1946,1,-4.894000000000001
1946-01-01,1946,1,-5.935999999999999
1946-01-01,1946,1,-5.321
1946-01-01,1946,1,-0.7199999999999996
1946-02-01,1946,2,-1.9049999999999991
1946-02-01,1946,2,-4.035000000000001
1946-02-01,1946,2,-2.767999999999999
1946-02-01,1946,2,1.1709999999999985
1946-03-01,1946,3,1.983000000000001
1946-03-01,1946,3,-0.2009999999999993
1946-03-01,1946,3,1.858
1946-03-01,1946,3,3.2890000000000006
1946-04-01,1946,4,9.93
1946-04-01,1946,4,9.241
1946-04-01,1946,4,9.637999999999998
1946-04-01,1946,4,9.094
1946-05-01,1946,5,17.767999999999997
1946-05-01,1946,5,16.098
1946-05-01,1946,5,15.277000000000005
1946-05-01,1946,5,16.142
1946-06-01,1946,6,22.543
1946-06-01,1946,6,21.436
1946-06-01,1946,6,18.15
1946-06-01,1946,6,20.587000000000003
1946-07-01,1946,7,22.45
1946-07-01,1946,7,20.384
1946-07-01,1946,7,19.503
1946-07-01,1946,7,21.968
1946-08-01,1946,8,24.029000000000003
1946-08-01,1946,8,22.203
1946-08-01,1946,8,19.585
1946-08-01,1946,8,23.711
1946-09-01,1946,9,17.758
1946-09-01,1946,9,14.989
1946-09-01,1946,9,15.069
1946-09-01,1946,9,19.260000000000005
1946-10-01,1946,10,5.147999999999999
1946-10-01,1946,10,3.009000000000002
1946-10-01,1946,10,3.757
1946-10-01,1946,10,8.41
1946-11-01,1946,11,2.3880000000000003
1946-11-01,1946,11,-0.6489999999999994
1946-11-01,1946,11,1.297000000000001
1946-11-01,1946,11,7.447000000000001
1946-12-01,1946,12,-4.711
1946-12-01,1946,12,-6.033
1946-12-01,1946,12,-4.846
1946-12-01,1946,12,0.9920000000000012
1947-01-01,1947,1,-10.546
1947-01-01,1947,1,-10.578
1947-01-01,1947,1,-9.261000000000005
1947-01-01,1947,1,-5.702999999999999
1947-02-01,1947,2,-4.172999999999998
1947-02-01,1947,2,-7.922000000000001
1947-02-01,1947,2,-9.006
1947-02-01,1947,2,-0.4449999999999991
1947-03-01,1947,3,3.543000000000001
1947-03-01,1947,3,0.1550000000000019
1947-03-01,1947,3,1.1399999999999997
1947-03-01,1947,3,5.6690000000000005
1947-04-01,1947,4,10.46
1947-04-01,1947,4,9.028
1947-04-01,1947,4,8.915
1947-04-01,1947,4,10.402
1947-05-01,1947,5,15.631999999999998
1947-05-01,1947,5,14.339000000000002
1947-05-01,1947,5,14.369999999999996
1947-05-01,1947,5,14.563
1947-06-01,1947,6,21.085
1947-06-01,1947,6,19.724000000000004
1947-06-01,1947,6,18.135
1947-06-01,1947,6,19.519000000000005
1947-07-01,1947,7,23.071
1947-07-01,1947,7,21.133
1947-07-01,1947,7,19.596000000000004
1947-07-01,1947,7,22.160999999999994
1947-08-01,1947,8,20.297
1947-08-01,1947,8,18.371
1947-08-01,1947,8,16.930999999999997
1947-08-01,1947,8,20.286999999999995
1947-09-01,1947,9,15.926
1947-09-01,1947,9,14.427999999999995
1947-09-01,1947,9,15.511000000000005
1947-09-01,1947,9,17.226
1947-10-01,1947,10,5.603
1947-10-01,1947,10,4.068999999999999
1947-10-01,1947,10,4.954000000000001
1947-10-01,1947,10,8.697000000000001
1947-11-01,1947,11,3.5589999999999997
1947-11-01,1947,11,1.4179999999999993
1947-11-01,1947,11,2.786999999999998
1947-11-01,1947,11,8.046
1947-12-01,1947,12,1.1489999999999985
1947-12-01,1947,12,-0.6190000000000002
1947-12-01,1947,12,-0.4219999999999994
1947-12-01,1947,12,6.199000000000001
1948-01-01,1948,1,1.1709999999999985
1948-01-01,1948,1,-1.853
1948-01-01,1948,1,-0.0870000000000005
1948-01-01,1948,1,6.031999999999999
1948-02-01,1948,2,-3.136
1948-02-01,1948,2,-5.536
1948-02-01,1948,2,-4.039
1948-02-01,1948,2,-0.1760000000000003
1948-03-01,1948,3,-0.5190000000000003
1948-03-01,1948,3,-1.4939999999999998
1948-03-01,1948,3,1.2199999999999989
1948-03-01,1948,3,0.8480000000000013
1948-04-01,1948,4,9.683999999999996
1948-04-01,1948,4,9.427
1948-04-01,1948,4,10.506999999999998
1948-04-01,1948,4,8.838000000000001
1948-05-01,1948,5,17.311999999999998
1948-05-01,1948,5,16.73
1948-05-01,1948,5,15.098999999999998
1948-05-01,1948,5,15.296
1948-06-01,1948,6,20.629
1948-06-01,1948,6,20.182
1948-06-01,1948,6,16.895
1948-06-01,1948,6,18.609
1948-07-01,1948,7,20.59
1948-07-01,1948,7,18.677000000000003
1948-07-01,1948,7,17.378
1948-07-01,1948,7,19.776
1948-08-01,1948,8,21.648
1948-08-01,1948,8,19.347
1948-08-01,1948,8,18.305
1948-08-01,1948,8,21.695
1948-09-01,1948,9,14.955999999999998
1948-09-01,1948,9,13.098
1948-09-01,1948,9,13.895
1948-09-01,1948,9,16.409000000000002
1948-10-01,1948,10,9.431
1948-10-01,1948,10,7.740000000000001
1948-10-01,1948,10,8.078
1948-10-01,1948,10,12.309
1948-11-01,1948,11,1.7610000000000012
1948-11-01,1948,11,0.3319999999999999
1948-11-01,1948,11,1.4290000000000012
1948-11-01,1948,11,6.107000000000002
1948-12-01,1948,12,-6.031
1948-12-01,1948,12,-5.665
1948-12-01,1948,12,-4.180000000000001
1948-12-01,1948,12,-1.2559999999999998
1949-01-01,1949,1,-1.5499999999999996
1949-01-01,1949,1,-2.448000000000001
1949-01-01,1949,1,-1.5339999999999994
1949-01-01,1949,1,2.4980000000000007
1949-02-01,1949,2,-3.5699999999999994
1949-02-01,1949,2,-4.223000000000001
1949-02-01,1949,2,-2.031999999999999
1949-02-01,1949,2,-0.4879999999999995
1949-03-01,1949,3,1.145
1949-03-01,1949,3,-0.7919999999999996
1949-03-01,1949,3,-1.0870000000000009
1949-03-01,1949,3,2.146
1949-04-01,1949,4,7.545000000000002
1949-04-01,1949,4,7.041
1949-04-01,1949,4,8.458000000000002
1949-04-01,1949,4,6.897
1949-05-01,1949,5,17.293999999999997
1949-05-01,1949,5,15.44
1949-05-01,1949,5,16.060000000000002
1949-06-01,1949,6,17.916000000000004
1949-06-01,1949,6,16.929
1949-06-01,1949,6,15.005000000000004
1949-06-01,1949,6,16.432
1949-07-01,1949,7,21.153
1949-07-01,1949,7,19.219
1949-07-01,1949,7,17.773
1949-07-01,1949,7,20.173
1949-08-01,1949,8,20.017000000000003
1949-08-01,1949,8,17.946
1949-08-01,1949,8,16.988999999999997
1949-08-01,1949,8,19.844
1949-09-01,1949,9,15.634
1949-09-01,1949,9,14.316
1949-09-01,1949,9,14.397
1949-09-01,1949,9,16.478
1949-10-01,1949,10,7.551
1949-10-01,1949,10,6.480999999999998
1949-10-01,1949,10,8.147
1949-10-01,1949,10,10.717
1949-11-01,1949,11,6.114000000000001
1949-11-01,1949,11,4.187
1949-11-01,1949,11,4.830000000000002
1949-11-01,1949,11,10.597
1949-12-01,1949,12,1.551000000000001
1949-12-01,1949,12,-0.3750000000000004
1949-12-01,1949,12,1.246000000000001
1949-12-01,1949,12,6.673000000000001
1950-01-01,1950,1,-11.449
1950-01-01,1950,1,-13.912999999999998
1950-01-01,1950,1,-9.67
1950-01-01,1950,1,-5.853999999999999
1950-02-01,1950,2,-1.3909999999999991
1950-02-01,1950,2,-2.225
1950-02-01,1950,2,-0.7340000000000005
1950-02-01,1950,2,1.3199999999999987
1950-03-01,1950,3,2.4880000000000004
1950-03-01,1950,3,1.1970000000000012
1950-03-01,1950,3,2.513999999999999
1950-03-01,1950,3,3.3589999999999995
1950-04-01,1950,4,13.206
1950-04-01,1950,4,12.434
1950-04-01,1950,4,10.674
1950-04-01,1950,4,12.214
1950-05-01,1950,5,17.344
1950-05-01,1950,5,15.268999999999998
1950-05-01,1950,5,15.1
1950-05-01,1950,5,16.038
1950-06-01,1950,6,18.964
1950-06-01,1950,6,16.762
1950-06-01,1950,6,16.727999999999998
1950-06-01,1950,6,17.997
1950-07-01,1950,7,21.391
1950-07-01,1950,7,18.402
1950-07-01,1950,7,18.634
1950-07-01,1950,7,21.173
1950-08-01,1950,8,19.671
1950-08-01,1950,8,16.937
1950-08-01,1950,8,17.667
1950-08-01,1950,8,20.105
1950-09-01,1950,9,17.287
1950-09-01,1950,9,14.641
1950-09-01,1950,9,13.909999999999998
1950-09-01,1950,9,18.729
1950-10-01,1950,10,8.189
1950-10-01,1950,10,6.439000000000002
1950-10-01,1950,10,6.687
1950-10-01,1950,10,11.146000000000004
1950-11-01,1950,11,4.154000000000002
1950-11-01,1950,11,2.276999999999999
1950-11-01,1950,11,3.457
1950-11-01,1950,11,8.713000000000001
1950-12-01,1950,12,1.5730000000000013
1950-12-01,1950,12,-1.4449999999999994
1950-12-01,1950,12,0.3300000000000007
1950-12-01,1950,12,7.418999999999999
1951-01-01,1951,1,-4.005999999999999
1951-01-01,1951,1,-6.204000000000001
1951-01-01,1951,1,-3.124000000000001
1951-01-01,1951,1,1.5310000000000004
1951-02-01,1951,2,-3.863
1951-02-01,1951,2,-7.512
1951-02-01,1951,2,-1.787
1951-02-01,1951,2,0.5230000000000009
1951-03-01,1951,3,2.796999999999999
1951-03-01,1951,3,0.3790000000000009
1951-03-01,1951,3,1.9860000000000015
1951-03-01,1951,3,4.654000000000001
1951-04-01,1951,4,12.193
1951-04-01,1951,4,10.611
1951-04-01,1951,4,9.165
1951-04-01,1951,4,11.128
1951-05-01,1951,5,16.097
1951-05-01,1951,5,13.997999999999998
1951-05-01,1951,5,13.086
1951-05-01,1951,5,14.942
1951-06-01,1951,6,20.852000000000004
1951-06-01,1951,6,19.035000000000004
1951-06-01,1951,6,17.391000000000002
1951-06-01,1951,6,19.22
1951-07-01,1951,7,22.957
1951-07-01,1951,7,20.275
1951-07-01,1951,7,18.57
1951-07-01,1951,7,21.945999999999994
1951-08-01,1951,8,23.000000000000004
1951-08-01,1951,8,20.621
1951-08-01,1951,8,19.705
1951-08-01,1951,8,22.790000000000003
1951-09-01,1951,9,16.75
1951-09-01,1951,9,14.896000000000004
1951-09-01,1951,9,15.260000000000003
1951-09-01,1951,9,18.124
1951-10-01,1951,10,5.2860000000000005
1951-10-01,1951,10,4.192
1951-10-01,1951,10,4.888000000000001
1951-10-01,1951,10,8.245000000000001
1951-11-01,1951,11,4.111
1951-11-01,1951,11,1.4299999999999988
1951-11-01,1951,11,5.286999999999998
1951-11-01,1951,11,9.383
1951-12-01,1951,12,-0.1939999999999998
1951-12-01,1951,12,-0.9909999999999995
1951-12-01,1951,12,-0.0270000000000002
1951-12-01,1951,12,4.520000000000001
1952-01-01,1952,1,0.4319999999999998
1952-01-01,1952,1,-1.744999999999999
1952-01-01,1952,1,-1.836
1952-01-01,1952,1,4.587
1952-02-01,1952,2,-0.9280000000000004
1952-02-01,1952,2,-3.5309999999999997
1952-02-01,1952,2,-3.4380000000000006
1952-02-01,1952,2,2.164000000000001
1952-03-01,1952,3,-3.164
1952-03-01,1952,3,-7.013999999999999
1952-03-01,1952,3,-6.052999999999999
1952-03-01,1952,3,-0.0829999999999999
1952-04-01,1952,4,9.853
1952-04-01,1952,4,8.243000000000002
1952-04-01,1952,4,9.558
1952-04-01,1952,4,9.404
1952-05-01,1952,5,13.899
1952-05-01,1952,5,12.718000000000002
1952-05-01,1952,5,11.697
1952-05-01,1952,5,12.348
1952-06-01,1952,6,18.332000000000004
1952-06-01,1952,6,17.474000000000004
1952-06-01,1952,6,16.036
1952-06-01,1952,6,16.805
1952-07-01,1952,7,21.206
1952-07-01,1952,7,19.261
1952-07-01,1952,7,18.599000000000004
1952-07-01,1952,7,20.625
1952-08-01,1952,8,22.359
1952-08-01,1952,8,20.33
1952-08-01,1952,8,19.868
1952-08-01,1952,8,22.685
1952-09-01,1952,9,17.575
1952-09-01,1952,9,14.591
1952-09-01,1952,9,13.201
1952-09-01,1952,9,19.200000000000003
1952-10-01,1952,10,11.557
1952-10-01,1952,10,7.798
1952-10-01,1952,10,8.177999999999999
1952-10-01,1952,10,14.558
1952-11-01,1952,11,4.415000000000002
1952-11-01,1952,11,1.1970000000000012
1952-11-01,1952,11,1.1349999999999996
1952-11-01,1952,11,9.162
1952-12-01,1952,12,-0.8680000000000001
1952-12-01,1952,12,-3.4930000000000008
1952-12-01,1952,12,-1.9840000000000009
1952-12-01,1952,12,5.11
1953-01-01,1953,1,-3.038
1953-01-01,1953,1,-5.136
1953-01-01,1953,1,-3.982999999999999
1953-01-01,1953,1,1.7050000000000014
1953-02-01,1953,2,-3.875000000000001
1953-02-01,1953,2,-8.483
1953-02-01,1953,2,-4.4060000000000015
1953-02-01,1953,2,0.1670000000000016
1953-03-01,1953,3,0.7500000000000008
1953-03-01,1953,3,-0.459
1953-03-01,1953,3,1.932999999999999
1953-03-01,1953,3,1.9429999999999996
1953-04-01,1953,4,8.338999999999999
1953-04-01,1953,4,7.5459999999999985
1953-04-01,1953,4,8.192
1953-04-01,1953,4,7.896999999999998
1953-05-01,1953,5,14.512999999999998
1953-05-01,1953,5,13.826999999999998
1953-05-01,1953,5,12.993
1953-05-01,1953,5,13.039
1953-06-01,1953,6,21.41
1953-06-01,1953,6,20.526
1953-06-01,1953,6,18.307
1953-06-01,1953,6,19.896
1953-07-01,1953,7,22.92
1953-07-01,1953,7,21.109
1953-07-01,1953,7,19.999
1953-07-01,1953,7,22.008
1953-08-01,1953,8,22.142
1953-08-01,1953,8,19.383
1953-08-01,1953,8,17.691999999999997
1953-08-01,1953,8,22.1
1953-09-01,1953,9,13.406
1953-09-01,1953,9,13.64
1953-09-01,1953,9,16.849000000000004
1953-10-01,1953,10,9.010000000000002
1953-10-01,1953,10,7.728999999999999
1953-10-01,1953,10,8.57
1953-10-01,1953,10,11.976000000000004
1953-11-01,1953,11,-1.7779999999999991
1953-11-01,1953,11,-2.262
1953-11-01,1953,11,0.0890000000000018
1953-11-01,1953,11,3.1099999999999994
1953-12-01,1953,12,-4.046000000000001
1953-12-01,1953,12,-4.259
1953-12-01,1953,12,-1.981
1953-12-01,1953,12,0.9859999999999994
1954-01-01,1954,1,-12.261
1954-01-01,1954,1,-13.036
1954-01-01,1954,1,-10.686
1954-01-01,1954,1,-6.594999999999999
1954-02-01,1954,2,-13.332
1954-02-01,1954,2,-14.108
1954-02-01,1954,2,-10.671
1954-02-01,1954,2,-9.134000000000002
1954-03-01,1954,3,1.0219999999999985
1954-03-01,1954,3,0.0350000000000013
1954-03-01,1954,3,2.7110000000000016
1954-03-01,1954,3,2.136
1954-04-01,1954,4,6.699
1954-04-01,1954,4,5.130999999999999
1954-04-01,1954,4,4.940999999999999
1954-04-01,1954,4,6.279
1954-05-01,1954,5,16.614999999999995
1954-05-01,1954,5,15.787000000000004
1954-05-01,1954,5,14.088
1954-05-01,1954,5,14.9
1954-06-01,1954,6,22.782
1954-06-01,1954,6,21.652999999999995
1954-06-01,1954,6,18.971000000000004
1954-06-01,1954,6,20.929
1954-07-01,1954,7,22.588
1954-07-01,1954,7,20.702
1954-07-01,1954,7,17.720999999999997
1954-07-01,1954,7,21.799000000000003
1954-08-01,1954,8,23.111000000000004
1954-08-01,1954,8,20.739999999999995
1954-08-01,1954,8,18.609
1954-08-01,1954,8,22.943
1954-09-01,1954,9,18.702
1954-09-01,1954,9,15.853000000000002
1954-09-01,1954,9,15.084000000000003
1954-09-01,1954,9,19.887
1954-10-01,1954,10,10.02
1954-10-01,1954,10,7.825000000000001
1954-10-01,1954,10,8.040000000000001
1954-10-01,1954,10,12.954
1954-11-01,1954,11,4.834
1954-11-01,1954,11,1.9980000000000016
1954-11-01,1954,11,2.208999999999999
1954-11-01,1954,11,9.35
1954-12-01,1954,12,-0.7249999999999999
1954-12-01,1954,12,-2.1749999999999994
1954-12-01,1954,12,0.8940000000000007
1954-12-01,1954,12,4.818000000000001
1955-01-01,1955,1,-0.946
1955-01-01,1955,1,-3.627
1955-01-01,1955,1,-3.1290000000000004
1955-01-01,1955,1,3.619999999999999
1955-02-01,1955,2,0.0779999999999997
1955-02-01,1955,2,-3.478
1955-02-01,1955,2,-3.583
1955-02-01,1955,2,3.508
1955-03-01,1955,3,1.0999999999999983
1955-03-01,1955,3,-1.0699999999999992
1955-03-01,1955,3,-1.2849999999999993
1955-03-01,1955,3,2.522
1955-04-01,1955,4,5.772000000000001
1955-04-01,1955,4,4.759000000000001
1955-04-01,1955,4,5.565999999999999
1955-04-01,1955,4,5.745000000000001
1955-05-01,1955,5,14.817
1955-05-01,1955,5,13.401000000000002
1955-05-01,1955,5,12.193999999999996
1955-05-01,1955,5,13.56
1955-06-01,1955,6,18.051
1955-06-01,1955,6,17.142999999999997
1955-06-01,1955,6,15.794999999999996
1955-06-01,1955,6,16.926000000000002
1955-07-01,1955,7,22.188
1955-07-01,1955,7,20.61
1955-07-01,1955,7,18.792
1955-07-01,1955,7,21.297
1955-08-01,1955,8,20.771
1955-08-01,1955,8,19.774
1955-08-01,1955,8,18.488999999999997
1955-08-01,1955,8,20.551
1955-09-01,1955,9,17.593
1955-09-01,1955,9,16.232
1955-09-01,1955,9,14.62
1955-09-01,1955,9,18.628
1955-10-01,1955,10,12.666
1955-10-01,1955,10,10.072000000000005
1955-10-01,1955,10,9.075
1955-10-01,1955,10,15.508
1955-11-01,1955,11,0.6820000000000014
1955-11-01,1955,11,-0.744000000000001
1955-11-01,1955,11,1.6859999999999984
1955-11-01,1955,11,5.797999999999999
1955-12-01,1955,12,-0.9440000000000006
1955-12-01,1955,12,-4.452
1955-12-01,1955,12,-0.8209999999999992
1955-12-01,1955,12,4.654000000000001
1956-01-01,1956,1,-2.2969999999999997
1956-01-01,1956,1,-5.131
1956-01-01,1956,1,-3.4720000000000004
1956-01-01,1956,1,2.523999999999999
1956-02-01,1956,2,-10.0
1956-02-01,1956,2,-13.751
1956-02-01,1956,2,-12.989
1956-02-01,1956,2,-5.863
1956-03-01,1956,3,-1.679000000000001
1956-03-01,1956,3,-3.233000000000001
1956-03-01,1956,3,-2.3799999999999994
1956-03-01,1956,3,-0.3389999999999994
1956-04-01,1956,4,8.325
1956-04-01,1956,4,6.727999999999999
1956-04-01,1956,4,7.324
1956-04-01,1956,4,8.284999999999998
1956-05-01,1956,5,14.422
1956-05-01,1956,5,13.389
1956-05-01,1956,5,13.072
1956-05-01,1956,5,13.086
1956-06-01,1956,6,20.122
1956-06-01,1956,6,20.798
1956-06-01,1956,6,17.861
1956-06-01,1956,6,18.152
1956-07-01,1956,7,20.053
1956-07-01,1956,7,18.085
1956-07-01,1956,7,17.476999999999997
1956-07-01,1956,7,19.621
1956-08-01,1956,8,21.401
1956-08-01,1956,8,18.408
1956-08-01,1956,8,16.985
1956-08-01,1956,8,21.574
1956-09-01,1956,9,13.711
1956-09-01,1956,9,11.963
1956-09-01,1956,9,12.815
1956-09-01,1956,9,15.3
1956-10-01,1956,10,9.386
1956-10-01,1956,10,7.632000000000001
1956-10-01,1956,10,8.091000000000001
1956-10-01,1956,10,12.202
1956-11-01,1956,11,-1.0110000000000003
1956-11-01,1956,11,-3.3510000000000004
1956-11-01,1956,11,-2.19
1956-11-01,1956,11,3.611
1956-12-01,1956,12,-1.6680000000000008
1956-12-01,1956,12,-3.478
1956-12-01,1956,12,-2.3320000000000007
1956-12-01,1956,12,3.2010000000000005
1957-01-01,1957,1,-3.894999999999999
1957-01-01,1957,1,-4.826000000000001
1957-01-01,1957,1,-3.189000000000001
1957-01-01,1957,1,0.4160000000000015
1957-02-01,1957,2,1.0609999999999984
1957-02-01,1957,2,0.2429999999999981
1957-02-01,1957,2,1.9959999999999984
1957-02-01,1957,2,3.8199999999999994
1957-03-01,1957,3,0.5629999999999984
1957-03-01,1957,3,-1.0000000000000004
1957-03-01,1957,3,1.294
1957-03-01,1957,3,2.1130000000000018
1957-04-01,1957,4,10.089000000000002
1957-04-01,1957,4,9.185
1957-04-01,1957,4,8.836
1957-04-01,1957,4,9.173000000000002
1957-05-01,1957,5,15.342
1957-05-01,1957,5,15.084000000000003
1957-05-01,1957,5,11.707
1957-05-01,1957,5,13.377
1957-06-01,1957,6,18.705
1957-06-01,1957,6,18.264000000000003
1957-06-01,1957,6,19.348000000000003
1957-07-01,1957,7,22.997
1957-07-01,1957,7,20.303
1957-07-01,1957,7,19.805
1957-07-01,1957,7,22.072000000000003
1957-08-01,1957,8,22.502
1957-08-01,1957,8,19.565
1957-08-01,1957,8,17.305
1957-08-01,1957,8,22.316000000000003
1957-09-01,1957,9,17.104
1957-09-01,1957,9,13.958000000000002
1957-09-01,1957,9,12.889
1957-09-01,1957,9,18.482000000000003
1957-10-01,1957,10,8.511999999999997
1957-10-01,1957,10,7.403000000000001
1957-10-01,1957,10,8.027
1957-10-01,1957,10,11.67
1957-11-01,1957,11,4.332000000000002
1957-11-01,1957,11,2.569000000000001
1957-11-01,1957,11,3.2700000000000014
1957-11-01,1957,11,8.484
1957-12-01,1957,12,-2.35
1957-12-01,1957,12,-3.883000000000001
1957-12-01,1957,12,-2.417
1957-12-01,1957,12,2.39
1958-01-01,1958,1,-2.2230000000000003
1958-01-01,1958,1,-4.17
1958-01-01,1958,1,-4.145
1958-01-01,1958,1,2.010999999999999
1958-02-01,1958,2,1.270000000000001
1958-02-01,1958,2,-2.0369999999999995
1958-02-01,1958,2,-0.0360000000000009
1958-02-01,1958,2,4.771000000000001
1958-03-01,1958,3,1.372
1958-03-01,1958,3,-1.3470000000000009
1958-03-01,1958,3,-2.745999999999999
1958-03-01,1958,3,2.596999999999999
1958-04-01,1958,4,7.350999999999999
1958-04-01,1958,4,5.550000000000001
1958-04-01,1958,4,4.9300000000000015
1958-04-01,1958,4,7.1960000000000015
1958-05-01,1958,5,18.349
1958-05-01,1958,5,16.884
1958-05-01,1958,5,16.156000000000002
1958-05-01,1958,5,16.91
1958-06-01,1958,6,17.989
1958-06-01,1958,6,16.645
1958-06-01,1958,6,15.240999999999998
1958-06-01,1958,6,17.008
1958-07-01,1958,7,21.359
1958-07-01,1958,7,19.562999999999995
1958-07-01,1958,7,19.094000000000005
1958-07-01,1958,7,20.595
1958-08-01,1958,8,21.012
1958-08-01,1958,8,18.287000000000003
1958-08-01,1958,8,17.564999999999998
1958-08-01,1958,8,21.422
1958-09-01,1958,9,13.802
1958-09-01,1958,9,12.007
1958-09-01,1958,9,12.750999999999998
1958-09-01,1958,9,15.428
1958-10-01,1958,10,8.457
1958-10-01,1958,10,7.664999999999998
1958-10-01,1958,10,9.086
1958-10-01,1958,10,11.402
1958-11-01,1958,11,1.990999999999998
1958-11-01,1958,11,0.8899999999999982
1958-11-01,1958,11,3.611
1958-11-01,1958,11,7.078999999999998
1958-12-01,1958,12,1.3759999999999986
1958-12-01,1958,12,-1.2629999999999992
1958-12-01,1958,12,0.7369999999999995
1958-12-01,1958,12,6.468999999999999
1959-01-01,1959,1,-0.7749999999999998
1959-01-01,1959,1,-2.164
1959-01-01,1959,1,-1.842
1959-01-01,1959,1,3.357
1959-02-01,1959,2,-2.843
1959-02-01,1959,2,-3.247
1959-02-01,1959,2,-3.236
1959-02-01,1959,2,-0.5900000000000006
1959-03-01,1959,3,2.088000000000001
1959-03-01,1959,3,1.0789999999999995
1959-03-01,1959,3,4.38
1959-03-01,1959,3,3.2069999999999985
1959-04-01,1959,4,8.492
1959-04-01,1959,4,7.8359999999999985
1959-04-01,1959,4,7.960000000000002
1959-04-01,1959,4,8.463999999999999
1959-05-01,1959,5,14.922
1959-05-01,1959,5,13.69
1959-05-01,1959,5,12.874000000000002
1959-05-01,1959,5,13.563
1959-06-01,1959,6,19.669
1959-06-01,1959,6,18.706
1959-06-01,1959,6,16.844
1959-06-01,1959,6,17.758
1959-07-01,1959,7,25.017000000000003
1959-07-01,1959,7,22.915000000000003
1959-07-01,1959,7,21.554
1959-07-01,1959,7,23.638
1959-08-01,1959,8,21.377
1959-08-01,1959,8,19.523999999999997
1959-08-01,1959,8,17.813000000000002
1959-08-01,1959,8,21.398999999999997
1959-09-01,1959,9,12.924
1959-09-01,1959,9,11.023
1959-09-01,1959,9,11.277
1959-10-01,1959,10,6.239999999999999
1959-10-01,1959,10,4.940000000000001
1959-10-01,1959,10,6.492999999999999
1959-10-01,1959,10,9.056000000000004
1959-11-01,1959,11,1.7710000000000017
1959-11-01,1959,11,-1.0199999999999991
1959-11-01,1959,11,1.6850000000000007
1959-11-01,1959,11,6.817000000000001
1959-12-01,1959,12,-2.927
1959-12-01,1959,12,-6.145999999999999
1959-12-01,1959,12,-1.9479999999999995
1959-12-01,1959,12,3.638
1960-01-01,1960,1,-2.192999999999999
1960-01-01,1960,1,-4.978999999999999
1960-01-01,1960,1,-4.756
1960-01-01,1960,1,2.796999999999999
1960-02-01,1960,2,-2.9730000000000008
1960-02-01,1960,2,-5.430000000000001
1960-02-01,1960,2,-4.236000000000001
1960-02-01,1960,2,0.3529999999999983
1960-03-01,1960,3,-0.3900000000000009
1960-03-01,1960,3,-2.5930000000000004
1960-03-01,1960,3,0.5310000000000019
1960-03-01,1960,3,1.3040000000000005
1960-04-01,1960,4,8.905000000000001
1960-04-01,1960,4,7.193999999999998
1960-04-01,1960,4,6.861000000000001
1960-04-01,1960,4,8.216999999999999
1960-05-01,1960,5,15.334
1960-05-01,1960,5,14.735
1960-05-01,1960,5,13.047
1960-05-01,1960,5,13.664
1960-06-01,1960,6,20.59
1960-06-01,1960,6,19.461
1960-06-01,1960,6,17.593999999999998
1960-06-01,1960,6,18.785
1960-07-01,1960,7,22.518
1960-07-01,1960,7,21.58900000000001
1960-07-01,1960,7,18.098000000000003
1960-07-01,1960,7,21.073
1960-08-01,1960,8,20.076
1960-08-01,1960,8,18.42
1960-08-01,1960,8,16.923
1960-08-01,1960,8,20.290000000000003
1960-09-01,1960,9,13.771
1960-09-01,1960,9,11.853
1960-09-01,1960,9,11.606
1960-09-01,1960,9,15.363
1960-10-01,1960,10,12.017
1960-10-01,1960,10,8.694
1960-10-01,1960,10,9.615999999999998
1960-10-01,1960,10,15.274
1960-11-01,1960,11,6.153999999999999
1960-11-01,1960,11,3.043000000000001
1960-11-01,1960,11,5.477000000000001
1960-11-01,1960,11,11.312000000000005
1960-12-01,1960,12,4.761999999999998
1960-12-01,1960,12,2.882000000000002
1960-12-01,1960,12,2.762999999999999
1960-12-01,1960,12,9.739999999999998
1961-01-01,1961,1,-3.413
1961-01-01,1961,1,-4.716
1961-01-01,1961,1,-5.538
1961-01-01,1961,1,1.1759999999999988
1961-02-01,1961,2,-1.5379999999999998
1961-02-01,1961,2,-1.931
1961-02-01,1961,2,0.1429999999999983
1961-02-01,1961,2,1.2319999999999984
1961-03-01,1961,3,4.217000000000001
1961-03-01,1961,3,3.3369999999999997
1961-03-01,1961,3,4.964999999999999
1961-03-01,1961,3,5.5870000000000015
1961-04-01,1961,4,10.852
1961-04-01,1961,4,9.086
1961-04-01,1961,4,10.119
1961-04-01,1961,4,10.758000000000004
1961-05-01,1961,5,13.966
1961-05-01,1961,5,13.160000000000002
1961-05-01,1961,5,12.501
1961-05-01,1961,5,12.971
1961-06-01,1961,6,20.978
1961-06-01,1961,6,19.843
1961-06-01,1961,6,18.354
1961-06-01,1961,6,19.532
1961-07-01,1961,7,21.563
1961-07-01,1961,7,20.070999999999994
1961-07-01,1961,7,17.929
1961-07-01,1961,7,20.615
1961-08-01,1961,8,21.503
1961-08-01,1961,8,18.861
1961-08-01,1961,8,17.764
1961-08-01,1961,8,21.61
1961-09-01,1961,9,16.136000000000003
1961-09-01,1961,9,13.885
1961-09-01,1961,9,14.347
1961-09-01,1961,9,17.237000000000002
1961-10-01,1961,10,9.322
1961-10-01,1961,10,7.708999999999999
1961-10-01,1961,10,9.598999999999998
1961-10-01,1961,10,12.076
1961-11-01,1961,11,4.691000000000002
1961-11-01,1961,11,2.1950000000000003
1961-11-01,1961,11,3.95
1961-11-01,1961,11,9.568
1961-12-01,1961,12,-1.7950000000000008
1961-12-01,1961,12,-4.492999999999999
1961-12-01,1961,12,-4.336
1961-12-01,1961,12,3.4509999999999983
1962-01-01,1962,1,-0.8869999999999992
1962-01-01,1962,1,-2.0900000000000003
1962-01-01,1962,1,-1.87
1962-01-01,1962,1,3.087000000000001
1962-02-01,1962,2,-2.149000000000001
1962-02-01,1962,2,-4.418
1962-02-01,1962,2,-3.988
1962-02-01,1962,2,0.6639999999999999
1962-03-01,1962,3,1.809
1962-03-01,1962,3,-1.5229999999999992
1962-03-01,1962,3,-2.763000000000001
1962-03-01,1962,3,3.475999999999999
1962-04-01,1962,4,10.765000000000002
1962-04-01,1962,4,10.103000000000002
1962-04-01,1962,4,10.576
1962-04-01,1962,4,9.856000000000002
1962-05-01,1962,5,16.368000000000002
1962-05-01,1962,5,15.143999999999998
1962-05-01,1962,5,12.349999999999998
1962-05-01,1962,5,15.052
1962-06-01,1962,6,19.394
1962-06-01,1962,6,16.992
1962-06-01,1962,6,15.121
1962-06-01,1962,6,18.000000000000004
1962-07-01,1962,7,20.667
1962-07-01,1962,7,17.999000000000002
1962-07-01,1962,7,16.541999999999998
1962-07-01,1962,7,20.234
1962-08-01,1962,8,21.751999999999995
1962-08-01,1962,8,18.75
1962-08-01,1962,8,18.042
1962-08-01,1962,8,22.179
1962-09-01,1962,9,15.801
1962-09-01,1962,9,13.415
1962-09-01,1962,9,13.172999999999998
1962-09-01,1962,9,17.124
1962-10-01,1962,10,10.128000000000002
1962-10-01,1962,10,8.568000000000003
1962-10-01,1962,10,7.725999999999999
1962-10-01,1962,10,13.015
1962-11-01,1962,11,5.814000000000002
1962-11-01,1962,11,3.8489999999999984
1962-11-01,1962,11,4.863
1962-11-01,1962,11,10.991
1962-12-01,1962,12,-2.323
1962-12-01,1962,12,-4.513000000000001
1962-12-01,1962,12,-5.509
1962-12-01,1962,12,2.9110000000000014
1963-01-01,1963,1,-12.062
1963-01-01,1963,1,-15.092
1963-01-01,1963,1,-13.154
1963-01-01,1963,1,-5.938000000000001
1963-02-01,1963,2,-2.597000000000001
1963-02-01,1963,2,-5.883
1963-02-01,1963,2,-8.256
1963-02-01,1963,2,0.8670000000000004
1963-03-01,1963,3,-1.7640000000000002
1963-03-01,1963,3,-4.696
1963-03-01,1963,3,-2.81
1963-03-01,1963,3,0.4570000000000007
1963-04-01,1963,4,7.961
1963-04-01,1963,4,6.0310000000000015
1963-04-01,1963,4,7.591000000000002
1963-04-01,1963,4,7.750999999999999
1963-05-01,1963,5,17.656
1963-05-01,1963,5,17.976000000000006
1963-05-01,1963,5,16.070999999999998
1963-05-01,1963,5,15.715
1963-06-01,1963,6,19.372
1963-06-01,1963,6,17.168
1963-06-01,1963,6,17.183
1963-06-01,1963,6,18.405999999999995
1963-07-01,1963,7,23.716
1963-07-01,1963,7,21.699
1963-07-01,1963,7,20.303
1963-07-01,1963,7,22.785999999999994
1963-08-01,1963,8,22.729
1963-08-01,1963,8,20.979000000000003
1963-08-01,1963,8,20.070999999999994
1963-08-01,1963,8,22.539
1963-09-01,1963,9,16.375999999999998
1963-09-01,1963,9,15.279000000000003
1963-09-01,1963,9,19.233
1963-10-01,1963,10,9.995
1963-10-01,1963,10,8.350999999999999
1963-10-01,1963,10,8.113
1963-10-01,1963,10,12.637999999999998
1963-11-01,1963,11,6.126000000000001
1963-11-01,1963,11,3.8730000000000016
1963-11-01,1963,11,6.135
1963-11-01,1963,11,10.847
1963-12-01,1963,12,-5.001
1963-12-01,1963,12,-8.013
1963-12-01,1963,12,-6.454
1963-12-01,1963,12,1.1480000000000008
1964-01-01,1964,1,-7.087
1964-01-01,1964,1,-7.616
1964-01-01,1964,1,-6.9940000000000015
1964-01-01,1964,1,-2.4100000000000006
1964-02-01,1964,2,-5.0200000000000005
1964-02-01,1964,2,-8.391
1964-02-01,1964,2,-6.605999999999999
1964-02-01,1964,2,-0.9409999999999996
1964-03-01,1964,3,-1.438
1964-03-01,1964,3,-4.389
1964-03-01,1964,3,-3.873999999999999
1964-03-01,1964,3,0.9500000000000004
1964-04-01,1964,4,8.778
1964-04-01,1964,4,7.842
1964-04-01,1964,4,7.907999999999999
1964-04-01,1964,4,8.465
1964-05-01,1964,5,13.826999999999998
1964-05-01,1964,5,13.294999999999998
1964-05-01,1964,5,12.601000000000004
1964-05-01,1964,5,12.201
1964-06-01,1964,6,22.139
1964-06-01,1964,6,21.44
1964-06-01,1964,6,20.53
1964-06-01,1964,6,20.24
1964-07-01,1964,7,22.055
1964-07-01,1964,7,20.519
1964-07-01,1964,7,18.819000000000003
1964-07-01,1964,7,20.966
1964-08-01,1964,8,19.142000000000003
1964-08-01,1964,8,17.014
1964-08-01,1964,8,16.236000000000004
1964-08-01,1964,8,19.479000000000003
1964-09-01,1964,9,16.099000000000004
1964-09-01,1964,9,14.244000000000003
1964-09-01,1964,9,13.547
1964-09-01,1964,9,17.083999999999996
1964-10-01,1964,10,10.886
1964-10-01,1964,10,8.843
1964-10-01,1964,10,8.482000000000001
1964-10-01,1964,10,13.848999999999998
1964-11-01,1964,11,3.353000000000001
1964-11-01,1964,11,1.3539999999999983
1964-11-01,1964,11,3.071
1964-11-01,1964,11,7.899000000000001
1964-12-01,1964,12,2.0719999999999987
1964-12-01,1964,12,-0.1700000000000005
1964-12-01,1964,12,-2.169
1964-12-01,1964,12,6.751999999999999
1965-01-01,1965,1,-2.7590000000000003
1965-01-01,1965,1,-5.663
1965-01-01,1965,1,-3.694
1965-01-01,1965,1,2.266999999999998
1965-02-01,1965,2,-5.943
1965-02-01,1965,2,-7.422000000000001
1965-02-01,1965,2,-7.708000000000002
1965-03-01,1965,3,1.8050000000000013
1965-03-01,1965,3,-0.7869999999999995
1965-03-01,1965,3,-0.0820000000000003
1965-03-01,1965,3,3.360000000000001
1965-04-01,1965,4,5.521999999999999
1965-04-01,1965,4,4.766000000000001
1965-04-01,1965,4,5.689999999999999
1965-04-01,1965,4,5.323000000000001
1965-05-01,1965,5,14.156999999999998
1965-05-01,1965,5,12.609
1965-05-01,1965,5,11.155
1965-05-01,1965,5,12.898
1965-06-01,1965,6,19.99
1965-06-01,1965,6,17.674999999999997
1965-06-01,1965,6,16.613
1965-06-01,1965,6,18.769
1965-07-01,1965,7,20.971
1965-07-01,1965,7,18.723000000000003
1965-07-01,1965,7,17.122
1965-07-01,1965,7,20.057
1965-08-01,1965,8,19.768000000000004
1965-08-01,1965,8,17.584999999999997
1965-08-01,1965,8,15.967
1965-08-01,1965,8,19.684
1965-09-01,1965,9,16.491
1965-09-01,1965,9,14.736
1965-09-01,1965,9,14.714
1965-09-01,1965,9,17.825999999999997
1965-10-01,1965,10,7.667000000000002
1965-10-01,1965,10,6.024000000000002
1965-10-01,1965,10,7.000999999999999
1965-10-01,1965,10,10.387999999999998
1965-11-01,1965,11,1.524000000000001
1965-11-01,1965,11,-2.1550000000000007
1965-11-01,1965,11,-1.4860000000000009
1965-11-01,1965,11,6.727999999999999
1965-12-01,1965,12,2.1939999999999986
1965-12-01,1965,12,-0.1679999999999992
1965-12-01,1965,12,-1.141999999999999
1965-12-01,1965,12,6.795999999999999
1966-01-01,1966,1,-0.6109999999999991
1966-01-01,1966,1,-3.7310000000000008
1966-01-01,1966,1,-5.619
1966-01-01,1966,1,3.280000000000002
1966-02-01,1966,2,1.7769999999999997
1966-02-01,1966,2,-2.406
1966-02-01,1966,2,-0.2300000000000008
1966-02-01,1966,2,5.279999999999999
1966-03-01,1966,3,4.818000000000001
1966-03-01,1966,3,3.153000000000002
1966-03-01,1966,3,2.7389999999999994
1966-03-01,1966,3,5.687999999999999
1966-04-01,1966,4,12.227
1966-04-01,1966,4,11.378000000000002
1966-04-01,1966,4,9.715
1966-04-01,1966,4,11.374
1966-05-01,1966,5,16.249
1966-05-01,1966,5,16.471999999999998
1966-05-01,1966,5,14.478999999999996
1966-05-01,1966,5,14.579
1966-06-01,1966,6,17.760000000000005
1966-06-01,1966,6,17.033
1966-06-01,1966,6,16.185999999999996
1966-06-01,1966,6,16.558999999999997
1966-07-01,1966,7,23.271
1966-07-01,1966,7,21.043
1966-07-01,1966,7,18.829
1966-07-01,1966,7,22.207
1966-08-01,1966,8,22.432
1966-08-01,1966,8,19.776
1966-08-01,1966,8,17.198999999999998
1966-08-01,1966,8,22.206
1966-09-01,1966,9,15.260000000000003
1966-09-01,1966,9,12.771
1966-09-01,1966,9,12.444
1966-09-01,1966,9,16.599
1966-10-01,1966,10,12.877999999999998
1966-10-01,1966,10,10.787
1966-10-01,1966,10,11.701
1966-10-01,1966,10,16.048000000000002
1966-11-01,1966,11,4.788
1966-11-01,1966,11,1.726
1966-11-01,1966,11,2.324
1966-11-01,1966,11,9.726
1966-12-01,1966,12,-0.4709999999999997
1966-12-01,1966,12,-4.177
1966-12-01,1966,12,-2.232000000000001
1966-12-01,1966,12,4.827999999999999
1967-01-01,1967,1,-6.565999999999999
1967-01-01,1967,1,-10.677
1967-01-01,1967,1,-7.994999999999998
1967-01-01,1967,1,-1.5169999999999997
1967-02-01,1967,2,-5.558000000000001
1967-02-01,1967,2,-7.438000000000001
1967-02-01,1967,2,-2.982999999999999
1967-02-01,1967,2,-1.7549999999999994
1967-03-01,1967,3,1.9710000000000008
1967-03-01,1967,3,1.0870000000000009
1967-03-01,1967,3,3.924999999999999
1967-03-01,1967,3,3.3970000000000016
1967-04-01,1967,4,10.571
1967-04-01,1967,4,9.442
1967-04-01,1967,4,8.610999999999999
1967-04-01,1967,4,9.605
1967-05-01,1967,5,17.206
1967-05-01,1967,5,17.503
1967-05-01,1967,5,14.478999999999996
1967-05-01,1967,5,15.191
1967-06-01,1967,6,18.902
1967-06-01,1967,6,18.074
1967-06-01,1967,6,17.194
1967-06-01,1967,6,17.398999999999997
1967-07-01,1967,7,22.412
1967-07-01,1967,7,20.06
1967-07-01,1967,7,19.392000000000003
1967-07-01,1967,7,21.506000000000004
1967-08-01,1967,8,21.703
1967-08-01,1967,8,19.277
1967-08-01,1967,8,17.931
1967-08-01,1967,8,21.783
1967-09-01,1967,9,17.343
1967-09-01,1967,9,15.421
1967-09-01,1967,9,16.557
1967-09-01,1967,9,18.311
1967-10-01,1967,10,11.967
1967-10-01,1967,10,10.884
1967-10-01,1967,10,10.927
1967-10-01,1967,10,14.377
1967-11-01,1967,11,5.867000000000001
1967-11-01,1967,11,3.8020000000000014
1967-11-01,1967,11,4.267
1967-11-01,1967,11,9.99
1967-12-01,1967,12,-2.0429999999999997
1967-12-01,1967,12,-5.409
1967-12-01,1967,12,-3.5409999999999995
1967-12-01,1967,12,3.5530000000000013
1968-01-01,1968,1,-6.363
1968-01-01,1968,1,-10.38
1968-01-01,1968,1,-6.521999999999999
1968-01-01,1968,1,-1.0749999999999993
1968-02-01,1968,2,-2.380999999999999
1968-02-01,1968,2,-5.172000000000001
1968-02-01,1968,2,-1.7960000000000005
1968-02-01,1968,2,1.4510000000000014
1968-03-01,1968,3,2.889000000000001
1968-03-01,1968,3,0.2770000000000018
1968-03-01,1968,3,2.374000000000001
1968-03-01,1968,3,4.185999999999998
1968-04-01,1968,4,11.511
1968-04-01,1968,4,10.184
1968-04-01,1968,4,10.093
1968-04-01,1968,4,10.865999999999998
1968-05-01,1968,5,17.964
1968-05-01,1968,5,15.272
1968-05-01,1968,5,13.713
1968-05-01,1968,5,16.917
1968-06-01,1968,6,20.483
1968-06-01,1968,6,19.602999999999994
1968-06-01,1968,6,18.623
1968-06-01,1968,6,18.689
1968-07-01,1968,7,20.559000000000005
1968-07-01,1968,7,18.112000000000005
1968-07-01,1968,7,17.544
1968-07-01,1968,7,20.022
1968-08-01,1968,8,20.658
1968-08-01,1968,8,19.49900000000001
1968-08-01,1968,8,17.290000000000003
1968-08-01,1968,8,20.271
1968-09-01,1968,9,16.967
1968-09-01,1968,9,14.188
1968-09-01,1968,9,13.953
1968-09-01,1968,9,18.000000000000004
1968-10-01,1968,10,8.687999999999997
1968-10-01,1968,10,6.4430000000000005
1968-10-01,1968,10,7.908999999999998
1968-10-01,1968,10,11.512999999999998
1968-11-01,1968,11,3.298
1968-11-01,1968,11,0.8859999999999997
1968-11-01,1968,11,3.865999999999998
1968-11-01,1968,11,8.344
1968-12-01,1968,12,-2.128000000000001
1968-12-01,1968,12,-3.2929999999999997
1968-12-01,1968,12,-4.871
1968-12-01,1968,12,2.6910000000000007
1969-01-01,1969,1,-7.403
1969-01-01,1969,1,-10.725
1969-01-01,1969,1,-8.706
1969-01-01,1969,1,-2.343000000000001
1969-02-01,1969,2,-5.369000000000001
1969-02-01,1969,2,-7.769000000000001
1969-02-01,1969,2,-5.853999999999999
1969-02-01,1969,2,-1.438
1969-03-01,1969,3,-1.5609999999999995
1969-03-01,1969,3,-4.204
1969-03-01,1969,3,-2.793
1969-03-01,1969,3,0.1710000000000001
1969-04-01,1969,4,7.926000000000002
1969-04-01,1969,4,7.186999999999999
1969-04-01,1969,4,6.905999999999999
1969-04-01,1969,4,7.498999999999999
1969-05-01,1969,5,15.492
1969-05-01,1969,5,14.597
1969-05-01,1969,5,15.117
1969-05-01,1969,5,14.427999999999995
1969-06-01,1969,6,19.137
1969-06-01,1969,6,17.299999999999997
1969-06-01,1969,6,16.365
1969-06-01,1969,6,18.102
1969-07-01,1969,7,20.258
1969-07-01,1969,7,19.07
1969-07-01,1969,7,18.123
1969-07-01,1969,7,19.218
1969-08-01,1969,8,21.416
1969-08-01,1969,8,18.676
1969-08-01,1969,8,17.117
1969-08-01,1969,8,21.510000000000005
1969-09-01,1969,9,15.25
1969-09-01,1969,9,12.906
1969-09-01,1969,9,13.21
1969-09-01,1969,9,16.964000000000002
1969-10-01,1969,10,7.928000000000001
1969-10-01,1969,10,6.676000000000002
1969-10-01,1969,10,7.972999999999999
1969-10-01,1969,10,11.045
1969-11-01,1969,11,6.602999999999998
1969-11-01,1969,11,5.167999999999999
1969-11-01,1969,11,5.642
1969-11-01,1969,11,11.031
1969-12-01,1969,12,-3.388000000000001
1969-12-01,1969,12,-7.291999999999998
1969-12-01,1969,12,-7.940000000000001
1969-12-01,1969,12,3.054
1970-01-01,1970,1,-2.5619999999999994
1970-01-01,1970,1,-6.094
1970-01-01,1970,1,-5.764999999999999
1970-01-01,1970,1,2.429
1970-02-01,1970,2,-1.4499999999999995
1970-02-01,1970,2,-5.5840000000000005
1970-02-01,1970,2,-5.978000000000001
1970-02-01,1970,2,2.0690000000000017
1970-03-01,1970,3,3.318
1970-03-01,1970,3,0.3189999999999987
1970-03-01,1970,3,0.6369999999999997
1970-03-01,1970,3,4.898000000000001
1970-04-01,1970,4,11.775
1970-04-01,1970,4,9.292
1970-04-01,1970,4,8.345
1970-04-01,1970,4,11.163000000000002
1970-05-01,1970,5,15.496999999999998
1970-05-01,1970,5,15.332
1970-05-01,1970,5,12.750000000000002
1970-05-01,1970,5,13.655
1970-06-01,1970,6,18.161999999999995
1970-06-01,1970,6,17.334
1970-06-01,1970,6,16.715
1970-06-01,1970,6,17.327
1970-07-01,1970,7,23.559
1970-07-01,1970,7,21.289
1970-07-01,1970,7,18.211
1970-07-01,1970,7,22.46
1970-08-01,1970,8,19.392000000000003
1970-08-01,1970,8,17.876
1970-08-01,1970,8,17.191000000000003
1970-08-01,1970,8,19.924000000000003
1970-09-01,1970,9,15.414
1970-09-01,1970,9,13.46
1970-09-01,1970,9,12.413000000000002
1970-09-01,1970,9,16.585
1970-10-01,1970,10,7.773
1970-10-01,1970,10,6.397999999999999
1970-10-01,1970,10,6.781000000000002
1970-10-01,1970,10,10.438
1970-11-01,1970,11,4.524
1970-11-01,1970,11,2.760000000000002
1970-11-01,1970,11,4.143
1970-11-01,1970,11,9.072
1970-12-01,1970,12,-0.946
1970-12-01,1970,12,-2.5899999999999994
1970-12-01,1970,12,4.294
1971-01-01,1971,1,-0.9320000000000008
1971-01-01,1971,1,-3.4699999999999998
1971-01-01,1971,1,-4.107000000000001
1971-01-01,1971,1,3.9619999999999993
1971-02-01,1971,2,-2.4650000000000007
1971-02-01,1971,2,-4.628
1971-02-01,1971,2,-1.6119999999999992
1971-02-01,1971,2,1.0280000000000002
1971-03-01,1971,3,0.2980000000000002
1971-03-01,1971,3,-2.002
1971-03-01,1971,3,-1.0930000000000009
1971-03-01,1971,3,2.4100000000000006
1971-04-01,1971,4,8.704999999999998
1971-04-01,1971,4,6.851000000000001
1971-04-01,1971,4,7.598999999999999
1971-04-01,1971,4,8.426
1971-05-01,1971,5,16.369
1971-05-01,1971,5,15.938
1971-05-01,1971,5,15.247000000000002
1971-05-01,1971,5,15.025000000000002
1971-06-01,1971,6,19.3
1971-06-01,1971,6,18.020000000000003
1971-06-01,1971,6,16.138999999999996
1971-06-01,1971,6,17.999000000000002
1971-07-01,1971,7,21.303
1971-07-01,1971,7,18.896
1971-07-01,1971,7,17.831
1971-07-01,1971,7,20.475000000000005
1971-08-01,1971,8,21.684
1971-08-01,1971,8,19.224000000000004
1971-08-01,1971,8,18.546000000000003
1971-08-01,1971,8,21.919
1971-09-01,1971,9,15.054999999999998
1971-09-01,1971,9,12.8
1971-09-01,1971,9,11.282999999999998
1971-09-01,1971,9,16.308
1971-10-01,1971,10,8.125
1971-10-01,1971,10,6.968
1971-10-01,1971,10,7.487999999999999
1971-10-01,1971,10,10.545
1971-11-01,1971,11,4.473999999999998
1971-11-01,1971,11,2.115000000000001
1971-11-01,1971,11,2.0490000000000013
1971-11-01,1971,11,8.555
1971-12-01,1971,12,0.7469999999999999
1971-12-01,1971,12,-0.3159999999999997
1971-12-01,1971,12,1.3539999999999983
1971-12-01,1971,12,5.164000000000001
1972-01-01,1972,1,-10.384000000000002
1972-01-01,1972,1,-11.694
1972-01-01,1972,1,-8.879
1972-01-01,1972,1,-4.06
1972-02-01,1972,2,-4.021
1972-02-01,1972,2,-5.131
1972-02-01,1972,2,-1.8120000000000007
1972-02-01,1972,2,-0.6630000000000003
1972-03-01,1972,3,1.9739999999999984
1972-03-01,1972,3,0.8119999999999984
1972-03-01,1972,3,3.032
1972-03-01,1972,3,3.2119999999999984
1972-04-01,1972,4,12.493000000000002
1972-04-01,1972,4,10.486
1972-04-01,1972,4,9.18
1972-04-01,1972,4,11.800000000000002
1972-05-01,1972,5,16.881000000000004
1972-05-01,1972,5,15.970999999999997
1972-05-01,1972,5,14.490999999999998
1972-05-01,1972,5,15.249
1972-06-01,1972,6,21.715
1972-06-01,1972,6,20.081
1972-06-01,1972,6,17.888999999999996
1972-06-01,1972,6,20.008
1972-07-01,1972,7,23.509
1972-07-01,1972,7,22.324
1972-07-01,1972,7,20.402
1972-07-01,1972,7,22.363
1972-08-01,1972,8,22.742
1972-08-01,1972,8,21.31
1972-08-01,1972,8,17.45
1972-08-01,1972,8,22.186
1972-09-01,1972,9,15.451
1972-09-01,1972,9,13.447
1972-09-01,1972,9,12.093000000000002
1972-09-01,1972,9,16.584
1972-10-01,1972,10,8.485999999999999
1972-10-01,1972,10,6.426
1972-10-01,1972,10,5.857
1972-10-01,1972,10,11.196
1972-11-01,1972,11,4.754000000000001
1972-11-01,1972,11,2.8019999999999987
1972-11-01,1972,11,3.787000000000001
1972-11-01,1972,11,8.912999999999998
1972-12-01,1972,12,-0.3200000000000003
1972-12-01,1972,12,-0.8039999999999993
1972-12-01,1972,12,-1.0050000000000006
1972-12-01,1972,12,4.099
1973-01-01,1973,1,-6.618000000000001
1973-01-01,1973,1,-4.158
1973-01-01,1973,1,-1.4059999999999997
1973-02-01,1973,2,0.1710000000000001
1973-02-01,1973,2,-0.4829999999999994
1973-02-01,1973,2,0.284999999999999
1973-02-01,1973,2,3.0659999999999994
1973-03-01,1973,3,1.7469999999999983
1973-03-01,1973,3,0.6319999999999995
1973-03-01,1973,3,2.4869999999999988
1973-03-01,1973,3,3.001000000000001
1973-04-01,1973,4,10.337
1973-04-01,1973,4,9.788000000000002
1973-04-01,1973,4,8.003
1973-04-01,1973,4,9.410000000000002
1973-05-01,1973,5,15.105
1973-05-01,1973,5,14.477
1973-05-01,1973,5,13.278
1973-05-01,1973,5,13.703
1973-06-01,1973,6,18.638
1973-06-01,1973,6,17.828
1973-06-01,1973,6,16.13
1973-06-01,1973,6,17.303
1973-07-01,1973,7,21.485
1973-07-01,1973,7,19.679
1973-07-01,1973,7,18.283
1973-07-01,1973,7,20.744000000000003
1973-08-01,1973,8,19.099000000000004
1973-08-01,1973,8,17.805999999999997
1973-08-01,1973,8,17.272
1973-08-01,1973,8,19.380000000000003
1973-09-01,1973,9,14.312
1973-09-01,1973,9,11.412999999999998
1973-09-01,1973,9,13.265999999999998
1973-09-01,1973,9,16.346999999999998
1973-10-01,1973,10,8.509999999999998
1973-10-01,1973,10,6.395999999999999
1973-10-01,1973,10,6.844000000000001
1973-10-01,1973,10,11.732000000000005
1973-11-01,1973,11,1.636999999999998
1973-11-01,1973,11,0.4890000000000011
1973-11-01,1973,11,0.8949999999999984
1973-11-01,1973,11,6.001
1973-12-01,1973,12,-1.2480000000000009
1973-12-01,1973,12,-3.3120000000000003
1973-12-01,1973,12,-1.9319999999999995
1973-12-01,1973,12,3.5909999999999997
1974-01-01,1974,1,-5.559999999999999
1974-01-01,1974,1,-6.654
1974-01-01,1974,1,-2.992
1974-01-01,1974,1,-1.1519999999999997
1974-02-01,1974,2,0.2860000000000006
1974-02-01,1974,2,-0.2020000000000009
1974-02-01,1974,2,1.6490000000000018
1974-02-01,1974,2,2.735999999999999
1974-03-01,1974,3,2.8250000000000006
1974-03-01,1974,3,1.8100000000000012
1974-03-01,1974,3,3.745
1974-03-01,1974,3,3.4380000000000006
1974-04-01,1974,4,7.427999999999997
1974-04-01,1974,4,6.158999999999999
1974-04-01,1974,4,6.6320000000000014
1974-04-01,1974,4,7.025000000000002
1974-05-01,1974,5,13.853000000000002
1974-05-01,1974,5,12.396000000000004
1974-05-01,1974,5,11.783
1974-05-01,1974,5,12.966
1974-06-01,1974,6,18.826
1974-06-01,1974,6,17.028
1974-06-01,1974,6,14.837000000000002
1974-06-01,1974,6,17.544
1974-07-01,1974,7,20.040000000000003
1974-07-01,1974,7,18.028
1974-07-01,1974,7,16.729
1974-07-01,1974,7,19.385
1974-08-01,1974,8,20.988000000000003
1974-08-01,1974,8,18.327000000000005
1974-08-01,1974,8,18.28
1974-08-01,1974,8,21.093
1974-09-01,1974,9,17.076999999999998
1974-09-01,1974,9,14.906000000000002
1974-09-01,1974,9,17.887
1974-10-01,1974,10,12.228
1974-10-01,1974,10,9.625000000000002
1974-10-01,1974,10,7.176999999999999
1974-10-01,1974,10,15.25
1974-11-01,1974,11,3.858999999999999
1974-11-01,1974,11,2.342000000000001
1974-11-01,1974,11,2.550000000000002
1974-11-01,1974,11,7.908999999999998
1974-12-01,1974,12,1.0559999999999985
1974-12-01,1974,12,-0.2030000000000006
1974-12-01,1974,12,1.167
1974-12-01,1974,12,5.847
1975-01-01,1975,1,0.3829999999999995
1975-01-01,1975,1,-0.4400000000000009
1975-01-01,1975,1,1.380999999999999
1975-01-01,1975,1,4.090999999999998
1975-02-01,1975,2,-2.0149999999999992
1975-02-01,1975,2,-3.196
1975-02-01,1975,2,-1.7340000000000009
1975-02-01,1975,2,0.4400000000000009
1975-03-01,1975,3,4.742000000000001
1975-03-01,1975,3,3.1679999999999984
1975-03-01,1975,3,4.810999999999998
1975-03-01,1975,3,5.819000000000002
1975-04-01,1975,4,12.284
1975-04-01,1975,4,11.597999999999995
1975-04-01,1975,4,8.0
1975-04-01,1975,4,11.123
1975-05-01,1975,5,18.03
1975-05-01,1975,5,18.463000000000005
1975-05-01,1975,5,15.526000000000002
1975-05-01,1975,5,15.831
1975-06-01,1975,6,22.522
1975-06-01,1975,6,20.765
1975-06-01,1975,6,16.744999999999997
1975-06-01,1975,6,20.280000000000005
1975-07-01,1975,7,22.73
1975-07-01,1975,7,20.142000000000003
1975-07-01,1975,7,18.97
1975-07-01,1975,7,21.861000000000004
1975-08-01,1975,8,21.741
1975-08-01,1975,8,19.108999999999995
1975-08-01,1975,8,17.810999999999996
1975-08-01,1975,8,21.718
1975-09-01,1975,9,18.051
1975-09-01,1975,9,16.018
1975-09-01,1975,9,15.443000000000003
1975-09-01,1975,9,18.899999999999995
1975-10-01,1975,10,8.996
1975-10-01,1975,10,6.77
1975-10-01,1975,10,7.926999999999999
1975-10-01,1975,10,12.086999999999998
1975-11-01,1975,11,1.3049999999999982
1975-11-01,1975,11,-1.1660000000000004
1975-11-01,1975,11,0.2559999999999994
1975-11-01,1975,11,6.177999999999998
1975-12-01,1975,12,-0.918
1975-12-01,1975,12,-2.105000000000001
1975-12-01,1975,12,-1.4329999999999998
1975-12-01,1975,12,3.682
1976-01-01,1976,1,-4.021
1976-01-01,1976,1,-7.272000000000001
1976-01-01,1976,1,-4.59
1976-01-01,1976,1,1.253000000000001
1976-02-01,1976,2,-8.104999999999999
1976-02-01,1976,2,-10.498
1976-02-01,1976,2,-6.925999999999999
1976-02-01,1976,2,-3.973999999999999
1976-03-01,1976,3,0.614000000000002
1976-03-01,1976,3,-0.968
1976-03-01,1976,3,-1.4669999999999996
1976-03-01,1976,3,1.722999999999999
1976-04-01,1976,4,10.927
1976-04-01,1976,4,9.738
1976-04-01,1976,4,8.328999999999999
1976-04-01,1976,4,9.847
1976-05-01,1976,5,13.895
1976-05-01,1976,5,12.273
1976-05-01,1976,5,12.107
1976-05-01,1976,5,12.974999999999998
1976-06-01,1976,6,18.125
1976-06-01,1976,6,16.201
1976-06-01,1976,6,15.442
1976-06-01,1976,6,17.239
1976-07-01,1976,7,20.109
1976-07-01,1976,7,18.024
1976-07-01,1976,7,18.229000000000003
1976-07-01,1976,7,19.811000000000003
1976-08-01,1976,8,18.281
1976-08-01,1976,8,16.625
1976-08-01,1976,8,15.43
1976-08-01,1976,8,18.488999999999997
1976-09-01,1976,9,14.946000000000002
1976-09-01,1976,9,13.297000000000002
1976-09-01,1976,9,13.243000000000002
1976-09-01,1976,9,16.122
1976-10-01,1976,10,5.7360000000000015
1976-10-01,1976,10,3.552
1976-10-01,1976,10,6.941
1976-10-01,1976,10,9.347
1976-11-01,1976,11,3.4360000000000017
1976-11-01,1976,11,1.966000000000001
1976-11-01,1976,11,4.007999999999999
1976-11-01,1976,11,8.079999999999998
1976-12-01,1976,12,0.1100000000000002
1976-12-01,1976,12,-1.4470000000000007
1976-12-01,1976,12,-1.7350000000000003
1976-12-01,1976,12,5.277000000000002
1977-01-01,1977,1,-6.469
1977-01-01,1977,1,-8.137
1977-01-01,1977,1,-0.4609999999999993
1977-02-01,1977,2,2.202
1977-02-01,1977,2,-1.5140000000000005
1977-02-01,1977,2,0.567000000000001
1977-02-01,1977,2,5.443999999999999
1977-03-01,1977,3,3.882
1977-03-01,1977,3,2.5320000000000005
1977-03-01,1977,3,4.981000000000001
1977-03-01,1977,3,4.715999999999998
1977-04-01,1977,4,9.246
1977-04-01,1977,4,8.782999999999998
1977-04-01,1977,4,7.422000000000001
1977-04-01,1977,4,8.782999999999998
1977-05-01,1977,5,15.552999999999995
1977-05-01,1977,5,15.207
1977-05-01,1977,5,13.814
1977-05-01,1977,5,14.084
1977-06-01,1977,6,18.383
1977-06-01,1977,6,17.59
1977-06-01,1977,6,16.778000000000002
1977-06-01,1977,6,17.303
1977-07-01,1977,7,20.766
1977-07-01,1977,7,19.194
1977-07-01,1977,7,17.232000000000003
1977-07-01,1977,7,20.285000000000004
1977-08-01,1977,8,19.868
1977-08-01,1977,8,17.343
1977-08-01,1977,8,16.461
1977-08-01,1977,8,20.294
1977-09-01,1977,9,13.832
1977-09-01,1977,9,11.285999999999998
1977-09-01,1977,9,15.533000000000005
1977-10-01,1977,10,7.706000000000001
1977-10-01,1977,10,6.456999999999999
1977-10-01,1977,10,8.990999999999998
1977-10-01,1977,10,10.51
1977-11-01,1977,11,6.207000000000002
1977-11-01,1977,11,3.905000000000002
1977-11-01,1977,11,4.524
1977-11-01,1977,11,10.799
1977-12-01,1977,12,-3.563999999999999
1977-12-01,1977,12,-6.007000000000001
1977-12-01,1977,12,-3.1180000000000003
1977-12-01,1977,12,1.753
1978-01-01,1978,1,-5.0440000000000005
1978-01-01,1978,1,-7.59
1978-01-01,1978,1,-3.820000000000001
1978-01-01,1978,1,0.1030000000000007
1978-02-01,1978,2,-2.3320000000000007
1978-02-01,1978,2,-5.795
1978-02-01,1978,2,-5.466999999999999
1978-02-01,1978,2,1.4830000000000017
1978-03-01,1978,3,4.0070000000000014
1978-03-01,1978,3,2.1170000000000004
1978-03-01,1978,3,3.516999999999998
1978-03-01,1978,3,5.343000000000002
1978-04-01,1978,4,9.017000000000005
1978-04-01,1978,4,7.979999999999999
1978-04-01,1978,4,6.846999999999998
1978-04-01,1978,4,8.492999999999999
1978-05-01,1978,5,13.701
1978-05-01,1978,5,12.729
1978-05-01,1978,5,11.447
1978-05-01,1978,5,12.69
1978-06-01,1978,6,18.256
1978-06-01,1978,6,16.251
1978-06-01,1978,6,15.227
1978-06-01,1978,6,17.362000000000002
1978-07-01,1978,7,19.695
1978-07-01,1978,7,17.53
1978-07-01,1978,7,16.439999999999998
1978-07-01,1978,7,19.491
1978-08-01,1978,8,19.283
1978-08-01,1978,8,17.764
1978-08-01,1978,8,16.258
1978-08-01,1978,8,19.367999999999995
1978-09-01,1978,9,15.111999999999998
1978-09-01,1978,9,12.159
1978-09-01,1978,9,11.23
1978-09-01,1978,9,16.606
1978-10-01,1978,10,9.665
1978-10-01,1978,10,7.334
1978-10-01,1978,10,8.477
1978-10-01,1978,10,12.617
1978-11-01,1978,11,4.661999999999998
1978-11-01,1978,11,4.434000000000001
1978-11-01,1978,11,3.785999999999999
1978-11-01,1978,11,8.104999999999999
1978-12-01,1978,12,-4.1850000000000005
1978-12-01,1978,12,-7.385999999999999
1978-12-01,1978,12,-4.8100000000000005
1978-12-01,1978,12,2.2109999999999985
1979-01-01,1979,1,-3.045000000000001
1979-01-01,1979,1,-5.996
1979-01-01,1979,1,-5.637
1979-01-01,1979,1,1.8100000000000012
1979-02-01,1979,2,-3.3149999999999995
1979-02-01,1979,2,-7.233999999999999
1979-02-01,1979,2,-6.300999999999999
1979-02-01,1979,2,0.6019999999999983
1979-03-01,1979,3,3.948
1979-03-01,1979,3,1.878000000000001
1979-03-01,1979,3,2.5540000000000003
1979-03-01,1979,3,5.486000000000001
1979-04-01,1979,4,8.155000000000001
1979-04-01,1979,4,6.333
1979-04-01,1979,4,6.6850000000000005
1979-04-01,1979,4,8.228999999999997
1979-05-01,1979,5,19.02
1979-05-01,1979,5,17.937000000000005
1979-05-01,1979,5,14.761
1979-05-01,1979,5,16.71
1979-06-01,1979,6,22.053000000000004
1979-06-01,1979,6,20.765
1979-06-01,1979,6,19.263
1979-06-01,1979,6,20.02
1979-07-01,1979,7,19.818
1979-07-01,1979,7,17.422
1979-07-01,1979,7,15.672999999999998
1979-07-01,1979,7,19.369
1979-08-01,1979,8,21.473
1979-08-01,1979,8,19.214
1979-08-01,1979,8,17.349999999999998
1979-08-01,1979,8,21.409
1979-09-01,1979,9,16.711
1979-09-01,1979,9,14.547999999999998
1979-09-01,1979,9,14.159
1979-09-01,1979,9,17.970000000000002
1979-10-01,1979,10,7.044999999999998
1979-10-01,1979,10,5.098000000000001
1979-10-01,1979,10,6.106
1979-10-01,1979,10,10.252999999999998
1979-11-01,1979,11,3.1459999999999986
1979-11-01,1979,11,0.5579999999999983
1979-11-01,1979,11,1.809
1979-11-01,1979,11,8.133999999999999
1979-12-01,1979,12,0.7199999999999996
1979-12-01,1979,12,-1.3320000000000003
1979-12-01,1979,12,0.0450000000000017
1979-12-01,1979,12,5.94
1980-01-01,1980,1,-5.492999999999999
1980-01-01,1980,1,-8.455
1980-01-01,1980,1,-7.876
1980-01-01,1980,1,-0.7489999999999992
1980-02-01,1980,2,-2.975
1980-02-01,1980,2,-5.870999999999999
1980-02-01,1980,2,-2.509000000000001
1980-02-01,1980,2,0.1860000000000007
1980-03-01,1980,3,-1.0610000000000004
1980-03-01,1980,3,-4.426999999999999
1980-03-01,1980,3,-1.8570000000000004
1980-03-01,1980,3,1.128
1980-04-01,1980,4,8.001999999999999
1980-04-01,1980,4,6.587
1980-04-01,1980,4,6.417000000000002
1980-04-01,1980,4,7.916999999999998
1980-05-01,1980,5,13.499999999999998
1980-05-01,1980,5,11.336999999999998
1980-05-01,1980,5,10.113999999999995
1980-05-01,1980,5,12.57
1980-06-01,1980,6,18.422
1980-06-01,1980,6,17.56
1980-06-01,1980,6,15.766
1980-06-01,1980,6,17.291000000000004
1980-07-01,1980,7,20.814
1980-07-01,1980,7,19.166000000000004
1980-07-01,1980,7,17.285
1980-07-01,1980,7,20.273
1980-08-01,1980,8,19.294
1980-08-01,1980,8,17.231
1980-08-01,1980,8,16.48
1980-08-01,1980,8,19.688
1980-09-01,1980,9,14.344
1980-09-01,1980,9,13.509000000000002
1980-09-01,1980,9,12.747999999999998
1980-09-01,1980,9,15.743000000000002
1980-10-01,1980,10,9.720999999999998
1980-10-01,1980,10,8.140999999999998
1980-10-01,1980,10,8.819
1980-10-01,1980,10,13.031000000000002
1980-11-01,1980,11,3.931999999999998
1980-11-01,1980,11,0.9469999999999996
1980-11-01,1980,11,1.3040000000000005
1980-11-01,1980,11,8.323
1980-12-01,1980,12,1.1169999999999982
1980-12-01,1980,12,-1.815
1980-12-01,1980,12,-1.900000000000001
1980-12-01,1980,12,5.831000000000001
1981-01-01,1981,1,-1.527
1981-01-01,1981,1,-4.519
1981-01-01,1981,1,-5.797000000000001
1981-01-01,1981,1,2.5699999999999985
1981-02-01,1981,2,-0.2829999999999997
1981-02-01,1981,2,-2.496999999999999
1981-02-01,1981,2,-2.063
1981-02-01,1981,2,2.483
1981-03-01,1981,3,2.805
1981-03-01,1981,3,0.9559999999999984
1981-03-01,1981,3,3.596
1981-03-01,1981,3,4.349999999999999
1981-04-01,1981,4,6.763000000000001
1981-04-01,1981,4,4.964999999999999
1981-04-01,1981,4,5.675000000000002
1981-04-01,1981,4,7.193000000000001
1981-05-01,1981,5,15.085
1981-05-01,1981,5,15.701
1981-05-01,1981,5,14.012
1981-05-01,1981,5,13.289
1981-06-01,1981,6,22.2
1981-06-01,1981,6,21.016
1981-06-01,1981,6,18.127
1981-06-01,1981,6,20.342
1981-07-01,1981,7,22.739
1981-07-01,1981,7,21.227
1981-07-01,1981,7,18.445
1981-07-01,1981,7,21.229
1981-08-01,1981,8,21.019
1981-08-01,1981,8,18.380000000000003
1981-08-01,1981,8,16.822000000000003
1981-08-01,1981,8,21.047999999999995
1981-09-01,1981,9,16.124000000000002
1981-09-01,1981,9,13.963
1981-09-01,1981,9,14.22
1981-09-01,1981,9,17.261999999999997
1981-10-01,1981,10,11.329
1981-10-01,1981,10,9.129
1981-10-01,1981,10,9.314
1981-10-01,1981,10,14.568
1981-11-01,1981,11,2.927
1981-11-01,1981,11,1.4870000000000003
1981-11-01,1981,11,2.3390000000000004
1981-11-01,1981,11,7.291000000000001
1981-12-01,1981,12,1.571000000000002
1981-12-01,1981,12,-1.3959999999999992
1981-12-01,1981,12,-3.2070000000000003
1981-12-01,1981,12,6.729999999999999
1982-01-01,1982,1,-3.4500000000000006
1982-01-01,1982,1,-4.165
1982-01-01,1982,1,-4.553
1982-01-01,1982,1,0.8239999999999981
1982-02-01,1982,2,-4.239
1982-02-01,1982,2,-6.0280000000000005
1982-02-01,1982,2,-4.38
1982-02-01,1982,2,-1.1359999999999992
1982-03-01,1982,3,2.3030000000000013
1982-03-01,1982,3,1.5040000000000002
1982-03-01,1982,3,2.6810000000000005
1982-03-01,1982,3,3.1740000000000004
1982-04-01,1982,4,7.816000000000002
1982-04-01,1982,4,6.627000000000002
1982-04-01,1982,4,5.672000000000001
1982-04-01,1982,4,7.694999999999999
1982-05-01,1982,5,15.904000000000003
1982-05-01,1982,5,14.464000000000002
1982-05-01,1982,5,14.368999999999996
1982-05-01,1982,5,14.552
1982-06-01,1982,6,18.332999999999995
1982-06-01,1982,6,16.451999999999998
1982-06-01,1982,6,16.005
1982-06-01,1982,6,17.656
1982-07-01,1982,7,19.699
1982-07-01,1982,7,18.455
1982-07-01,1982,7,18.05400000000001
1982-07-01,1982,7,19.181
1982-08-01,1982,8,21.312
1982-08-01,1982,8,19.19
1982-08-01,1982,8,18.524
1982-08-01,1982,8,21.228
1982-09-01,1982,9,17.519
1982-09-01,1982,9,14.901000000000002
1982-09-01,1982,9,15.738999999999995
1982-09-01,1982,9,18.922
1982-10-01,1982,10,9.119
1982-10-01,1982,10,7.679999999999999
1982-10-01,1982,10,8.484
1982-10-01,1982,10,12.227
1982-11-01,1982,11,3.838
1982-11-01,1982,11,3.3280000000000007
1982-11-01,1982,11,3.718
1982-11-01,1982,11,8.062999999999997
1982-12-01,1982,12,2.572000000000002
1982-12-01,1982,12,1.3959999999999992
1982-12-01,1982,12,1.2099999999999984
1982-12-01,1982,12,7.271999999999998
1983-01-01,1983,1,-0.5510000000000007
1983-01-01,1983,1,-1.356999999999999
1983-01-01,1983,1,1.527000000000002
1983-01-01,1983,1,3.5859999999999994
1983-02-01,1983,2,-1.1689999999999994
1983-02-01,1983,2,-3.362
1983-02-01,1983,2,-3.208
1983-02-01,1983,2,1.6989999999999996
1983-03-01,1983,3,3.7240000000000015
1983-03-01,1983,3,2.1669999999999985
1983-03-01,1983,3,3.800000000000002
1983-03-01,1983,3,4.835999999999999
1983-04-01,1983,4,11.675
1983-04-01,1983,4,10.915
1983-04-01,1983,4,10.298
1983-04-01,1983,4,10.758000000000004
1983-05-01,1983,5,17.917000000000005
1983-05-01,1983,5,17.491
1983-05-01,1983,5,16.016000000000002
1983-05-01,1983,5,16.202
1983-06-01,1983,6,19.575000000000003
1983-06-01,1983,6,17.942999999999998
1983-06-01,1983,6,16.680999999999997
1983-06-01,1983,6,17.995000000000005
1983-07-01,1983,7,21.336
1983-07-01,1983,7,19.331
1983-07-01,1983,7,18.469999999999995
1983-07-01,1983,7,20.886000000000006
1983-08-01,1983,8,19.681
1983-08-01,1983,8,18.441
1983-08-01,1983,8,17.717
1983-08-01,1983,8,19.732000000000003
1983-09-01,1983,9,17.156
1983-09-01,1983,9,15.244
1983-09-01,1983,9,14.886000000000005
1983-09-01,1983,9,18.195999999999994
1983-10-01,1983,10,9.547000000000002
1983-10-01,1983,10,7.7429999999999986
1983-10-01,1983,10,8.291
1983-10-01,1983,10,12.088
1983-11-01,1983,11,1.9959999999999984
1983-11-01,1983,11,0.6040000000000015
1983-11-01,1983,11,0.9750000000000014
1983-11-01,1983,11,5.892000000000001
1983-12-01,1983,12,-1.229999999999999
1983-12-01,1983,12,-2.197999999999999
1983-12-01,1983,12,-2.048999999999999
1983-12-01,1983,12,3.647
1984-01-01,1984,1,-0.4410000000000005
1984-01-01,1984,1,-2.8520000000000008
1984-01-01,1984,1,-1.4009999999999994
1984-01-01,1984,1,4.261999999999999
1984-02-01,1984,2,-3.954
1984-02-01,1984,2,-6.383
1984-02-01,1984,2,-3.214
1984-02-01,1984,2,-0.1090000000000005
1984-03-01,1984,3,1.6669999999999991
1984-03-01,1984,3,0.5430000000000016
1984-03-01,1984,3,0.1940000000000018
1984-03-01,1984,3,2.989000000000001
1984-04-01,1984,4,9.351
1984-04-01,1984,4,9.146999999999998
1984-04-01,1984,4,8.576
1984-04-01,1984,4,8.160999999999998
1984-05-01,1984,5,17.296000000000003
1984-05-01,1984,5,17.051000000000002
1984-05-01,1984,5,14.072
1984-05-01,1984,5,15.064999999999998
1984-06-01,1984,6,18.169
1984-06-01,1984,6,16.099999999999998
1984-06-01,1984,6,14.701999999999998
1984-06-01,1984,6,17.291000000000004
1984-07-01,1984,7,20.072
1984-07-01,1984,7,17.713
1984-07-01,1984,7,16.233
1984-07-01,1984,7,19.726
1984-08-01,1984,8,19.533
1984-08-01,1984,8,17.993000000000002
1984-08-01,1984,8,17.347
1984-08-01,1984,8,19.748000000000005
1984-09-01,1984,9,17.647000000000002
1984-09-01,1984,9,15.141
1984-09-01,1984,9,14.399
1984-09-01,1984,9,19.067
1984-10-01,1984,10,11.221
1984-10-01,1984,10,9.211
1984-10-01,1984,10,10.197
1984-10-01,1984,10,14.428999999999998
1984-11-01,1984,11,1.8159999999999996
1984-11-01,1984,11,-0.0789999999999994
1984-11-01,1984,11,1.885999999999998
1984-11-01,1984,11,6.947000000000002
1984-12-01,1984,12,-4.087
1984-12-01,1984,12,-5.848999999999999
1984-12-01,1984,12,-2.7030000000000007
1984-12-01,1984,12,1.7190000000000003
1985-01-01,1985,1,-6.111000000000001
1985-01-01,1985,1,-9.829
1985-01-01,1985,1,-10.066
1985-01-01,1985,1,-0.9880000000000008
1985-02-01,1985,2,-12.384
1985-02-01,1985,2,-14.063
1985-02-01,1985,2,-11.135
1985-02-01,1985,2,-7.899999999999999
1985-03-01,1985,3,-3.2890000000000006
1985-03-01,1985,3,-3.712
1985-03-01,1985,3,0.2749999999999986
1985-03-01,1985,3,-1.1490000000000005
1985-04-01,1985,4,9.595
1985-04-01,1985,4,8.811
1985-04-01,1985,4,8.448
1985-04-01,1985,4,9.285999999999998
1985-05-01,1985,5,17.854000000000003
1985-05-01,1985,5,17.152
1985-05-01,1985,5,15.191
1985-05-01,1985,5,15.951999999999998
1985-06-01,1985,6,18.037
1985-06-01,1985,6,16.904
1985-06-01,1985,6,15.031
1985-06-01,1985,6,16.849000000000004
1985-07-01,1985,7,19.718000000000004
1985-07-01,1985,7,18.117000000000004
1985-07-01,1985,7,17.330000000000002
1985-07-01,1985,7,19.131
1985-08-01,1985,8,22.208
1985-08-01,1985,8,20.344000000000005
1985-08-01,1985,8,18.767000000000003
1985-08-01,1985,8,21.984
1985-09-01,1985,9,14.211
1985-09-01,1985,9,12.524
1985-09-01,1985,9,12.259000000000002
1985-09-01,1985,9,15.749
1985-10-01,1985,10,8.312
1985-10-01,1985,10,7.555999999999999
1985-10-01,1985,10,7.698000000000001
1985-10-01,1985,10,10.556
1985-11-01,1985,11,1.617999999999999
1985-11-01,1985,11,-1.8599999999999997
1985-11-01,1985,11,0.1030000000000007
1985-11-01,1985,11,6.783999999999999
1985-12-01,1985,12,-0.9770000000000008
1985-12-01,1985,12,-2.3650000000000007
1985-12-01,1985,12,0.8859999999999997
1985-12-01,1985,12,4.519
1986-01-01,1986,1,-1.106
1986-01-01,1986,1,-3.352
1986-01-01,1986,1,-2.293000000000001
1986-01-01,1986,1,3.6630000000000016
1986-02-01,1986,2,-6.577999999999999
1986-02-01,1986,2,-9.969
1986-02-01,1986,2,-9.13
1986-02-01,1986,2,-2.184
1986-03-01,1986,3,2.229
1986-03-01,1986,3,0.091000000000001
1986-03-01,1986,3,1.2099999999999984
1986-03-01,1986,3,3.1879999999999997
1986-04-01,1986,4,11.361000000000002
1986-04-01,1986,4,9.956
1986-04-01,1986,4,10.545
1986-05-01,1986,5,16.476
1986-05-01,1986,5,15.875999999999998
1986-05-01,1986,5,14.893
1986-05-01,1986,5,14.714
1986-06-01,1986,6,20.537
1986-06-01,1986,6,19.539
1986-06-01,1986,6,17.014
1986-06-01,1986,6,19.182
1986-07-01,1986,7,21.223000000000003
1986-07-01,1986,7,19.278
1986-07-01,1986,7,17.824
1986-07-01,1986,7,20.367
1986-08-01,1986,8,22.648000000000003
1986-08-01,1986,8,19.829
1986-08-01,1986,8,18.324
1986-08-01,1986,8,22.389000000000003
1986-09-01,1986,9,16.545
1986-09-01,1986,9,12.717
1986-09-01,1986,9,12.003000000000002
1986-09-01,1986,9,17.771
1986-10-01,1986,10,8.626000000000001
1986-10-01,1986,10,6.482
1986-10-01,1986,10,7.518999999999999
1986-10-01,1986,10,11.195000000000002
1986-11-01,1986,11,1.4229999999999994
1986-11-01,1986,11,0.9920000000000012
1986-11-01,1986,11,3.8460000000000014
1986-11-01,1986,11,5.953999999999999
1986-12-01,1986,12,-2.6910000000000007
1986-12-01,1986,12,-3.734
1986-12-01,1986,12,2.107
1987-01-01,1987,1,-10.261
1987-01-01,1987,1,-15.275
1987-01-01,1987,1,-12.857999999999995
1987-01-01,1987,1,-3.4500000000000006
1987-02-01,1987,2,-3.571000000000001
1987-02-01,1987,2,-4.91
1987-02-01,1987,2,-2.2809999999999997
1987-02-01,1987,2,-0.3140000000000004
1987-03-01,1987,3,-5.282
1987-03-01,1987,3,-6.629000000000001
1987-03-01,1987,3,-3.948
1987-03-01,1987,3,-2.958
1987-04-01,1987,4,5.476
1987-04-01,1987,4,4.439000000000001
1987-04-01,1987,4,6.663
1987-04-01,1987,4,5.892999999999999
1987-05-01,1987,5,14.649
1987-05-01,1987,5,14.455
1987-05-01,1987,5,12.586
1987-05-01,1987,5,12.691999999999998
1987-06-01,1987,6,19.374
1987-06-01,1987,6,18.095
1987-06-01,1987,6,16.929999999999996
1987-06-01,1987,6,18.282
1987-07-01,1987,7,22.935
1987-07-01,1987,7,19.847
1987-07-01,1987,7,19.248
1987-07-01,1987,7,22.349000000000004
1987-08-01,1987,8,18.747
1987-08-01,1987,8,16.411
1987-08-01,1987,8,15.438
1987-08-01,1987,8,19.209
1987-09-01,1987,9,15.291999999999998
1987-09-01,1987,9,12.795
1987-09-01,1987,9,13.36
1987-09-01,1987,9,17.107
1987-10-01,1987,10,8.035999999999998
1987-10-01,1987,10,6.2940000000000005
1987-10-01,1987,10,7.737000000000001
1987-10-01,1987,10,10.806999999999997
1987-11-01,1987,11,3.8489999999999984
1987-11-01,1987,11,1.4950000000000014
1987-11-01,1987,11,3.613
1987-11-01,1987,11,8.615
1987-12-01,1987,12,-2.395
1987-12-01,1987,12,-4.242999999999999
1987-12-01,1987,12,-1.4509999999999994
1987-12-01,1987,12,2.9409999999999985
1988-01-01,1988,1,-4.4830000000000005
1988-01-01,1988,1,-5.988000000000001
1988-01-01,1988,1,-0.951
1988-01-01,1988,1,1.4650000000000003
1988-02-01,1988,2,-1.726
1988-02-01,1988,2,-3.663
1988-02-01,1988,2,-0.8900000000000001
1988-02-01,1988,2,1.473999999999999
1988-03-01,1988,3,3.2149999999999994
1988-03-01,1988,3,1.5909999999999986
1988-03-01,1988,3,0.7720000000000008
1988-04-01,1988,4,9.000000000000002
1988-04-01,1988,4,7.879999999999999
1988-04-01,1988,4,6.990999999999998
1988-04-01,1988,4,8.415
1988-05-01,1988,5,15.242
1988-05-01,1988,5,15.051
1988-05-01,1988,5,14.707
1988-05-01,1988,5,14.139
1988-06-01,1988,6,19.34
1988-06-01,1988,6,18.419
1988-06-01,1988,6,16.316
1988-06-01,1988,6,18.137000000000004
1988-07-01,1988,7,23.338
1988-07-01,1988,7,21.585
1988-07-01,1988,7,19.758000000000003
1988-07-01,1988,7,22.633
1988-08-01,1988,8,21.499
1988-08-01,1988,8,18.512
1988-08-01,1988,8,17.740000000000002
1988-08-01,1988,8,21.82
1988-09-01,1988,9,15.413000000000002
1988-09-01,1988,9,13.848
1988-09-01,1988,9,13.725
1988-09-01,1988,9,16.832
1988-10-01,1988,10,7.928000000000001
1988-10-01,1988,10,6.327999999999999
1988-10-01,1988,10,6.866000000000001
1988-10-01,1988,10,10.797000000000002
1988-11-01,1988,11,-1.3030000000000008
1988-11-01,1988,11,-2.384
1988-11-01,1988,11,-1.5520000000000007
1988-11-01,1988,11,3.127
1988-12-01,1988,12,-2.384
1988-12-01,1988,12,-4.234000000000001
1988-12-01,1988,12,-1.217
1988-12-01,1988,12,2.969999999999998
1989-01-01,1989,1,-0.2640000000000005
1989-01-01,1989,1,-0.3389999999999994
1989-01-01,1989,1,0.5430000000000016
1989-01-01,1989,1,3.060999999999999
1989-02-01,1989,2,2.395
1989-02-01,1989,2,1.7719999999999994
1989-02-01,1989,2,2.908999999999998
1989-02-01,1989,2,4.400999999999999
1989-03-01,1989,3,6.160999999999998
1989-03-01,1989,3,4.959999999999998
1989-03-01,1989,3,5.167999999999999
1989-03-01,1989,3,6.998000000000001
1989-04-01,1989,4,11.684
1989-04-01,1989,4,9.865
1989-04-01,1989,4,11.411
1989-05-01,1989,5,15.268999999999998
1989-05-01,1989,5,14.757
1989-05-01,1989,5,13.941999999999998
1989-05-01,1989,5,14.019
1989-06-01,1989,6,20.062
1989-06-01,1989,6,19.739999999999995
1989-06-01,1989,6,16.059
1989-06-01,1989,6,17.762999999999998
1989-07-01,1989,7,20.946
1989-07-01,1989,7,19.353
1989-07-01,1989,7,18.364
1989-07-01,1989,7,20.491
1989-08-01,1989,8,22.456
1989-08-01,1989,8,19.332
1989-08-01,1989,8,17.867
1989-08-01,1989,8,22.528
1989-09-01,1989,9,15.794000000000002
1989-09-01,1989,9,14.522
1989-09-01,1989,9,13.968000000000002
1989-09-01,1989,9,16.881999999999998
1989-10-01,1989,10,10.195
1989-10-01,1989,10,8.491
1989-10-01,1989,10,9.617
1989-10-01,1989,10,12.630999999999998
1989-11-01,1989,11,1.709
1989-11-01,1989,11,0.0239999999999993
1989-11-01,1989,11,1.1510000000000018
1989-11-01,1989,11,6.368999999999999
1989-12-01,1989,12,0.3699999999999982
1989-12-01,1989,12,-1.2600000000000005
1989-12-01,1989,12,0.4770000000000015
1989-12-01,1989,12,4.924
1990-01-01,1990,1,-0.1970000000000007
1990-01-01,1990,1,-0.6130000000000003
1990-01-01,1990,1,0.4019999999999986
1990-01-01,1990,1,2.6919999999999984
1990-02-01,1990,2,2.6899999999999995
1990-02-01,1990,2,2.208999999999999
1990-02-01,1990,2,3.8319999999999994
1990-02-01,1990,2,4.920999999999999
1990-03-01,1990,3,7.354999999999999
1990-03-01,1990,3,6.257
1990-03-01,1990,3,6.207999999999999
1990-03-01,1990,3,7.816999999999999
1990-04-01,1990,4,10.161
1990-04-01,1990,4,9.488
1990-04-01,1990,4,8.551000000000002
1990-04-01,1990,4,9.637
1990-05-01,1990,5,14.942
1990-05-01,1990,5,13.831
1990-05-01,1990,5,13.468000000000002
1990-05-01,1990,5,13.707999999999998
1990-06-01,1990,6,18.678000000000004
1990-06-01,1990,6,16.572
1990-06-01,1990,6,16.695
1990-06-01,1990,6,17.927000000000003
1990-07-01,1990,7,21.527
1990-07-01,1990,7,18.630000000000003
1990-07-01,1990,7,16.982
1990-07-01,1990,7,21.242000000000004
1990-08-01,1990,8,20.68
1990-08-01,1990,8,18.285
1990-08-01,1990,8,17.516
1990-08-01,1990,8,20.932
1990-09-01,1990,9,12.239999999999998
1990-09-01,1990,9,11.363
1990-09-01,1990,9,16.529999999999998
1990-10-01,1990,10,9.205000000000002
1990-10-01,1990,10,7.667000000000002
1990-10-01,1990,10,8.690000000000001
1990-10-01,1990,10,12.257
1990-11-01,1990,11,7.100999999999998
1990-11-01,1990,11,4.744999999999998
1990-11-01,1990,11,4.775
1990-11-01,1990,11,11.204
1990-12-01,1990,12,-0.6479999999999997
1990-12-01,1990,12,-2.5320000000000005
1990-12-01,1990,12,-1.35
1990-12-01,1990,12,4.952999999999999
1991-01-01,1991,1,-1.1739999999999997
1991-01-01,1991,1,-2.4600000000000004
1991-01-01,1991,1,-1.1019999999999994
1991-01-01,1991,1,2.6620000000000013
1991-02-01,1991,2,-4.7940000000000005
1991-02-01,1991,2,-6.162
1991-02-01,1991,2,-4.872
1991-02-01,1991,2,-1.2789999999999997
1991-03-01,1991,3,1.8460000000000003
1991-03-01,1991,3,0.0930000000000003
1991-03-01,1991,3,3.2589999999999995
1991-03-01,1991,3,2.9409999999999985
1991-04-01,1991,4,9.874000000000002
1991-04-01,1991,4,8.736999999999998
1991-04-01,1991,4,7.236
1991-04-01,1991,4,8.969
1991-05-01,1991,5,14.087
1991-05-01,1991,5,13.11
1991-05-01,1991,5,11.259
1991-05-01,1991,5,12.898
1991-06-01,1991,6,20.725000000000005
1991-06-01,1991,6,19.254
1991-06-01,1991,6,16.456000000000003
1991-06-01,1991,6,18.969
1991-07-01,1991,7,23.762999999999995
1991-07-01,1991,7,21.25
1991-07-01,1991,7,19.207
1991-07-01,1991,7,22.722000000000005
1991-08-01,1991,8,20.689000000000004
1991-08-01,1991,8,18.81
1991-08-01,1991,8,18.044
1991-08-01,1991,8,21.261000000000003
1991-09-01,1991,9,16.15
1991-09-01,1991,9,14.419000000000002
1991-09-01,1991,9,17.207
1991-10-01,1991,10,11.068000000000003
1991-10-01,1991,10,8.736999999999998
1991-10-01,1991,10,7.781999999999998
1991-10-01,1991,10,13.781
1991-11-01,1991,11,3.4800000000000018
1991-11-01,1991,11,2.005000000000001
1991-11-01,1991,11,3.9419999999999984
1991-11-01,1991,11,7.835000000000002
1991-12-01,1991,12,-2.2430000000000008
1991-12-01,1991,12,-3.081
1991-12-01,1991,12,-3.0860000000000003
1991-12-01,1991,12,1.651000000000001
1992-01-01,1992,1,-1.9539999999999995
1992-01-01,1992,1,-2.313
1992-01-01,1992,1,-2.4380000000000006
1992-01-01,1992,1,1.593000000000002
1992-02-01,1992,2,-2.203999999999999
1992-02-01,1992,2,-2.5129999999999995
1992-02-01,1992,2,-0.8369999999999993
1992-02-01,1992,2,0.3110000000000015
1992-03-01,1992,3,4.424
1992-03-01,1992,3,3.587000000000001
1992-03-01,1992,3,3.413
1992-03-01,1992,3,5.037000000000001
1992-04-01,1992,4,8.374
1992-04-01,1992,4,6.848
1992-04-01,1992,4,7.320000000000001
1992-04-01,1992,4,8.248000000000001
1992-05-01,1992,5,14.54
1992-05-01,1992,5,13.553
1992-05-01,1992,5,12.791999999999998
1992-05-01,1992,5,13.142
1992-06-01,1992,6,19.244000000000003
1992-06-01,1992,6,18.644
1992-06-01,1992,6,17.868999999999996
1992-06-01,1992,6,18.149
1992-07-01,1992,7,21.57
1992-07-01,1992,7,20.166
1992-07-01,1992,7,19.408
1992-07-01,1992,7,20.772
1992-08-01,1992,8,24.573
1992-08-01,1992,8,22.291000000000004
1992-08-01,1992,8,21.581
1992-08-01,1992,8,24.217
1992-09-01,1992,9,14.964000000000002
1992-09-01,1992,9,13.533
1992-09-01,1992,9,12.545000000000002
1992-09-01,1992,9,16.389
1992-10-01,1992,10,9.085
1992-10-01,1992,10,5.965000000000001
1992-10-01,1992,10,6.284
1992-10-01,1992,10,12.760000000000002
1992-11-01,1992,11,3.712999999999999
1992-11-01,1992,11,1.211
1992-11-01,1992,11,3.1180000000000003
1992-11-01,1992,11,8.166
1992-12-01,1992,12,-3.2929999999999997
1992-12-01,1992,12,-4.154
1992-12-01,1992,12,-1.8460000000000003
1992-12-01,1992,12,1.7760000000000018
1993-01-01,1993,1,-1.604
1993-01-01,1993,1,-2.041
1993-01-01,1993,1,-1.4719999999999998
1993-01-01,1993,1,2.164000000000001
1993-02-01,1993,2,-1.7769999999999997
1993-02-01,1993,2,-2.5760000000000005
1993-02-01,1993,2,-2.420000000000001
1993-02-01,1993,2,0.4810000000000001
1993-03-01,1993,3,1.3859999999999988
1993-03-01,1993,3,0.3370000000000001
1993-03-01,1993,3,0.2089999999999984
1993-03-01,1993,3,2.794000000000002
1993-04-01,1993,4,8.447
1993-04-01,1993,4,7.561000000000001
1993-04-01,1993,4,8.072999999999999
1993-04-01,1993,4,8.036999999999999
1993-05-01,1993,5,16.381999999999998
1993-05-01,1993,5,16.159
1993-05-01,1993,5,16.099999999999998
1993-05-01,1993,5,14.456
1993-06-01,1993,6,18.374
1993-06-01,1993,6,16.573999999999998
1993-06-01,1993,6,15.861
1993-06-01,1993,6,17.824999999999996
1993-07-01,1993,7,19.962000000000003
1993-07-01,1993,7,18.268000000000004
1993-07-01,1993,7,16.76
1993-07-01,1993,7,19.555
1993-08-01,1993,8,20.521
1993-08-01,1993,8,17.376999999999995
1993-08-01,1993,8,16.881000000000004
1993-08-01,1993,8,21.024
1993-09-01,1993,9,14.341
1993-09-01,1993,9,11.419000000000002
1993-09-01,1993,9,12.257
1993-09-01,1993,9,16.180999999999997
1993-10-01,1993,10,9.732
1993-10-01,1993,10,7.285
1993-10-01,1993,10,8.938
1993-10-01,1993,10,12.966
1993-11-01,1993,11,-4.127999999999999
1993-11-01,1993,11,-6.729000000000001
1993-11-01,1993,11,-3.1120000000000005
1993-11-01,1993,11,1.5719999999999996
1993-12-01,1993,12,0.777000000000001
1993-12-01,1993,12,-0.9120000000000004
1993-12-01,1993,12,1.1240000000000014
1993-12-01,1993,12,5.605
1994-01-01,1994,1,1.2319999999999984
1994-01-01,1994,1,-0.0949999999999996
1994-01-01,1994,1,1.3290000000000015
1994-01-01,1994,1,4.927999999999998
1994-02-01,1994,2,-3.442999999999999
1994-02-01,1994,2,-6.786
1994-02-01,1994,2,-2.8750000000000004
1994-02-01,1994,2,-0.022
1994-03-01,1994,3,3.0729999999999986
1994-03-01,1994,3,0.6929999999999994
1994-03-01,1994,3,3.6680000000000015
1994-03-01,1994,3,4.718000000000002
1994-04-01,1994,4,11.781000000000002
1994-04-01,1994,4,10.89
1994-04-01,1994,4,9.437000000000005
1994-04-01,1994,4,11.177999999999995
1994-05-01,1994,5,15.442
1994-05-01,1994,5,13.408
1994-05-01,1994,5,13.078
1994-05-01,1994,5,14.647
1994-06-01,1994,6,18.192
1994-06-01,1994,6,16.292
1994-06-01,1994,6,16.13
1994-06-01,1994,6,17.542
1994-07-01,1994,7,23.486
1994-07-01,1994,7,20.655
1994-07-01,1994,7,20.947
1994-07-01,1994,7,22.675
1994-08-01,1994,8,21.655
1994-08-01,1994,8,19.177000000000003
1994-08-01,1994,8,18.702
1994-08-01,1994,8,22.151
1994-09-01,1994,9,20.206000000000003
1994-09-01,1994,9,17.864999999999995
1994-09-01,1994,9,16.372
1994-09-01,1994,9,21.407
1994-10-01,1994,10,10.521999999999998
1994-10-01,1994,10,7.689000000000003
1994-10-01,1994,10,6.829000000000001
1994-10-01,1994,10,13.589
1994-11-01,1994,11,2.0229999999999984
1994-11-01,1994,11,0.5720000000000012
1994-11-01,1994,11,2.679000000000001
1994-11-01,1994,11,6.616
1994-12-01,1994,12,-2.1500000000000004
1994-12-01,1994,12,-4.619
1994-12-01,1994,12,-0.9670000000000004
1994-12-01,1994,12,3.111000000000001
1995-01-01,1995,1,-3.1460000000000004
1995-01-01,1995,1,-4.505000000000001
1995-01-01,1995,1,-2.8009999999999997
1995-01-01,1995,1,1.3310000000000006
1995-02-01,1995,2,3.0250000000000004
1995-02-01,1995,2,1.5199999999999985
1995-02-01,1995,2,2.4159999999999986
1995-02-01,1995,2,5.308000000000001
1995-03-01,1995,3,4.348
1995-03-01,1995,3,3.5990000000000006
1995-03-01,1995,3,2.886000000000001
1995-03-01,1995,3,5.411000000000001
1995-04-01,1995,4,9.320000000000002
1995-04-01,1995,4,8.812000000000003
1995-04-01,1995,4,7.611000000000002
1995-04-01,1995,4,9.062
1995-05-01,1995,5,14.704
1995-05-01,1995,5,12.945
1995-05-01,1995,5,13.521
1995-06-01,1995,6,21.605
1995-06-01,1995,6,20.363999999999997
1995-06-01,1995,6,17.728
1995-06-01,1995,6,20.059
1995-07-01,1995,7,22.843000000000004
1995-07-01,1995,7,20.356
1995-07-01,1995,7,20.21
1995-07-01,1995,7,22.381
1995-08-01,1995,8,21.052000000000003
1995-08-01,1995,8,19.139
1995-08-01,1995,8,18.34
1995-08-01,1995,8,21.279
1995-09-01,1995,9,15.814000000000002
1995-09-01,1995,9,14.015
1995-09-01,1995,9,13.265000000000002
1995-09-01,1995,9,17.115000000000002
1995-10-01,1995,10,9.308
1995-10-01,1995,10,7.861
1995-10-01,1995,10,9.515999999999998
1995-10-01,1995,10,11.878000000000002
1995-11-01,1995,11,1.0829999999999984
1995-11-01,1995,11,-0.6099999999999994
1995-11-01,1995,11,-0.4939999999999994
1995-11-01,1995,11,5.237
1995-12-01,1995,12,-4.398999999999999
1995-12-01,1995,12,-6.170000000000001
1995-12-01,1995,12,-5.632
1995-12-01,1995,12,1.1879999999999984
1996-01-01,1996,1,-7.677
1996-01-01,1996,1,-9.886000000000005
1996-01-01,1996,1,-7.587
1996-01-01,1996,1,-2.225
1996-02-01,1996,2,-5.206
1996-02-01,1996,2,-7.630000000000002
1996-02-01,1996,2,-6.930000000000001
1996-02-01,1996,2,-1.3459999999999992
1996-03-01,1996,3,-1.5559999999999994
1996-03-01,1996,3,-3.482000000000001
1996-03-01,1996,3,-2.9030000000000005
1996-03-01,1996,3,0.1359999999999988
1996-04-01,1996,4,9.142
1996-04-01,1996,4,8.768
1996-04-01,1996,4,8.043000000000001
1996-04-01,1996,4,8.277999999999999
1996-05-01,1996,5,18.897
1996-05-01,1996,5,18.321
1996-05-01,1996,5,16.726
1996-05-01,1996,5,16.922
1996-06-01,1996,6,20.25
1996-06-01,1996,6,18.312
1996-06-01,1996,6,17.241
1996-06-01,1996,6,19.010000000000005
1996-07-01,1996,7,22.676
1996-07-01,1996,7,19.699
1996-07-01,1996,7,17.03
1996-07-01,1996,7,21.882000000000005
1996-08-01,1996,8,21.247
1996-08-01,1996,8,19.169
1996-08-01,1996,8,18.212
1996-08-01,1996,8,21.134
1996-09-01,1996,9,13.088
1996-09-01,1996,9,11.399
1996-09-01,1996,9,10.577000000000002
1996-09-01,1996,9,14.759999999999998
1996-10-01,1996,10,9.494
1996-10-01,1996,10,7.879
1996-10-01,1996,10,8.741000000000001
1996-10-01,1996,10,12.124
1996-11-01,1996,11,7.794000000000001
1996-11-01,1996,11,6.272
1996-11-01,1996,11,6.108
1996-11-01,1996,11,11.849000000000002
1996-12-01,1996,12,-2.534
1996-12-01,1996,12,-4.856
1996-12-01,1996,12,-5.396000000000001
1996-12-01,1996,12,3.267000000000001
1997-01-01,1997,1,-6.329999999999999
1997-01-01,1997,1,-6.394
1997-01-01,1997,1,-5.707
1997-01-01,1997,1,-1.15
1997-02-01,1997,2,-2.047
1997-02-01,1997,2,-2.031999999999999
1997-02-01,1997,2,0.4500000000000013
1997-02-01,1997,2,1.007000000000002
1997-03-01,1997,3,2.3470000000000013
1997-03-01,1997,3,1.380999999999999
1997-03-01,1997,3,2.3359999999999994
1997-03-01,1997,3,3.370000000000001
1997-04-01,1997,4,6.965
1997-04-01,1997,4,5.618
1997-04-01,1997,4,4.683999999999998
1997-04-01,1997,4,6.512999999999999
1997-05-01,1997,5,16.703
1997-05-01,1997,5,15.478
1997-05-01,1997,5,14.463
1997-05-01,1997,5,15.404999999999998
1997-06-01,1997,6,19.92
1997-06-01,1997,6,18.496
1997-06-01,1997,6,17.269000000000002
1997-06-01,1997,6,18.739
1997-07-01,1997,7,21.007
1997-07-01,1997,7,19.602999999999994
1997-07-01,1997,7,18.09
1997-07-01,1997,7,20.511
1997-08-01,1997,8,19.82
1997-08-01,1997,8,18.908
1997-08-01,1997,8,18.379
1997-08-01,1997,8,19.853
1997-09-01,1997,9,12.947
1997-09-01,1997,9,11.441
1997-09-01,1997,9,12.84
1997-09-01,1997,9,14.427999999999995
1997-10-01,1997,10,7.747000000000002
1997-10-01,1997,10,6.004000000000001
1997-10-01,1997,10,5.992999999999999
1997-10-01,1997,10,10.579
1997-11-01,1997,11,3.1019999999999985
1997-11-01,1997,11,3.1849999999999983
1997-11-01,1997,11,8.369
1997-12-01,1997,12,-1.6900000000000008
1997-12-01,1997,12,-5.120000000000001
1997-12-01,1997,12,-1.9670000000000007
1997-12-01,1997,12,3.638999999999998
1998-01-01,1998,1,-1.2119999999999995
1998-01-01,1998,1,-1.996
1998-01-01,1998,1,-0.2669999999999994
1998-01-01,1998,1,3.059
1998-02-01,1998,2,0.2479999999999983
1998-02-01,1998,2,-0.8589999999999994
1998-02-01,1998,2,2.2830000000000004
1998-02-01,1998,2,2.845000000000001
1998-03-01,1998,3,2.269000000000001
1998-03-01,1998,3,0.8570000000000001
1998-03-01,1998,3,1.011999999999998
1998-03-01,1998,3,3.3759999999999994
1998-04-01,1998,4,11.990999999999998
1998-04-01,1998,4,9.605999999999998
1998-04-01,1998,4,10.257
1998-04-01,1998,4,11.43
1998-05-01,1998,5,15.675000000000002
1998-05-01,1998,5,15.03
1998-05-01,1998,5,14.077
1998-05-01,1998,5,14.399
1998-06-01,1998,6,21.278
1998-06-01,1998,6,20.285000000000004
1998-06-01,1998,6,18.282
1998-06-01,1998,6,19.753000000000004
1998-07-01,1998,7,22.703
1998-07-01,1998,7,20.122
1998-07-01,1998,7,18.461
1998-07-01,1998,7,21.932
1998-08-01,1998,8,21.357
1998-08-01,1998,8,18.203
1998-08-01,1998,8,17.142000000000003
1998-08-01,1998,8,21.563
1998-09-01,1998,9,16.479
1998-09-01,1998,9,14.124000000000002
1998-09-01,1998,9,13.354
1998-09-01,1998,9,17.459
1998-10-01,1998,10,9.924
1998-10-01,1998,10,7.531
1998-10-01,1998,10,7.650000000000002
1998-10-01,1998,10,13.208
1998-11-01,1998,11,0.0470000000000009
1998-11-01,1998,11,-3.839
1998-11-01,1998,11,-2.075
1998-11-01,1998,11,5.659
1998-12-01,1998,12,-4.783
1998-12-01,1998,12,-6.242000000000001
1998-12-01,1998,12,-4.376
1998-12-01,1998,12,0.3749999999999984
1999-01-01,1999,1,-1.0459999999999998
1999-01-01,1999,1,-2.644
1999-01-01,1999,1,-1.0789999999999995
1999-01-01,1999,1,3.137
1999-02-01,1999,2,0.4870000000000019
1999-02-01,1999,2,-2.002
1999-02-01,1999,2,-1.8130000000000004
1999-02-01,1999,2,3.203
1999-03-01,1999,3,4.724
1999-03-01,1999,3,2.9609999999999994
1999-03-01,1999,3,4.102999999999998
1999-03-01,1999,3,5.709000000000001
1999-04-01,1999,4,11.297
1999-04-01,1999,4,11.409
1999-04-01,1999,4,10.015999999999998
1999-04-01,1999,4,10.499000000000002
1999-05-01,1999,5,13.638
1999-05-01,1999,5,12.457999999999998
1999-05-01,1999,5,12.454999999999998
1999-05-01,1999,5,12.841
1999-06-01,1999,6,22.894
1999-06-01,1999,6,22.264
1999-06-01,1999,6,19.607
1999-06-01,1999,6,20.862
1999-07-01,1999,7,24.943
1999-07-01,1999,7,22.933
1999-07-01,1999,7,20.738
1999-07-01,1999,7,23.959
1999-08-01,1999,8,21.887999999999995
1999-08-01,1999,8,19.039
1999-08-01,1999,8,17.629
1999-08-01,1999,8,22.180000000000003
1999-09-01,1999,9,17.21
1999-09-01,1999,9,15.096
1999-09-01,1999,9,15.426
1999-09-01,1999,9,18.373
1999-10-01,1999,10,9.624
1999-10-01,1999,10,8.018
1999-10-01,1999,10,8.179
1999-10-01,1999,10,12.261
1999-11-01,1999,11,1.1979999999999988
1999-11-01,1999,11,-0.9699999999999992
1999-11-01,1999,11,1.2399999999999995
1999-11-01,1999,11,6.533
1999-12-01,1999,12,1.5170000000000017
1999-12-01,1999,12,-0.8900000000000001
1999-12-01,1999,12,-0.6149999999999997
1999-12-01,1999,12,6.563000000000001
2000-01-01,2000,1,-4.432999999999999
2000-01-01,2000,1,-5.483
2000-01-01,2000,1,-3.359999999999999
2000-01-01,2000,1,-0.3860000000000004
2000-02-01,2000,2,0.022
2000-02-01,2000,2,-0.6900000000000005
2000-02-01,2000,2,1.184
2000-02-01,2000,2,2.8189999999999986
2000-03-01,2000,3,3.314000000000002
2000-03-01,2000,3,1.6240000000000008
2000-03-01,2000,3,3.050999999999999
2000-03-01,2000,3,4.691999999999999
2000-04-01,2000,4,12.912
2000-04-01,2000,4,12.739
2000-04-01,2000,4,12.07
2000-04-01,2000,4,11.754
2000-05-01,2000,5,15.955
2000-05-01,2000,5,14.541
2000-05-01,2000,5,14.993999999999996
2000-05-01,2000,5,15.12
2000-06-01,2000,6,19.296
2000-06-01,2000,6,17.473
2000-06-01,2000,6,17.376
2000-06-01,2000,6,18.334
2000-07-01,2000,7,21.982
2000-07-01,2000,7,19.513
2000-07-01,2000,7,17.349999999999998
2000-07-01,2000,7,21.571
2000-08-01,2000,8,22.526000000000003
2000-08-01,2000,8,20.082
2000-08-01,2000,8,18.686
2000-08-01,2000,8,22.531
2000-09-01,2000,9,14.454
2000-09-01,2000,9,12.576
2000-09-01,2000,9,11.828
2000-09-01,2000,9,16.14
2000-10-01,2000,10,9.771
2000-10-01,2000,10,8.823
2000-10-01,2000,10,10.923
2000-10-01,2000,10,12.144
2000-11-01,2000,11,5.908
2000-11-01,2000,11,4.001
2000-11-01,2000,11,6.885000000000001
2000-11-01,2000,11,10.868
2000-12-01,2000,12,1.6199999999999983
2000-12-01,2000,12,0.6260000000000017
2000-12-01,2000,12,1.466000000000002
2000-12-01,2000,12,6.6240000000000006
2001-01-01,2001,1,0.445000000000001
2001-01-01,2001,1,-0.9380000000000008
2001-01-01,2001,1,-0.9880000000000008
2001-01-01,2001,1,4.175000000000001
2001-02-01,2001,2,-0.8799999999999998
2001-02-01,2001,2,-3.0340000000000007
2001-02-01,2001,2,-1.5520000000000007
2001-02-01,2001,2,2.5429999999999984
2001-03-01,2001,3,4.866999999999998
2001-03-01,2001,3,2.4350000000000014
2001-03-01,2001,3,2.899000000000002
2001-03-01,2001,3,6.514999999999998
2001-04-01,2001,4,11.113
2001-04-01,2001,4,10.868
2001-04-01,2001,4,9.241999999999996
2001-04-01,2001,4,10.011
2001-05-01,2001,5,14.416
2001-05-01,2001,5,13.74
2001-05-01,2001,5,14.205999999999998
2001-05-01,2001,5,13.580999999999998
2001-06-01,2001,6,18.219
2001-06-01,2001,6,16.936
2001-06-01,2001,6,15.324
2001-06-01,2001,6,16.968
2001-07-01,2001,7,25.766
2001-07-01,2001,7,24.359
2001-07-01,2001,7,21.079
2001-07-01,2001,7,24.69
2001-08-01,2001,8,23.186000000000003
2001-08-01,2001,8,20.687
2001-08-01,2001,8,19.353
2001-08-01,2001,8,23.56
2001-09-01,2001,9,16.529000000000003
2001-09-01,2001,9,13.895
2001-09-01,2001,9,12.866
2001-10-01,2001,10,10.364
2001-10-01,2001,10,8.457
2001-10-01,2001,10,10.588
2001-10-01,2001,10,13.127
2001-11-01,2001,11,3.6800000000000015
2001-11-01,2001,11,1.9860000000000015
2001-11-01,2001,11,1.6560000000000012
2001-11-01,2001,11,7.529
2001-12-01,2001,12,-5.83
2001-12-01,2001,12,-8.303
2001-12-01,2001,12,-6.656
2001-12-01,2001,12,-0.7230000000000005
2002-01-01,2002,1,-2.7640000000000007
2002-01-01,2002,1,-3.575
2002-01-01,2002,1,-2.153
2002-01-01,2002,1,1.023
2002-02-01,2002,2,3.782999999999998
2002-02-01,2002,2,2.9280000000000013
2002-02-01,2002,2,3.447
2002-02-01,2002,2,6.165999999999999
2002-03-01,2002,3,6.424000000000001
2002-03-01,2002,3,5.122
2002-03-01,2002,3,4.644999999999999
2002-03-01,2002,3,7.186000000000001
2002-04-01,2002,4,9.755
2002-04-01,2002,4,9.332999999999998
2002-04-01,2002,4,8.577000000000002
2002-04-01,2002,4,8.969
2002-05-01,2002,5,16.958000000000002
2002-05-01,2002,5,15.728000000000002
2002-05-01,2002,5,16.763
2002-05-01,2002,5,15.626
2002-06-01,2002,6,20.017000000000003
2002-06-01,2002,6,18.596000000000004
2002-06-01,2002,6,17.459999999999997
2002-06-01,2002,6,19.228
2002-07-01,2002,7,25.871
2002-07-01,2002,7,23.92
2002-07-01,2002,7,21.333
2002-07-01,2002,7,24.752
2002-08-01,2002,8,21.74
2002-08-01,2002,8,20.01
2002-08-01,2002,8,19.843
2002-08-01,2002,8,21.883
2002-09-01,2002,9,17.025999999999996
2002-09-01,2002,9,14.142
2002-09-01,2002,9,13.101
2002-09-01,2002,9,18.438
2002-10-01,2002,10,9.134000000000002
2002-10-01,2002,10,6.501
2002-10-01,2002,10,7.225
2002-10-01,2002,10,12.506999999999998
2002-11-01,2002,11,5.42
2002-11-01,2002,11,3.1840000000000006
2002-11-01,2002,11,4.749999999999998
2002-11-01,2002,11,10.130000000000004
2002-12-01,2002,12,-7.324
2002-12-01,2002,12,-9.391
2002-12-01,2002,12,-7.77
2002-12-01,2002,12,-1.3889999999999998
2003-01-01,2003,1,-3.8480000000000008
2003-01-01,2003,1,-4.683000000000001
2003-01-01,2003,1,-3.668999999999999
2003-01-01,2003,1,1.04
2003-02-01,2003,2,-6.790000000000001
2003-02-01,2003,2,-7.41
2003-02-01,2003,2,-6.87
2003-02-01,2003,2,-3.587000000000001
2003-03-01,2003,3,0.1010000000000014
2003-03-01,2003,3,-0.3059999999999994
2003-03-01,2003,3,1.3859999999999988
2003-03-01,2003,3,1.399
2003-04-01,2003,4,7.984999999999998
2003-04-01,2003,4,6.531999999999998
2003-04-01,2003,4,6.890000000000001
2003-04-01,2003,4,7.532999999999998
2003-05-01,2003,5,19.828
2003-05-01,2003,5,18.974
2003-05-01,2003,5,16.785
2003-05-01,2003,5,17.607
2003-06-01,2003,6,19.999
2003-06-01,2003,6,17.447000000000003
2003-06-01,2003,6,17.517
2003-06-01,2003,6,19.274999999999995
2003-07-01,2003,7,21.671000000000003
2003-07-01,2003,7,21.227
2003-07-01,2003,7,19.963000000000005
2003-07-01,2003,7,20.969999999999995
2003-08-01,2003,8,22.252
2003-08-01,2003,8,19.251999999999995
2003-08-01,2003,8,19.058
2003-08-01,2003,8,22.684
2003-09-01,2003,9,15.588
2003-09-01,2003,9,13.758
2003-09-01,2003,9,13.779
2003-09-01,2003,9,16.749000000000002
2003-10-01,2003,10,9.321
2003-10-01,2003,10,7.152000000000003
2003-10-01,2003,10,5.872999999999998
2003-10-01,2003,10,12.164
2003-11-01,2003,11,4.7780000000000005
2003-11-01,2003,11,3.0459999999999985
2003-11-01,2003,11,5.277000000000002
2003-11-01,2003,11,8.897
2003-12-01,2003,12,0.3590000000000002
2003-12-01,2003,12,-1.3999999999999997
2003-12-01,2003,12,0.2550000000000018
2003-12-01,2003,12,4.851
2004-01-01,2004,1,-2.0840000000000005
2004-01-01,2004,1,-4.292
2004-01-01,2004,1,-5.621
2004-01-01,2004,1,1.5920000000000003
2004-02-01,2004,2,-1.394
2004-02-01,2004,2,-3.220999999999999
2004-02-01,2004,2,-1.356999999999999
2004-02-01,2004,2,1.6909999999999985
2004-03-01,2004,3,5.196999999999999
2004-03-01,2004,3,3.746999999999999
2004-03-01,2004,3,2.789000000000001
2004-03-01,2004,3,5.943999999999999
2004-04-01,2004,4,10.039
2004-04-01,2004,4,8.579
2004-04-01,2004,4,8.335
2004-04-01,2004,4,9.695
2004-05-01,2004,5,14.509
2004-05-01,2004,5,12.864999999999998
2004-05-01,2004,5,12.341
2004-05-01,2004,5,13.541000000000002
2004-06-01,2004,6,18.519
2004-06-01,2004,6,17.14
2004-06-01,2004,6,16.483999999999998
2004-06-01,2004,6,17.64
2004-07-01,2004,7,21.442
2004-07-01,2004,7,20.141
2004-07-01,2004,7,18.886
2004-07-01,2004,7,20.685
2004-08-01,2004,8,21.083
2004-08-01,2004,8,18.619000000000003
2004-08-01,2004,8,21.252
2004-09-01,2004,9,16.253
2004-09-01,2004,9,14.149
2004-09-01,2004,9,13.315
2004-09-01,2004,9,17.64
2004-10-01,2004,10,10.247000000000002
2004-10-01,2004,10,8.836999999999998
2004-10-01,2004,10,9.916
2004-10-01,2004,10,13.326
2004-11-01,2004,11,4.549999999999999
2004-11-01,2004,11,2.100999999999998
2004-11-01,2004,11,3.536999999999999
2004-11-01,2004,11,9.065
2004-12-01,2004,12,1.3539999999999983
2004-12-01,2004,12,-0.4250000000000003
2004-12-01,2004,12,0.6639999999999999
2004-12-01,2004,12,6.121
2005-01-01,2005,1,0.6289999999999986
2005-01-01,2005,1,-0.9809999999999992
2005-01-01,2005,1,-0.7479999999999996
2005-01-01,2005,1,4.5710000000000015
2005-02-01,2005,2,-3.2769999999999992
2005-02-01,2005,2,-5.751
2005-02-01,2005,2,-4.417000000000001
2005-02-01,2005,2,0.0280000000000018
2005-03-01,2005,3,0.3960000000000008
2005-03-01,2005,3,-2.4079999999999995
2005-03-01,2005,3,-0.3839999999999992
2005-03-01,2005,3,2.557999999999999
2005-04-01,2005,4,10.581
2005-04-01,2005,4,10.08
2005-04-01,2005,4,9.104
2005-04-01,2005,4,9.48
2005-05-01,2005,5,17.503
2005-05-01,2005,5,16.639
2005-05-01,2005,5,13.696
2005-05-01,2005,5,15.706
2005-06-01,2005,6,18.824
2005-06-01,2005,6,17.195
2005-06-01,2005,6,16.302000000000003
2005-06-01,2005,6,17.791999999999998
2005-07-01,2005,7,22.473000000000003
2005-07-01,2005,7,20.854
2005-07-01,2005,7,20.133
2005-07-01,2005,7,21.812
2005-08-01,2005,8,22.477
2005-08-01,2005,8,20.138
2005-08-01,2005,8,17.91
2005-08-01,2005,8,22.577
2005-09-01,2005,9,18.149
2005-09-01,2005,9,15.728999999999996
2005-09-01,2005,9,15.011
2005-09-01,2005,9,19.257
2005-10-01,2005,10,10.106000000000002
2005-10-01,2005,10,8.447
2005-10-01,2005,10,8.975000000000001
2005-10-01,2005,10,12.53
2005-11-01,2005,11,3.675000000000001
2005-11-01,2005,11,2.212
2005-11-01,2005,11,2.430999999999999
2005-11-01,2005,11,7.945999999999998
2005-12-01,2005,12,0.6199999999999998
2005-12-01,2005,12,-1.505
2005-12-01,2005,12,-0.9869999999999992
2005-12-01,2005,12,5.487000000000002
2006-01-01,2006,1,-7.671
2006-01-01,2006,1,-8.213000000000001
2006-01-01,2006,1,-8.276
2006-01-01,2006,1,-2.8240000000000007
2006-02-01,2006,2,-4.892
2006-02-01,2006,2,-7.385999999999999
2006-02-01,2006,2,-4.946999999999999
2006-02-01,2006,2,-1.0739999999999996
2006-03-01,2006,3,2.1449999999999982
2006-03-01,2006,3,-0.7000000000000008
2006-03-01,2006,3,-0.9990000000000008
2006-03-01,2006,3,3.922000000000002
2006-04-01,2006,4,10.047
2006-04-01,2006,4,8.970999999999997
2006-04-01,2006,4,9.134999999999998
2006-04-01,2006,4,9.426
2006-05-01,2006,5,15.176
2006-05-01,2006,5,14.273999999999996
2006-05-01,2006,5,13.768
2006-05-01,2006,5,14.052
2006-06-01,2006,6,20.216
2006-06-01,2006,6,18.549
2006-06-01,2006,6,17.116
2006-06-01,2006,6,19.038
2006-07-01,2006,7,21.760000000000005
2006-07-01,2006,7,20.39700000000001
2006-07-01,2006,7,21.075000000000003
2006-07-01,2006,7,21.134
2006-08-01,2006,8,22.91
2006-08-01,2006,8,20.048
2006-08-01,2006,8,18.32
2006-08-01,2006,8,22.964
2006-09-01,2006,9,17.03
2006-09-01,2006,9,15.046
2006-09-01,2006,9,15.303
2006-09-01,2006,9,18.164
2006-10-01,2006,10,10.749
2006-10-01,2006,10,9.041
2006-10-01,2006,10,9.924
2006-10-01,2006,10,13.512999999999998
2006-11-01,2006,11,4.154000000000002
2006-11-01,2006,11,2.767000000000001
2006-11-01,2006,11,4.998000000000001
2006-11-01,2006,11,8.567
2006-12-01,2006,12,2.0120000000000005
2006-12-01,2006,12,1.8200000000000016
2006-12-01,2006,12,2.2889999999999984
2006-12-01,2006,12,6.206
2007-01-01,2007,1,2.620000000000001
2007-01-01,2007,1,1.0489999999999986
2007-01-01,2007,1,2.269999999999999
2007-01-01,2007,1,6.668999999999999
2007-02-01,2007,2,-1.2569999999999997
2007-02-01,2007,2,-1.6630000000000007
2007-02-01,2007,2,2.2960000000000016
2007-03-01,2007,3,5.850999999999998
2007-03-01,2007,3,5.711000000000001
2007-03-01,2007,3,6.36
2007-03-01,2007,3,6.370000000000001
2007-04-01,2007,4,9.241999999999996
2007-04-01,2007,4,8.040999999999999
2007-04-01,2007,4,8.607000000000003
2007-04-01,2007,4,8.938
2007-05-01,2007,5,19.185
2007-05-01,2007,5,15.892999999999995
2007-05-01,2007,5,17.044
2007-06-01,2007,6,22.834000000000003
2007-06-01,2007,6,20.24
2007-06-01,2007,6,18.936
2007-06-01,2007,6,21.59
2007-07-01,2007,7,25.053
2007-07-01,2007,7,21.202
2007-07-01,2007,7,19.725
2007-07-01,2007,7,24.053
2007-08-01,2007,8,24.251999999999995
2007-08-01,2007,8,21.693
2007-08-01,2007,8,19.564
2007-08-01,2007,8,24.145
2007-09-01,2007,9,16.648
2007-09-01,2007,9,14.563
2007-09-01,2007,9,13.276
2007-09-01,2007,9,17.777
2007-10-01,2007,10,11.041000000000002
2007-10-01,2007,10,8.901
2007-10-01,2007,10,8.069
2007-10-01,2007,10,13.725
2007-11-01,2007,11,2.208999999999999
2007-11-01,2007,11,0.1949999999999995
2007-11-01,2007,11,0.8069999999999982
2007-11-01,2007,11,6.903000000000002
2007-12-01,2007,12,-0.3640000000000004
2007-12-01,2007,12,-0.9909999999999995
2007-12-01,2007,12,-1.7109999999999994
2007-12-01,2007,12,3.9610000000000016
2008-01-01,2008,1,-3.678
2008-01-01,2008,1,-3.734
2008-01-01,2008,1,-0.9390000000000004
2008-01-01,2008,1,0.7230000000000005
2008-02-01,2008,2,0.2840000000000013
2008-02-01,2008,2,-0.1820000000000002
2008-02-01,2008,2,1.7000000000000013
2008-02-01,2008,2,2.784999999999999
2008-03-01,2008,3,6.0630000000000015
2008-03-01,2008,3,4.437000000000001
2008-03-01,2008,3,3.7310000000000008
2008-03-01,2008,3,7.166999999999998
2008-04-01,2008,4,10.715
2008-04-01,2008,4,10.657999999999998
2008-04-01,2008,4,9.425000000000002
2008-04-01,2008,4,10.35
2008-05-01,2008,5,14.952000000000002
2008-05-01,2008,5,14.028
2008-05-01,2008,5,13.516
2008-05-01,2008,5,13.941999999999998
2008-06-01,2008,6,20.458
2008-06-01,2008,6,18.342
2008-06-01,2008,6,17.916000000000004
2008-06-01,2008,6,19.55
2008-07-01,2008,7,22.438
2008-07-01,2008,7,20.710000000000004
2008-07-01,2008,7,18.7
2008-07-01,2008,7,21.713
2008-08-01,2008,8,23.597
2008-08-01,2008,8,21.134
2008-08-01,2008,8,19.260000000000005
2008-08-01,2008,8,23.617
2008-09-01,2008,9,15.489
2008-09-01,2008,9,13.505
2008-09-01,2008,9,12.93
2008-09-01,2008,9,16.865
2008-10-01,2008,10,11.326
2008-10-01,2008,10,10.140999999999998
2008-10-01,2008,10,9.874000000000002
2008-10-01,2008,10,13.781
2008-11-01,2008,11,4.708000000000002
2008-11-01,2008,11,3.1060000000000008
2008-11-01,2008,11,4.366999999999999
2008-11-01,2008,11,9.113
2008-12-01,2008,12,-0.116
2008-12-01,2008,12,-1.286000000000001
2008-12-01,2008,12,0.3309999999999983
2008-12-01,2008,12,5.220000000000001
2009-01-01,2009,1,-2.7059999999999995
2009-01-01,2009,1,-4.193
2009-01-01,2009,1,-3.124000000000001
2009-01-01,2009,1,2.208999999999999
2009-02-01,2009,2,0.7559999999999987
2009-02-01,2009,2,-2.0589999999999997
2009-02-01,2009,2,-1.4399999999999993
2009-02-01,2009,2,3.4339999999999984
2009-03-01,2009,3,3.4800000000000018
2009-03-01,2009,3,1.961000000000001
2009-03-01,2009,3,1.5989999999999998
2009-03-01,2009,3,4.637999999999999
2009-04-01,2009,4,10.283
2009-04-01,2009,4,9.818000000000003
2009-04-01,2009,4,10.611999999999998
2009-04-01,2009,4,9.656999999999998
2009-05-01,2009,5,15.859
2009-05-01,2009,5,14.761999999999995
2009-05-01,2009,5,13.547
2009-05-01,2009,5,14.771999999999998
2009-06-01,2009,6,22.135000000000005
2009-06-01,2009,6,20.276
2009-06-01,2009,6,17.0
2009-06-01,2009,6,20.449
2009-07-01,2009,7,23.711
2009-07-01,2009,7,21.232000000000003
2009-07-01,2009,7,20.047
2009-07-01,2009,7,23.134
2009-08-01,2009,8,21.313
2009-08-01,2009,8,18.489999999999995
2009-08-01,2009,8,18.472
2009-08-01,2009,8,21.57
2009-09-01,2009,9,17.657
2009-09-01,2009,9,16.363999999999997
2009-09-01,2009,9,15.287999999999998
2009-09-01,2009,9,18.646
2009-10-01,2009,10,11.168
2009-10-01,2009,10,8.462
2009-10-01,2009,10,7.554999999999997
2009-10-01,2009,10,14.117
2009-11-01,2009,11,5.728999999999998
2009-11-01,2009,11,4.498999999999999
2009-11-01,2009,11,5.206999999999999
2009-11-01,2009,11,9.905
2009-12-01,2009,12,-1.0550000000000006
2009-12-01,2009,12,-3.775000000000001
2009-12-01,2009,12,-1.9869999999999997
2009-12-01,2009,12,4.468
2010-01-01,2010,1,-5.8020000000000005
2010-01-01,2010,1,-9.967999999999998
2010-01-01,2010,1,-8.354
2010-01-01,2010,1,-0.4889999999999992
2010-02-01,2010,2,-1.8230000000000008
2010-02-01,2010,2,-3.733
2010-02-01,2010,2,-2.9520000000000004
2010-03-01,2010,3,2.4960000000000013
2010-03-01,2010,3,0.2529999999999985
2010-03-01,2010,3,2.854
2010-03-01,2010,3,4.1880000000000015
2010-04-01,2010,4,10.191999999999998
2010-04-01,2010,4,9.812
2010-04-01,2010,4,9.246999999999998
2010-04-01,2010,4,9.732
2010-05-01,2010,5,17.352
2010-05-01,2010,5,17.395
2010-05-01,2010,5,15.172
2010-05-01,2010,5,15.682
2010-06-01,2010,6,21.958
2010-06-01,2010,6,21.732
2010-06-01,2010,6,18.465
2010-06-01,2010,6,20.241000000000003
2010-07-01,2010,7,24.514000000000003
2010-07-01,2010,7,24.593
2010-07-01,2010,7,21.484
2010-07-01,2010,7,23.231
2010-08-01,2010,8,25.753
2010-08-01,2010,8,24.154
2010-08-01,2010,8,20.327
2010-08-01,2010,8,25.486
2010-09-01,2010,9,16.823999999999998
2010-09-01,2010,9,14.603999999999996
2010-09-01,2010,9,12.622
2010-09-01,2010,9,18.207
2010-10-01,2010,10,7.166
2010-10-01,2010,10,5.711000000000001
2010-10-01,2010,10,5.318000000000001
2010-10-01,2010,10,10.172999999999998
2010-11-01,2010,11,9.744
2010-11-01,2010,11,7.379999999999999
2010-11-01,2010,11,6.646000000000001
2010-11-01,2010,11,13.671
2010-12-01,2010,12,-0.8759999999999992
2010-12-01,2010,12,-4.353
2010-12-01,2010,12,-4.469
2010-12-01,2010,12,4.5470000000000015
2011-01-01,2011,1,-3.4560000000000004
2011-01-01,2011,1,-4.002000000000001
2011-01-01,2011,1,-1.7209999999999996
2011-01-01,2011,1,1.0079999999999996
2011-02-01,2011,2,-4.730999999999999
2011-02-01,2011,2,-7.263999999999999
2011-02-01,2011,2,-4.472
2011-02-01,2011,2,-1.1550000000000002
2011-03-01,2011,3,2.1270000000000007
2011-03-01,2011,3,0.2910000000000007
2011-03-01,2011,3,2.007
2011-03-01,2011,3,3.3659999999999988
2011-04-01,2011,4,9.517
2011-04-01,2011,4,9.267
2011-04-01,2011,4,9.827000000000002
2011-04-01,2011,4,8.555
2011-05-01,2011,5,16.762
2011-05-01,2011,5,16.412999999999997
2011-05-01,2011,5,14.396
2011-05-01,2011,5,14.79
2011-06-01,2011,6,21.138
2011-06-01,2011,6,20.571
2011-06-01,2011,6,18.761000000000003
2011-06-01,2011,6,19.386000000000003
2011-07-01,2011,7,23.814000000000004
2011-07-01,2011,7,22.082000000000004
2011-07-01,2011,7,19.272
2011-07-01,2011,7,22.797
2011-08-01,2011,8,21.563
2011-08-01,2011,8,19.289
2011-08-01,2011,8,19.021
2011-08-01,2011,8,21.880000000000003
2011-09-01,2011,9,17.625
2011-09-01,2011,9,14.869000000000003
2011-09-01,2011,9,15.361
2011-09-01,2011,9,19.287
2011-10-01,2011,10,8.499000000000002
2011-10-01,2011,10,6.929999999999998
2011-10-01,2011,10,7.358
2011-10-01,2011,10,11.256000000000002
2011-11-01,2011,11,1.7580000000000002
2011-11-01,2011,11,1.8159999999999996
2011-11-01,2011,11,2.1300000000000017
2011-11-01,2011,11,5.504999999999999
2011-12-01,2011,12,2.4320000000000004
2011-12-01,2011,12,1.4939999999999998
2011-12-01,2011,12,1.6710000000000018
2011-12-01,2011,12,6.812999999999999
2012-01-01,2012,1,-3.1950000000000007
2012-01-01,2012,1,-4.732000000000001
2012-01-01,2012,1,-2.971
2012-01-01,2012,1,1.1040000000000008
2012-02-01,2012,2,-8.606000000000002
2012-02-01,2012,2,-10.942
2012-02-01,2012,2,-8.876
2012-02-01,2012,2,-4.723000000000001
2012-03-01,2012,3,2.376000000000001
2012-03-01,2012,3,1.1950000000000018
2012-03-01,2012,3,4.041
2012-03-01,2012,3,3.816
2012-04-01,2012,4,12.776000000000002
2012-04-01,2012,4,11.645
2012-04-01,2012,4,9.486000000000002
2012-04-01,2012,4,11.685999999999998
2012-05-01,2012,5,19.835
2012-05-01,2012,5,18.102
2012-05-01,2012,5,15.678999999999998
2012-05-01,2012,5,17.933
2012-06-01,2012,6,22.836
2012-06-01,2012,6,19.8
2012-06-01,2012,6,17.916000000000004
2012-06-01,2012,6,21.319000000000003
2012-07-01,2012,7,25.674
2012-07-01,2012,7,23.147
2012-07-01,2012,7,21.64
2012-07-01,2012,7,24.707
2012-08-01,2012,8,23.086
2012-08-01,2012,8,20.33
2012-08-01,2012,8,19.106
2012-08-01,2012,8,23.133
2012-09-01,2012,9,18.323
2012-09-01,2012,9,15.819
2012-09-01,2012,9,15.234
2012-09-01,2012,9,19.437
2012-10-01,2012,10,12.864999999999998
2012-10-01,2012,10,9.556
2012-10-01,2012,10,15.887999999999998
2012-11-01,2012,11,5.623000000000001
2012-11-01,2012,11,4.193000000000001
2012-11-01,2012,11,5.254
2012-11-01,2012,11,9.944
2012-12-01,2012,12,-2.8470000000000004
2012-12-01,2012,12,-5.338
2012-12-01,2012,12,-4.357000000000001
2012-12-01,2012,12,2.7250000000000005
2013-01-01,2013,1,-2.0400000000000005
2013-01-01,2013,1,-4.874
2013-01-01,2013,1,-4.068
2013-01-01,2013,1,2.417
2013-02-01,2013,2,1.233
2013-02-01,2013,2,-0.9089999999999994
2013-02-01,2013,2,-0.8099999999999992
2013-02-01,2013,2,4.017999999999999
2013-03-01,2013,3,1.932999999999999
2013-03-01,2013,3,-2.042
2013-03-01,2013,3,-1.871
2013-03-01,2013,3,3.778000000000002
2013-04-01,2013,4,11.431
2013-04-01,2013,4,9.827000000000002
2013-04-01,2013,4,8.841999999999999
2013-04-01,2013,4,10.808
2013-05-01,2013,5,19.732000000000003
2013-05-01,2013,5,19.0
2013-05-01,2013,5,16.129
2013-05-01,2013,5,18.000000000000004
2013-06-01,2013,6,22.232000000000003
2013-06-01,2013,6,21.222
2013-06-01,2013,6,18.893000000000004
2013-06-01,2013,6,20.603
2013-07-01,2013,7,22.472
2013-07-01,2013,7,20.483
2013-07-01,2013,7,19.158
2013-07-01,2013,7,21.84
2013-08-01,2013,8,22.861
2013-08-01,2013,8,19.944
2013-08-01,2013,8,19.168
2013-08-01,2013,8,23.237
